project_id,project_type,state,district,land_area_acres,affected_families,villages_affected,legal_disputes,ownership_conflicts,pending_court_cases,documentation_completion_pct,missing_documents,compensation_completion_pct,compensation_pending_cases,average_compensation_delay_days,rehabilitation_completion_pct,resettlement_completion_pct,affected_families_rehabilitated,pending_approvals,approval_delay_days,stakeholder_response_delay_days,current_stage,days_in_current_stage,possession_completion_pct,historical_delay_rate,days_remaining_to_target,previous_stage_delay_days,delay_flag,actual_delay_days
BG-42-000001,Industrial Corridor,Tamil Nadu,Chennai,268.47,598,9,1,10,4,88.17,6,70.52,109,21,61.95,54.04,344,1,17,316,Rehabilitation & Resettlement,55,78.93,0.4511,160,104,1,290
BG-42-000002,Industrial Corridor,Karnataka,Belagavi,351.21,464,11,3,6,1,48.22,6,15.88,339,76,32.8,18.46,148,5,100,203,Award,169,32.6,0.6564,179,76,1,442
BG-42-000003,Highway,Rajasthan,Kota,111.54,266,5,1,1,1,85.45,3,69.71,72,44,80.69,75.69,205,2,53,239,Rehabilitation & Resettlement,109,86.4,0.4649,82,29,0,0
BG-42-000004,Highway,Gujarat,Vadodara,32.07,95,3,1,2,1,74.9,3,88.1,11,6,100.0,100.0,89,1,28,134,Compensation,72,100.0,0.571,211,71,0,0
BG-42-000005,Railway,Tamil Nadu,Madurai,353.55,736,10,0,10,2,77.75,7,7.48,584,84,7.47,8.14,49,1,36,327,Survey,35,33.19,0.4377,397,69,1,275
BG-42-000006,Highway,Telangana,Hyderabad,37.92,99,6,1,0,0,95.16,0,100.0,0,0,100.0,92.41,92,1,49,74,Possession,81,100.0,0.5017,41,34,0,0
BG-42-000007,Railway,Gujarat,Surat,112.21,96,5,0,4,2,84.35,4,85.45,10,19,75.71,76.65,64,4,43,95,Rehabilitation & Resettlement,61,100.0,0.5812,295,48,1,59
BG-42-000008,Irrigation,Karnataka,Mysuru,69.73,173,4,1,2,2,80.33,2,66.77,47,22,80.43,72.81,129,5,107,157,Rehabilitation & Resettlement,115,100.0,0.535,139,28,0,0
BG-42-000009,Highway,Madhya Pradesh,Gwalior,60.67,86,5,0,1,0,65.25,3,0.0,63,83,0.0,0.0,0,2,36,50,Survey,29,0.0,0.1035,286,26,1,96
BG-42-000010,Railway,Maharashtra,Nagpur,157.82,165,6,0,1,1,98.75,0,44.16,79,75,70.07,79.64,112,1,18,111,Award,127,85.66,0.1944,199,14,0,0
BG-42-000011,Industrial Corridor,Gujarat,Vadodara,104.12,130,6,1,4,2,90.76,0,14.77,62,64,15.9,23.26,20,3,46,141,Award,92,51.73,0.427,7,69,1,321
BG-42-000012,Metro,Uttar Pradesh,Varanasi,129.1,281,5,2,3,1,92.5,2,67.26,73,25,87.3,77.9,244,0,0,227,Possession,103,82.34,0.5176,182,75,0,0
BG-42-000013,Highway,Gujarat,Surat,44.59,171,6,1,5,2,78.87,1,71.92,32,37,81.44,83.5,132,1,55,159,Compensation,73,100.0,0.4985,146,44,0,0
BG-42-000014,Highway,Telangana,Karimnagar,74.5,95,6,1,2,1,91.56,1,84.84,11,16,66.92,54.0,61,3,49,91,Rehabilitation & Resettlement,56,98.89,0.7574,116,52,0,0
BG-42-000015,Irrigation,Gujarat,Vadodara,46.26,110,6,1,5,2,93.52,2,49.58,50,103,24.67,34.24,25,3,31,141,Award,82,60.7,0.6722,161,64,1,176
BG-42-000016,Highway,Gujarat,Rajkot,73.02,61,2,1,1,2,76.11,4,0.0,49,62,1.75,4.88,1,2,55,100,Survey,48,0.0,0.2452,276,33,1,260
BG-42-000017,Industrial Corridor,Telangana,Nizamabad,77.87,48,3,1,4,1,78.68,6,72.3,10,32,68.49,68.19,31,2,20,82,Compensation,93,100.0,0.2059,248,42,0,0
BG-42-000018,Power Transmission,Gujarat,Vadodara,374.44,264,11,2,6,2,54.62,4,0.0,178,142,0.0,0.0,0,3,50,146,Notification,80,0.0,0.5157,279,69,1,246
BG-42-000019,Highway,Telangana,Hyderabad,69.58,136,4,0,1,1,93.33,2,87.41,16,20,69.54,76.2,85,0,10,127,Rehabilitation & Resettlement,38,73.77,0.3035,199,17,0,0
BG-42-000020,Industrial Corridor,Uttar Pradesh,Varanasi,15.64,31,2,0,2,1,69.61,2,71.85,5,33,81.15,81.78,23,1,0,59,Compensation,106,92.7,0.182,57,99,0,0
BG-42-000021,Highway,Karnataka,Bengaluru Urban,261.41,319,8,1,5,1,79.02,3,63.4,73,12,74.19,76.32,224,2,52,187,Rehabilitation & Resettlement,214,98.83,0.2815,7,102,1,220
BG-42-000022,Railway,Karnataka,Belagavi,122.66,72,7,0,2,1,98.52,0,50.71,32,38,61.06,68.46,39,0,13,16,Objections,160,84.93,0.0533,146,16,0,0
BG-42-000023,Railway,Rajasthan,Kota,77.11,138,5,0,4,1,100.0,4,92.91,8,12,100.0,100.0,127,0,0,153,Possession,76,100.0,0.3682,290,55,0,0
BG-42-000024,Irrigation,Rajasthan,Kota,60.35,113,5,0,4,3,100.0,2,100.0,0,0,78.73,66.76,85,6,121,100,Possession,116,100.0,0.3506,147,77,1,162
BG-42-000025,Highway,Maharashtra,Nashik,40.14,54,5,0,3,0,99.37,2,96.12,2,25,86.16,93.19,43,0,0,28,Rehabilitation & Resettlement,46,74.93,0.3197,183,32,0,0
BG-42-000026,Highway,Karnataka,Bengaluru Urban,403.61,737,10,0,10,4,64.44,5,0.0,636,66,0.0,0.0,0,2,0,359,Survey,46,0.0,0.2066,349,66,1,317
BG-42-000027,Irrigation,Madhya Pradesh,Jabalpur,89.25,177,7,1,6,1,58.01,4,72.61,45,54,54.4,49.89,87,2,33,145,Award,70,56.88,0.3759,95,74,1,163
BG-42-000028,Highway,Gujarat,Vadodara,21.32,41,4,1,4,0,72.22,3,8.54,33,49,0.0,0.0,0,2,28,86,Notification,105,0.0,0.2332,299,53,1,281
BG-42-000029,Irrigation,Telangana,Warangal,111.3,105,6,1,2,1,93.85,1,3.51,72,98,0.0,0.0,0,2,45,118,Survey,121,0.0,0.7333,501,28,0,0
BG-42-000030,Industrial Corridor,Karnataka,Belagavi,224.74,467,9,0,4,2,71.69,5,44.26,229,66,60.32,52.08,259,3,32,233,Compensation,79,59.54,0.5835,77,36,0,0
BG-42-000031,Industrial Corridor,Maharashtra,Thane,97.04,179,6,0,2,3,94.95,0,100.0,0,0,78.03,67.23,137,5,67,148,Rehabilitation & Resettlement,63,89.19,0.221,346,68,0,0
BG-42-000032,Power Transmission,Tamil Nadu,Madurai,41.63,64,3,0,1,0,98.11,3,100.0,0,20,100.0,89.61,58,0,21,93,Possession,65,100.0,0.4626,7,45,0,0
BG-42-000033,Industrial Corridor,Telangana,Hyderabad,38.75,106,4,2,4,1,67.1,4,0.0,98,92,0.0,0.0,0,3,55,173,Objections,109,12.31,0.6908,357,70,0,0
BG-42-000034,Highway,Rajasthan,Udaipur,41.11,48,5,0,2,0,80.35,1,64.95,12,13,43.11,47.48,19,3,29,65,Award,89,68.82,0.519,425,27,0,0
BG-42-000035,Irrigation,Telangana,Warangal,289.26,526,8,1,5,2,62.56,6,55.02,154,27,58.1,71.14,277,2,42,240,Award,88,63.46,0.4462,254,61,1,257
BG-42-000036,Irrigation,Uttar Pradesh,Varanasi,80.86,173,5,2,4,0,73.97,5,0.0,160,93,0.0,2.45,0,3,50,125,Survey,70,14.99,0.6937,505,65,0,0
BG-42-000037,Irrigation,Uttar Pradesh,Agra,22.35,79,2,2,4,0,64.77,2,0.0,65,98,0.0,11.47,0,2,57,189,Survey,100,0.0,0.2605,323,56,1,332
BG-42-000038,Industrial Corridor,Rajasthan,Jodhpur,116.43,260,3,0,6,2,90.25,6,22.58,179,79,29.52,18.02,75,3,26,328,Award,59,32.46,0.5907,8,60,1,250
BG-42-000039,Metro,Madhya Pradesh,Jabalpur,95.85,138,5,1,3,1,77.18,2,0.02,100,88,10.29,22.4,13,2,33,127,Survey,150,0.0,0.318,276,52,1,320
BG-42-000040,Metro,Uttar Pradesh,Lucknow,59.79,117,5,0,0,0,84.17,1,100.0,0,17,71.65,67.12,74,3,51,95,Compensation,44,100.0,0.1302,38,39,0,0
BG-42-000041,Highway,Rajasthan,Udaipur,37.85,33,3,0,1,1,75.91,1,63.31,11,38,67.51,83.28,21,0,15,44,Award,85,85.72,0.5268,342,15,0,0
BG-42-000042,Metro,Madhya Pradesh,Bhopal,36.56,53,6,2,2,2,83.36,2,60.76,17,47,30.04,20.29,14,4,87,30,Rehabilitation & Resettlement,141,55.92,0.6478,187,59,1,270
BG-42-000043,Industrial Corridor,Tamil Nadu,Madurai,204.24,316,6,0,3,1,92.54,0,73.58,75,3,91.78,98.35,266,3,32,184,Compensation,50,100.0,0.4965,82,69,0,0
BG-42-000044,Industrial Corridor,Telangana,Warangal,104.38,226,7,0,5,1,84.65,4,9.68,187,59,22.0,10.4,44,1,0,151,Objections,58,17.46,0.3072,204,38,1,184
BG-42-000045,Railway,Rajasthan,Jaipur,125.58,258,7,1,6,2,76.81,4,86.6,27,23,78.9,67.85,200,3,82,191,Rehabilitation & Resettlement,103,100.0,0.4327,7,62,1,160
BG-42-000046,Metro,Madhya Pradesh,Indore,104.15,200,9,3,3,5,79.22,2,55.31,84,66,47.46,63.32,85,5,72,81,Rehabilitation & Resettlement,119,95.73,0.728,340,61,1,251
BG-42-000047,Industrial Corridor,Uttar Pradesh,Agra,111.29,102,7,2,2,3,81.14,4,6.45,83,112,0.0,0.0,0,2,36,113,Award,68,24.13,0.1898,181,46,1,244
BG-42-000048,Railway,Gujarat,Ahmedabad,58.87,23,3,2,3,2,61.07,5,1.57,15,104,11.89,11.88,3,6,103,69,Objections,185,24.36,0.2122,187,80,1,347
BG-42-000049,Irrigation,Tamil Nadu,Coimbatore,72.63,141,7,1,2,2,82.23,2,91.88,9,30,41.11,29.73,57,2,42,98,Compensation,48,58.47,0.1763,174,43,0,0
BG-42-000050,Industrial Corridor,Gujarat,Ahmedabad,217.44,346,10,1,4,2,70.75,7,0.0,260,108,37.3,35.58,115,2,43,155,Survey,57,33.07,0.4658,282,46,1,287
BG-42-000051,Highway,Tamil Nadu,Chennai,265.52,466,6,1,8,0,62.42,5,5.31,309,82,10.55,24.81,47,4,46,336,Survey,79,0.0,0.4395,356,87,1,355
BG-42-000052,Highway,Rajasthan,Jaipur,32.21,117,5,0,2,0,84.94,2,41.64,52,69,21.03,21.3,24,1,8,109,Notification,21,45.36,0.0,244,19,1,184
BG-42-000053,Industrial Corridor,Telangana,Nizamabad,72.49,190,6,2,5,2,80.82,6,95.92,7,31,67.67,61.4,128,2,50,158,Rehabilitation & Resettlement,71,69.19,0.5106,231,135,1,322
BG-42-000054,Railway,Uttar Pradesh,Agra,167.57,225,7,1,5,0,92.82,5,61.01,69,55,64.83,59.68,132,0,28,184,Compensation,35,62.14,0.1802,130,94,0,0
BG-42-000055,Power Transmission,Uttar Pradesh,Varanasi,385.93,639,7,0,9,4,95.95,2,49.05,298,50,40.52,37.54,250,3,29,414,Compensation,85,81.57,0.2487,209,83,1,239
BG-42-000056,Highway,Tamil Nadu,Salem,356.23,850,9,2,17,4,86.94,8,75.61,164,44,91.37,89.75,771,2,42,475,Rehabilitation & Resettlement,122,100.0,0.2939,295,136,1,332
BG-42-000057,Highway,Gujarat,Vadodara,45.3,106,4,1,5,0,87.22,5,67.84,24,39,54.79,56.02,56,1,24,124,Award,108,69.05,0.2174,212,54,0,0
BG-42-000058,Railway,Rajasthan,Jodhpur,237.47,520,10,1,9,3,81.32,5,47.3,233,25,49.45,53.83,229,1,20,241,Compensation,46,62.93,0.3402,269,93,0,0
BG-42-000059,Power Transmission,Rajasthan,Udaipur,89.74,69,6,1,1,0,70.02,3,14.67,37,104,1.24,0.0,1,3,30,53,Survey,66,11.97,0.268,392,65,0,0
BG-42-000060,Irrigation,Maharashtra,Pune,197.46,414,7,2,6,0,66.33,5,27.7,230,91,13.52,16.32,53,3,66,251,Survey,124,17.23,0.2525,236,62,1,335
BG-42-000061,Irrigation,Maharashtra,Nagpur,160.87,176,6,3,2,3,73.9,3,18.57,126,89,16.39,0.98,26,4,59,133,Compensation,131,36.08,0.4815,54,60,1,313
BG-42-000062,Metro,Maharashtra,Pune,31.15,38,4,0,2,0,92.31,0,26.92,25,78,8.53,8.11,3,1,36,90,Award,37,26.99,0.3099,93,13,1,157
BG-42-000063,Power Transmission,Telangana,Karimnagar,132.95,275,7,0,7,0,100.0,3,57.44,73,30,82.33,74.32,210,2,18,205,Compensation,129,77.84,0.2815,48,92,1,269
BG-42-000064,Highway,Telangana,Hyderabad,191.44,454,7,2,7,3,82.59,4,76.6,96,21,73.36,70.01,331,4,103,269,Rehabilitation & Resettlement,113,94.84,0.8777,92,77,1,277
BG-42-000065,Industrial Corridor,Maharashtra,Pune,84.26,80,6,2,5,2,69.09,4,23.01,49,70,37.89,40.02,29,4,78,70,Compensation,153,69.94,0.2831,258,75,0,0
BG-42-000066,Irrigation,Maharashtra,Nashik,70.31,196,5,0,2,0,78.12,3,45.56,67,46,73.65,82.66,138,0,0,151,Compensation,97,83.52,0.5445,299,22,0,0
BG-42-000067,Railway,Telangana,Nizamabad,24.35,48,1,0,3,2,81.93,1,100.0,0,6,93.18,88.98,44,2,31,197,Compensation,70,100.0,0.3927,236,74,0,0
BG-42-000068,Irrigation,Rajasthan,Jaipur,147.95,236,8,0,5,0,66.6,5,40.48,98,29,38.65,39.46,85,0,5,129,Objections,46,50.96,0.3435,230,71,0,0
BG-42-000069,Highway,Tamil Nadu,Coimbatore,101.19,196,7,2,3,2,90.6,5,0.0,141,60,0.0,0.0,0,1,30,125,Notification,64,5.57,0.5545,172,67,1,328
BG-42-000070,Highway,Rajasthan,Jodhpur,40.95,87,5,0,2,0,87.4,4,32.39,38,36,24.29,8.09,20,3,73,107,Award,56,62.17,0.3845,272,20,0,0
BG-42-000071,Metro,Karnataka,Belagavi,65.98,123,5,0,2,1,100.0,2,54.73,31,27,42.17,42.29,51,0,39,96,Survey,112,31.99,0.2282,289,53,0,0
BG-42-000072,Irrigation,Karnataka,Kalaburagi,96.89,210,6,3,5,5,83.49,4,31.0,106,98,0.0,14.32,0,1,35,163,Award,97,31.45,0.7403,254,86,0,0
BG-42-000073,Railway,Tamil Nadu,Madurai,54.77,102,6,1,1,2,89.78,0,54.7,43,12,81.51,87.1,82,1,54,87,Rehabilitation & Resettlement,81,100.0,0.4679,180,37,0,0
BG-42-000074,Power Transmission,Madhya Pradesh,Jabalpur,85.81,196,5,0,7,3,80.81,4,2.07,178,96,2.02,0.0,4,2,22,230,Objections,45,10.28,0.2982,155,50,1,309
BG-42-000075,Highway,Telangana,Warangal,21.12,70,5,2,2,0,77.56,4,19.76,42,61,6.79,1.48,4,3,38,84,Notification,110,0.0,0.3915,149,78,1,385
BG-42-000076,Power Transmission,Karnataka,Kalaburagi,252.03,496,7,2,11,0,67.64,7,10.76,403,79,0.0,0.0,0,1,51,310,Objections,74,0.0,0.3983,86,107,1,460
BG-42-000077,Industrial Corridor,Rajasthan,Jaipur,86.72,137,6,2,6,1,63.94,9,54.45,37,55,53.49,56.7,71,3,49,164,Objections,143,64.96,0.5275,143,56,1,349
BG-42-000078,Highway,Madhya Pradesh,Bhopal,35.53,60,4,0,2,1,86.04,0,49.52,27,46,51.57,50.13,31,2,43,60,Compensation,67,69.55,0.6597,190,44,0,0
BG-42-000079,Industrial Corridor,Madhya Pradesh,Bhopal,11.97,3,4,0,0,1,100.0,0,87.08,0,27,75.45,61.71,2,3,51,0,Compensation,93,100.0,0.6818,289,4,0,0
BG-42-000080,Industrial Corridor,Telangana,Warangal,195.06,392,6,3,4,3,81.22,2,81.35,42,0,86.9,90.38,321,1,31,231,Rehabilitation & Resettlement,123,100.0,0.5826,166,66,0,0
BG-42-000081,Metro,Karnataka,Mysuru,133.82,222,6,1,4,3,91.32,4,52.23,61,85,61.57,64.06,129,2,48,154,Compensation,93,88.94,0.2918,233,48,1,262
BG-42-000082,Highway,Karnataka,Kalaburagi,101.35,115,4,0,2,1,94.17,3,67.72,21,47,56.73,54.78,61,0,36,125,Award,95,68.93,0.346,297,52,0,0
BG-42-000083,Highway,Karnataka,Belagavi,170.87,396,6,2,3,2,81.68,1,59.59,109,35,71.71,71.45,274,0,18,227,Rehabilitation & Resettlement,74,100.0,0.3373,178,57,0,0
BG-42-000084,Irrigation,Karnataka,Mysuru,170.5,361,7,2,10,3,84.63,4,2.06,271,106,3.09,0.0,11,2,53,262,Survey,82,15.87,0.1723,361,104,0,0
BG-42-000085,Industrial Corridor,Karnataka,Bengaluru Urban,100.04,203,4,1,5,2,90.73,2,0.0,175,113,17.56,27.64,34,3,40,187,Notification,55,0.0,0.7568,369,88,0,0
BG-42-000086,Power Transmission,Tamil Nadu,Madurai,69.87,151,5,1,3,2,79.12,4,16.26,100,135,19.72,6.09,26,4,76,144,Survey,82,11.07,0.2622,305,43,1,303
BG-42-000087,Industrial Corridor,Rajasthan,Jodhpur,61.33,198,6,3,6,2,68.38,6,60.51,59,68,53.45,51.06,97,5,69,160,Rehabilitation & Resettlement,171,100.0,0.4514,186,96,0,0
BG-42-000088,Power Transmission,Uttar Pradesh,Agra,119.91,186,6,3,2,4,58.09,2,19.48,97,81,24.42,22.59,43,6,107,130,Award,124,50.13,0.4002,158,89,0,0
BG-42-000089,Highway,Uttar Pradesh,Kanpur Nagar,261.81,283,9,3,1,2,83.2,2,0.0,224,96,17.1,12.05,43,2,39,107,Survey,121,9.37,0.2597,330,70,1,294
BG-42-000090,Metro,Karnataka,Belagavi,78.86,137,4,1,1,0,96.48,1,36.58,82,40,27.51,26.04,36,2,33,131,Award,106,73.99,0.4732,169,38,1,218
BG-42-000091,Industrial Corridor,Karnataka,Kalaburagi,278.99,688,9,2,11,6,71.09,7,4.29,609,113,0.0,0.0,0,2,13,341,Survey,80,9.73,0.2046,76,99,1,415
BG-42-000092,Highway,Madhya Pradesh,Indore,115.41,223,6,0,6,2,92.25,4,56.61,68,49,56.51,50.03,125,2,13,159,Compensation,119,76.27,0.1243,7,55,1,272
BG-42-000093,Highway,Rajasthan,Jodhpur,116.11,82,6,1,4,1,100.0,2,29.38,43,77,34.98,25.23,29,3,24,88,Award,59,60.06,0.2562,310,52,0,0
BG-42-000094,Industrial Corridor,Karnataka,Belagavi,586.45,1251,12,1,19,9,82.4,10,20.34,714,80,0.43,0.0,5,2,29,500,Award,100,21.46,0.1998,261,140,1,422
BG-42-000095,Power Transmission,Telangana,Warangal,321.23,611,9,1,4,2,79.36,5,36.58,301,15,42.9,52.26,248,4,69,231,Objections,119,44.77,0.385,185,59,1,222
BG-42-000096,Industrial Corridor,Telangana,Hyderabad,327.96,471,9,2,5,1,66.48,7,57.62,143,32,70.54,72.74,320,5,66,201,Compensation,96,79.53,0.3665,224,81,1,305
BG-42-000097,Highway,Madhya Pradesh,Indore,45.24,139,3,3,2,1,95.62,1,35.27,57,21,14.86,2.74,19,4,56,196,Objections,121,56.17,0.4826,155,42,1,326
BG-42-000098,Irrigation,Karnataka,Bengaluru Urban,494.6,927,12,0,17,4,74.63,10,0.0,585,93,0.0,0.0,0,1,8,414,Notification,19,0.0,0.8458,167,139,1,428
BG-42-000099,Highway,Gujarat,Vadodara,80.18,165,4,3,2,1,82.81,3,12.48,127,78,24.53,22.31,40,4,82,162,Survey,134,14.88,0.2823,333,63,1,341
BG-42-000100,Highway,Madhya Pradesh,Bhopal,71.38,235,5,0,4,2,80.97,3,89.36,19,12,88.15,80.84,197,3,19,239,Possession,61,100.0,0.2167,52,49,1,184
BG-42-000101,Irrigation,Telangana,Warangal,15.22,110,6,2,2,0,99.35,2,69.49,20,35,92.73,87.09,91,0,15,76,Possession,43,100.0,0.529,120,54,0,0
BG-42-000102,Power Transmission,Karnataka,Kalaburagi,111.17,271,7,0,2,0,81.01,3,65.95,71,66,38.15,46.5,103,2,57,131,Compensation,44,76.59,0.4577,97,40,0,0
BG-42-000103,Irrigation,Madhya Pradesh,Jabalpur,35.99,112,5,2,5,4,50.72,7,9.81,83,77,13.48,0.0,15,1,27,107,Objections,55,1.94,0.595,139,115,1,354
BG-42-000104,Power Transmission,Uttar Pradesh,Varanasi,118.7,324,7,0,3,0,88.32,3,80.87,38,12,64.61,66.0,208,3,58,207,Possession,73,100.0,0.2029,349,24,0,0
BG-42-000105,Industrial Corridor,Uttar Pradesh,Varanasi,33.81,157,4,0,4,2,99.83,2,71.63,42,10,59.86,43.36,85,3,24,135,Rehabilitation & Resettlement,60,97.56,0.2378,272,96,0,0
BG-42-000106,Railway,Rajasthan,Jodhpur,360.74,752,9,1,15,2,70.15,10,94.39,26,0,97.14,97.5,679,5,102,395,Rehabilitation & Resettlement,95,100.0,0.3884,374,155,0,0
BG-42-000107,Railway,Telangana,Nizamabad,133.12,255,6,1,2,0,89.56,3,41.49,113,50,36.32,27.42,86,3,11,154,Award,125,46.64,0.5175,184,37,1,162
BG-42-000108,Irrigation,Maharashtra,Pune,530.54,1134,12,2,7,4,78.91,8,41.41,374,53,40.8,43.94,413,3,14,349,Objections,98,27.01,0.7557,92,69,1,318
BG-42-000109,Power Transmission,Rajasthan,Kota,37.77,33,5,0,4,0,72.81,1,7.62,27,84,24.0,37.71,7,7,99,44,Survey,80,17.66,0.4477,178,37,1,350
BG-42-000110,Railway,Telangana,Nizamabad,295.7,384,10,1,0,0,100.0,1,71.32,66,3,96.84,94.41,366,1,22,154,Possession,53,100.0,0.1913,7,20,0,0
BG-42-000111,Railway,Rajasthan,Udaipur,20.24,5,5,0,1,0,83.88,3,39.08,3,32,99.02,100.0,4,0,9,0,Award,66,91.62,0.2252,144,22,0,0
BG-42-000112,Railway,Tamil Nadu,Salem,101.14,223,6,0,5,0,59.65,9,11.82,132,81,0.0,3.54,0,2,19,135,Survey,132,0.0,0.3624,259,57,1,204
BG-42-000113,Railway,Maharashtra,Pune,51.66,49,5,1,1,1,77.23,1,42.8,21,33,27.46,29.14,13,2,50,46,Objections,53,39.7,0.6178,366,26,0,0
BG-42-000114,Power Transmission,Rajasthan,Jodhpur,59.84,76,3,2,1,1,84.29,2,49.11,33,54,63.44,53.06,48,2,19,54,Compensation,94,81.19,0.4862,375,30,0,0
BG-42-000115,Highway,Gujarat,Vadodara,56.64,60,8,2,2,3,73.16,2,0.0,56,99,2.42,9.3,1,2,65,73,Survey,75,6.63,0.2564,204,67,0,0
BG-42-000116,Metro,Rajasthan,Jodhpur,41.19,52,4,0,1,0,100.0,3,70.94,9,24,99.56,100.0,50,1,57,46,Rehabilitation & Resettlement,86,100.0,0.1682,7,14,0,0
BG-42-000117,Irrigation,Madhya Pradesh,Jabalpur,31.26,94,5,0,5,3,79.21,3,57.81,35,33,69.76,59.43,61,2,0,100,Rehabilitation & Resettlement,135,83.55,0.2676,20,60,0,0
BG-42-000118,Metro,Rajasthan,Udaipur,60.1,159,4,0,8,4,78.0,5,55.58,45,43,70.23,60.88,102,3,56,205,Rehabilitation & Resettlement,80,83.83,0.5473,153,68,1,335
BG-42-000119,Metro,Rajasthan,Jodhpur,93.96,234,5,1,4,1,84.86,1,33.48,89,47,23.01,16.58,50,3,85,210,Award,59,40.16,0.1941,7,61,1,306
BG-42-000120,Railway,Maharashtra,Thane,217.23,367,8,1,4,3,100.0,0,58.65,135,77,57.53,48.59,190,2,45,181,Compensation,134,56.15,0.0753,82,46,0,0
BG-42-000121,Highway,Rajasthan,Udaipur,108.45,231,5,0,5,2,100.0,2,69.31,48,16,85.54,82.42,196,1,11,154,Compensation,30,82.23,0.2195,43,72,0,0
BG-42-000122,Highway,Karnataka,Kalaburagi,217.72,250,5,1,7,3,88.9,4,40.7,130,75,46.36,48.97,112,3,35,215,Compensation,104,73.37,0.3366,71,90,1,344
BG-42-000123,Highway,Gujarat,Ahmedabad,26.24,53,5,1,4,3,69.57,4,0.0,48,103,0.0,0.0,0,4,69,88,Notification,108,0.0,0.4177,370,44,1,323
BG-42-000124,Highway,Karnataka,Mysuru,60.56,113,6,1,7,3,74.21,6,37.59,56,23,71.72,71.46,73,1,38,105,Award,58,76.9,0.2638,391,63,0,0
BG-42-000125,Highway,Madhya Pradesh,Bhopal,151.23,253,6,0,6,3,79.23,5,5.21,165,59,1.76,0.0,4,1,1,188,Notification,127,11.98,0.2593,310,73,0,0
BG-42-000126,Railway,Tamil Nadu,Chennai,112.68,117,7,0,3,0,85.51,1,20.27,57,75,9.87,16.2,11,2,47,87,Award,58,33.08,0.4645,7,22,1,207
BG-42-000127,Highway,Uttar Pradesh,Lucknow,42.99,23,5,1,0,2,91.05,1,5.54,13,125,27.7,32.74,6,4,66,3,Objections,91,29.28,0.3096,58,26,1,250
BG-42-000128,Irrigation,Karnataka,Mysuru,180.78,312,6,0,3,1,59.65,4,43.59,141,64,19.55,34.32,60,0,0,210,Survey,34,69.45,0.3969,400,138,1,307
BG-42-000129,Highway,Karnataka,Bengaluru Urban,55.98,63,5,1,2,1,80.9,2,3.92,45,111,8.33,0.0,5,1,36,50,Survey,110,20.06,0.4169,376,57,1,279
BG-42-000130,Railway,Madhya Pradesh,Indore,45.98,40,6,1,5,1,99.4,5,37.11,21,56,48.76,37.53,19,1,0,104,Compensation,58,76.54,0.6698,239,53,1,183
BG-42-000131,Irrigation,Tamil Nadu,Salem,126.41,212,5,1,5,2,76.5,5,44.05,69,84,48.3,35.76,100,2,30,210,Survey,89,38.15,0.5262,192,80,0,0
BG-42-000132,Highway,Rajasthan,Udaipur,86.05,215,6,0,5,1,93.88,4,100.0,0,27,100.0,100.0,204,1,42,166,Possession,16,100.0,0.2544,47,40,0,0
BG-42-000133,Metro,Madhya Pradesh,Gwalior,56.35,91,5,2,0,1,91.87,0,74.96,14,0,100.0,86.78,83,1,39,95,Compensation,88,78.39,0.2382,194,43,1,173
BG-42-000134,Power Transmission,Rajasthan,Jaipur,54.84,74,7,1,2,2,84.96,0,6.7,63,76,47.91,42.38,32,5,61,63,Objections,97,12.74,0.2975,479,58,1,260
BG-42-000135,Industrial Corridor,Maharashtra,Nagpur,36.39,23,5,0,1,1,83.06,3,73.38,4,14,57.73,43.1,13,3,56,35,Compensation,102,96.58,0.5306,122,53,0,0
BG-42-000136,Highway,Tamil Nadu,Madurai,62.39,89,4,2,3,1,85.98,4,0.49,50,75,0.36,0.0,0,6,85,116,Notification,161,0.0,0.3956,223,45,1,360
BG-42-000137,Power Transmission,Uttar Pradesh,Lucknow,206.44,395,7,3,12,3,80.55,6,100.0,0,24,73.18,72.96,278,2,71,304,Possession,117,83.6,0.3144,120,145,0,0
BG-42-000138,Industrial Corridor,Tamil Nadu,Salem,104.13,132,8,0,4,3,73.1,4,28.18,72,91,20.24,21.96,26,4,43,109,Award,46,35.23,0.4192,35,37,0,0
BG-42-000139,Railway,Karnataka,Mysuru,184.36,220,7,1,6,0,74.49,5,68.62,39,32,49.76,46.97,98,2,30,168,Rehabilitation & Resettlement,46,71.24,0.3963,202,62,1,253
BG-42-000140,Highway,Rajasthan,Udaipur,129.39,335,7,1,7,2,63.9,6,0.0,221,77,0.0,0.0,0,0,21,233,Notification,109,15.51,0.2902,287,74,1,390
BG-42-000141,Highway,Uttar Pradesh,Lucknow,52.47,141,4,1,3,0,75.65,3,22.67,85,77,32.33,34.39,40,2,64,184,Award,85,64.97,0.4134,66,46,1,273
BG-42-000142,Power Transmission,Tamil Nadu,Madurai,22.89,31,5,0,2,1,84.77,0,29.52,13,68,73.55,72.04,21,0,10,74,Award,53,58.72,0.703,62,21,0,0
BG-42-000143,Railway,Uttar Pradesh,Lucknow,40.79,5,6,1,1,1,89.01,4,73.3,1,37,83.59,81.98,4,2,47,0,Possession,53,100.0,0.2063,76,31,1,138
BG-42-000144,Highway,Tamil Nadu,Salem,50.05,167,5,0,1,1,90.31,1,58.71,60,15,43.84,34.79,66,1,20,123,Compensation,87,87.4,0.1387,165,9,0,0
BG-42-000145,Metro,Karnataka,Belagavi,47.05,45,4,0,2,0,69.21,5,50.76,19,67,39.58,40.78,17,2,56,57,Award,70,67.88,0.5727,252,66,0,0
BG-42-000146,Irrigation,Uttar Pradesh,Lucknow,187.69,459,7,2,7,4,70.14,2,15.02,246,54,16.48,21.14,74,5,51,248,Objections,132,21.58,0.4042,197,64,1,397
BG-42-000147,Highway,Madhya Pradesh,Bhopal,186.13,226,5,1,8,1,89.69,3,27.0,103,48,21.92,13.24,47,3,24,260,Objections,103,48.93,0.1988,92,62,1,283
BG-42-000148,Highway,Rajasthan,Jodhpur,502.45,1011,11,0,13,5,100.0,8,74.87,227,39,100.0,87.21,935,1,3,406,Compensation,52,100.0,0.4202,255,92,1,276
BG-42-000149,Railway,Rajasthan,Jaipur,46.48,63,5,1,1,0,62.6,3,33.05,35,87,13.89,17.87,9,0,31,73,Award,80,46.19,0.3696,302,67,1,260
BG-42-000150,Industrial Corridor,Madhya Pradesh,Bhopal,307.34,405,8,0,3,1,65.36,6,0.0,285,76,0.0,0.0,0,1,28,168,Notification,11,0.0,0.5329,287,30,0,0
BG-42-000151,Metro,Rajasthan,Udaipur,305.83,613,7,0,9,2,89.84,4,85.6,77,5,69.32,59.28,404,2,52,370,Rehabilitation & Resettlement,35,100.0,0.6467,122,59,0,0
BG-42-000152,Irrigation,Karnataka,Kalaburagi,71.11,221,5,1,3,2,84.58,2,100.0,0,0,100.0,91.89,219,0,22,171,Possession,40,100.0,0.1211,7,29,0,0
BG-42-000153,Highway,Uttar Pradesh,Varanasi,125.07,74,7,1,1,1,80.66,1,11.1,41,61,7.71,0.0,6,1,46,65,Survey,64,0.0,0.6088,290,51,0,0
BG-42-000154,Railway,Uttar Pradesh,Agra,231.04,218,9,3,2,2,72.45,4,36.61,110,60,19.17,23.04,38,4,86,105,Compensation,98,65.64,0.8379,7,57,1,325
BG-42-000155,Railway,Uttar Pradesh,Varanasi,81.68,169,4,0,2,1,100.0,0,10.49,119,60,8.8,16.04,14,0,19,179,Survey,80,21.07,0.3148,149,39,0,0
BG-42-000156,Railway,Karnataka,Bengaluru Urban,76.78,137,6,1,6,3,85.4,5,71.11,32,16,78.51,84.53,101,3,20,137,Compensation,69,87.68,0.2466,206,65,0,0
BG-42-000157,Metro,Maharashtra,Nagpur,51.84,63,4,0,1,1,77.88,4,71.05,15,22,40.83,31.34,25,3,68,54,Objections,56,74.73,0.2154,296,69,0,0
BG-42-000158,Power Transmission,Tamil Nadu,Chennai,12.96,43,4,0,1,0,93.97,1,85.16,4,19,85.71,95.64,33,0,10,33,Compensation,113,98.92,0.3375,123,81,0,0
BG-42-000159,Railway,Madhya Pradesh,Gwalior,90.59,126,4,0,9,0,76.02,6,69.98,25,42,70.17,57.89,87,3,67,206,Rehabilitation & Resettlement,72,64.59,0.73,89,63,1,196
BG-42-000160,Power Transmission,Gujarat,Surat,48.53,142,6,1,5,1,81.44,3,87.93,14,18,95.1,95.06,129,1,50,108,Rehabilitation & Resettlement,54,100.0,0.5409,120,87,0,0
BG-42-000161,Highway,Telangana,Hyderabad,36.22,76,6,3,2,0,61.84,7,18.93,58,84,28.95,28.44,21,3,69,62,Survey,138,8.62,0.5153,26,56,1,317
BG-42-000162,Industrial Corridor,Karnataka,Mysuru,120.03,248,6,2,6,3,80.39,4,44.24,100,55,46.09,56.22,101,2,35,172,Possession,110,55.91,0.3141,98,75,1,248
BG-42-000163,Railway,Uttar Pradesh,Varanasi,26.81,76,4,0,5,1,67.98,4,0.0,44,69,0.0,2.03,0,3,64,114,Objections,55,0.0,0.4738,250,37,0,0
BG-42-000164,Metro,Rajasthan,Udaipur,163.18,126,8,1,4,1,62.04,3,0.0,108,88,2.74,14.26,3,3,35,103,Notification,87,9.22,0.4345,191,98,1,320
BG-42-000165,Highway,Uttar Pradesh,Varanasi,126.08,240,5,2,4,5,81.99,2,37.42,108,74,58.92,49.96,126,5,88,195,Compensation,114,65.0,0.1515,7,53,1,228
BG-42-000166,Irrigation,Uttar Pradesh,Lucknow,62.17,84,4,0,0,0,81.26,1,48.19,28,55,24.97,29.82,20,1,0,36,Award,79,62.33,0.5852,90,37,1,166
BG-42-000167,Irrigation,Tamil Nadu,Salem,81.4,262,6,1,5,2,72.88,6,89.71,16,6,74.53,81.64,181,3,57,210,Rehabilitation & Resettlement,131,93.93,0.4284,126,44,0,0
BG-42-000168,Power Transmission,Maharashtra,Thane,33.04,68,7,1,0,0,100.0,0,95.29,3,11,99.03,100.0,65,2,55,28,Rehabilitation & Resettlement,140,100.0,0.1732,187,14,0,0
BG-42-000169,Irrigation,Telangana,Warangal,156.06,345,5,0,9,4,67.11,6,22.93,247,81,5.8,0.0,18,3,56,352,Objections,61,22.52,0.3591,311,80,1,312
BG-42-000170,Highway,Madhya Pradesh,Jabalpur,99.47,105,8,1,0,0,63.31,4,100.0,0,16,64.35,60.17,67,2,32,57,Possession,61,100.0,0.5261,144,63,0,0
BG-42-000171,Metro,Maharashtra,Thane,105.58,238,6,0,3,2,90.64,2,60.04,65,24,82.79,85.83,185,1,8,181,Objections,98,69.88,0.4275,272,43,0,0
BG-42-000172,Railway,Uttar Pradesh,Kanpur Nagar,127.93,230,6,0,4,1,95.59,1,100.0,0,0,87.6,91.78,178,1,33,126,Award,85,76.42,0.2506,319,65,0,0
BG-42-000173,Irrigation,Rajasthan,Jaipur,51.22,105,6,0,4,0,94.29,5,5.39,69,36,19.98,10.33,20,2,54,87,Objections,55,22.82,0.3057,364,33,1,197
BG-42-000174,Highway,Telangana,Hyderabad,25.4,59,6,1,2,0,93.05,1,80.23,7,50,80.27,69.19,45,1,0,68,Possession,220,100.0,0.5721,93,26,0,0
BG-42-000175,Highway,Madhya Pradesh,Jabalpur,184.17,201,8,0,5,0,51.4,6,0.0,176,126,0.0,8.18,0,3,40,132,Survey,91,0.0,0.6176,87,49,1,327
BG-42-000176,Industrial Corridor,Uttar Pradesh,Agra,148.56,218,8,0,2,3,98.65,2,35.2,120,70,21.12,27.03,41,3,45,81,Notification,128,27.93,0.1865,190,25,0,0
BG-42-000177,Highway,Gujarat,Vadodara,55.8,81,4,3,0,1,82.89,0,21.91,57,67,41.29,49.57,31,1,27,49,Award,62,67.63,0.2385,142,58,1,239
BG-42-000178,Power Transmission,Madhya Pradesh,Jabalpur,118.78,254,6,1,9,0,78.69,5,91.04,21,11,90.15,100.0,217,1,47,227,Possession,59,100.0,0.4227,94,124,0,0
BG-42-000179,Highway,Telangana,Warangal,234.25,544,6,1,5,0,100.0,1,78.25,102,16,68.83,68.12,348,3,56,347,Possession,113,100.0,0.6809,101,71,0,0
BG-42-000180,Industrial Corridor,Tamil Nadu,Coimbatore,212.93,217,7,2,3,3,88.3,0,65.19,62,37,51.23,36.84,104,1,35,94,Rehabilitation & Resettlement,129,92.91,0.4094,266,42,0,0
BG-42-000181,Irrigation,Telangana,Hyderabad,54.51,146,5,0,5,1,100.0,2,90.8,8,18,88.31,97.96,127,2,25,178,Possession,33,100.0,0.6157,161,32,0,0
BG-42-000182,Industrial Corridor,Uttar Pradesh,Kanpur Nagar,26.02,74,4,6,3,7,85.07,3,36.55,29,94,45.26,42.2,30,7,140,93,Possession,243,95.48,0.4169,65,114,1,566
BG-42-000183,Highway,Maharashtra,Nagpur,29.85,47,6,3,4,4,73.57,5,57.76,13,37,49.36,61.19,23,2,47,85,Award,106,51.58,0.9293,19,61,1,325
BG-42-000184,Highway,Telangana,Karimnagar,66.73,213,8,1,1,0,69.15,3,11.33,110,87,0.0,0.0,0,0,0,127,Objections,69,6.27,0.156,439,33,1,310
BG-42-000185,Highway,Telangana,Karimnagar,275.85,488,8,3,12,8,71.24,8,71.76,87,0,64.15,69.94,298,2,43,300,Rehabilitation & Resettlement,205,72.41,0.7727,364,124,1,349
BG-42-000186,Highway,Tamil Nadu,Salem,47.81,80,4,1,3,0,58.01,7,39.75,30,84,13.26,2.91,10,1,12,101,Compensation,70,51.42,0.2101,242,70,1,189
BG-42-000187,Industrial Corridor,Uttar Pradesh,Lucknow,53.14,39,6,2,0,0,81.88,1,53.7,17,27,56.68,66.65,21,3,56,17,Award,69,46.04,0.2111,169,31,0,0
BG-42-000188,Railway,Tamil Nadu,Salem,52.27,67,6,0,4,0,90.29,0,17.16,48,72,7.71,0.0,5,0,24,94,Survey,32,0.0,0.2731,97,31,0,0
BG-42-000189,Highway,Maharashtra,Pune,55.96,178,5,0,2,1,89.03,1,82.47,18,28,62.99,61.58,112,3,17,158,Rehabilitation & Resettlement,63,100.0,0.4164,125,18,0,0
BG-42-000190,Highway,Madhya Pradesh,Jabalpur,84.86,96,6,0,1,1,94.59,3,51.44,27,48,55.77,52.93,48,1,23,53,Objections,18,63.27,0.0815,54,11,0,0
BG-42-000191,Irrigation,Maharashtra,Thane,30.75,43,5,0,2,3,100.0,1,100.0,0,14,100.0,92.86,41,0,49,37,Possession,92,100.0,0.1507,65,38,0,0
BG-42-000192,Highway,Rajasthan,Udaipur,203.87,263,6,0,5,3,92.54,2,39.06,104,77,36.36,34.28,90,4,64,175,Objections,114,34.73,0.273,196,101,1,279
BG-42-000193,Railway,Maharashtra,Nagpur,76.26,120,4,0,0,1,80.65,3,0.0,109,74,4.81,0.0,5,1,24,116,Survey,29,6.97,0.2335,153,15,1,150
BG-42-000194,Metro,Gujarat,Surat,622.23,838,12,2,11,3,75.94,9,63.69,284,48,62.99,58.65,475,4,99,327,Rehabilitation & Resettlement,99,70.24,0.3497,233,111,0,0
BG-42-000195,Highway,Madhya Pradesh,Jabalpur,33.49,101,4,0,3,0,78.0,3,8.09,77,67,26.22,25.4,26,0,0,91,Survey,11,23.62,0.3105,153,49,0,0
BG-42-000196,Irrigation,Gujarat,Vadodara,305.48,400,9,0,5,2,100.0,3,43.75,152,70,50.08,41.25,188,1,50,205,Survey,82,35.89,0.3625,219,93,0,0
BG-42-000197,Highway,Rajasthan,Kota,260.62,567,8,0,14,2,70.59,11,70.04,150,26,57.47,54.63,299,6,65,341,Compensation,91,100.0,0.2812,399,122,1,335
BG-42-000198,Industrial Corridor,Telangana,Warangal,61.6,131,3,0,3,0,100.0,4,82.87,15,16,93.87,97.6,115,2,38,158,Possession,91,100.0,0.3276,175,21,0,0
BG-42-000199,Industrial Corridor,Madhya Pradesh,Indore,62.42,153,2,2,2,1,65.15,4,0.0,117,91,0.0,0.0,0,2,22,271,Survey,55,0.0,0.4559,372,34,1,310
BG-42-000200,Power Transmission,Telangana,Nizamabad,40.97,94,5,2,2,4,70.75,3,4.24,52,98,0.0,0.0,0,0,0,89,Objections,120,11.73,0.4003,163,63,1,298
BG-42-000201,Industrial Corridor,Karnataka,Bengaluru Urban,41.35,127,4,2,4,2,76.06,4,75.83,23,33,75.8,65.09,89,2,40,150,Rehabilitation & Resettlement,106,94.75,0.6277,14,86,1,253
BG-42-000202,Power Transmission,Rajasthan,Udaipur,85.59,214,5,1,8,0,86.19,1,52.7,67,46,41.63,52.66,86,3,53,227,Possession,178,88.67,0.3921,124,107,1,246
BG-42-000203,Railway,Telangana,Hyderabad,87.06,178,5,1,1,5,60.57,2,33.39,102,56,46.92,48.22,74,2,43,111,Award,49,57.94,0.3384,125,26,0,0
BG-42-000204,Metro,Tamil Nadu,Salem,23.76,50,3,3,0,6,80.17,2,0.0,40,95,10.82,0.0,5,5,113,78,Survey,141,4.36,0.2103,325,31,0,0
BG-42-000205,Industrial Corridor,Gujarat,Ahmedabad,536.36,1192,10,1,21,3,51.88,17,0.0,885,92,0.0,12.71,0,2,3,500,Notification,102,0.0,0.1197,299,174,1,483
BG-42-000206,Industrial Corridor,Maharashtra,Nagpur,69.57,148,6,1,0,0,100.0,0,44.5,67,73,40.82,41.71,57,2,34,100,Survey,171,65.6,0.2739,422,44,0,0
BG-42-000207,Metro,Madhya Pradesh,Indore,90.24,105,5,0,2,0,59.23,4,0.0,71,91,7.17,0.0,7,6,50,83,Survey,233,20.1,0.3452,262,52,1,388
BG-42-000208,Highway,Rajasthan,Kota,51.88,118,5,1,7,1,73.59,6,56.71,30,36,39.62,57.18,44,6,87,111,Compensation,71,49.17,0.4177,245,75,1,235
BG-42-000209,Highway,Gujarat,Surat,69.16,122,6,0,3,3,100.0,4,45.18,47,42,20.97,17.73,25,0,47,128,Survey,21,32.55,0.2768,373,21,0,0
BG-42-000210,Railway,Telangana,Karimnagar,64.31,181,5,3,2,5,88.94,1,46.97,76,91,54.15,39.26,87,2,77,117,Award,119,60.64,0.2645,262,47,1,324
BG-42-000211,Highway,Karnataka,Bengaluru Urban,85.43,32,7,0,0,0,82.27,1,57.98,8,11,73.05,80.96,22,1,0,4,Compensation,76,70.71,0.2133,161,44,0,0
BG-42-000212,Railway,Uttar Pradesh,Agra,84.63,99,6,2,3,1,91.05,2,22.85,57,52,53.89,54.3,50,1,36,103,Compensation,84,56.99,0.9841,345,111,0,0
BG-42-000213,Highway,Telangana,Nizamabad,163.02,273,9,0,5,1,63.98,5,21.27,185,54,36.72,45.63,92,2,22,167,Survey,24,19.48,0.2794,413,92,0,0
BG-42-000214,Industrial Corridor,Karnataka,Kalaburagi,102.7,147,7,1,2,1,82.41,3,74.96,34,41,61.83,60.86,81,7,128,103,Rehabilitation & Resettlement,179,85.45,0.5703,63,99,1,315
BG-42-000215,Industrial Corridor,Telangana,Hyderabad,150.42,133,8,3,5,4,62.5,6,81.9,16,18,99.29,91.66,117,6,113,60,Rehabilitation & Resettlement,149,100.0,0.2785,367,76,0,0
BG-42-000216,Industrial Corridor,Tamil Nadu,Chennai,84.96,223,4,1,8,4,80.19,6,55.67,76,29,60.64,49.07,127,1,5,247,Rehabilitation & Resettlement,60,100.0,0.5234,34,66,1,203
BG-42-000217,Industrial Corridor,Rajasthan,Jodhpur,103.03,161,6,2,4,4,80.77,4,16.76,92,99,0.0,0.0,0,1,40,123,Survey,56,1.31,0.2684,257,55,1,276
BG-42-000218,Highway,Rajasthan,Jodhpur,70.59,22,3,1,4,2,77.85,4,0.0,17,64,2.65,0.0,1,3,55,49,Survey,116,0.0,0.2482,240,55,1,295
BG-42-000219,Highway,Gujarat,Rajkot,191.04,346,9,3,9,3,81.35,3,99.92,0,32,89.52,74.61,302,3,70,194,Possession,115,100.0,0.6331,185,89,0,0
BG-42-000220,Industrial Corridor,Telangana,Karimnagar,110.84,48,5,1,2,1,90.81,0,38.94,17,81,17.29,9.15,8,2,41,75,Award,65,37.86,0.5182,169,47,1,231
BG-42-000221,Power Transmission,Tamil Nadu,Coimbatore,75.46,91,5,1,1,2,87.61,0,50.57,35,63,32.91,29.45,27,1,46,93,Objections,100,30.41,0.4351,291,34,0,0
BG-42-000222,Industrial Corridor,Karnataka,Kalaburagi,73.68,184,4,0,9,2,71.41,8,65.12,44,37,61.53,57.13,111,1,33,221,Award,24,59.4,0.1491,106,170,0,0
BG-42-000223,Industrial Corridor,Uttar Pradesh,Lucknow,78.46,174,5,2,4,5,59.27,7,50.8,62,67,48.09,20.39,75,1,38,158,Compensation,82,90.97,0.5333,7,66,0,0
BG-42-000224,Industrial Corridor,Rajasthan,Kota,87.74,129,5,1,1,0,85.72,0,78.59,21,74,81.97,71.08,96,1,20,75,Possession,75,90.72,0.4776,126,46,0,0
BG-42-000225,Power Transmission,Telangana,Hyderabad,81.85,156,8,0,1,0,98.97,2,22.93,87,67,43.3,39.94,60,0,7,102,Objections,42,28.61,0.507,35,59,0,0
BG-42-000226,Industrial Corridor,Telangana,Nizamabad,54.76,162,6,3,11,4,78.35,4,59.5,40,53,63.7,56.22,98,2,45,177,Possession,144,93.44,0.4487,142,114,1,452
BG-42-000227,Power Transmission,Tamil Nadu,Coimbatore,157.89,233,6,0,4,0,78.37,4,5.35,203,119,0.0,2.12,0,1,5,151,Notification,36,1.28,0.4437,209,36,0,0
BG-42-000228,Highway,Madhya Pradesh,Indore,166.08,443,5,1,3,1,96.57,1,99.28,2,0,96.87,90.17,422,1,6,356,Compensation,63,100.0,0.4923,80,49,0,0
BG-42-000229,Highway,Maharashtra,Nashik,356.77,385,7,2,6,4,81.19,1,40.88,157,58,79.9,76.96,293,2,53,251,Compensation,67,73.28,0.1109,151,62,0,0
BG-42-000230,Railway,Maharashtra,Nashik,52.83,104,3,1,2,2,67.96,2,1.5,74,122,0.0,1.03,0,1,51,102,Survey,76,0.0,0.437,265,50,1,287
BG-42-000231,Metro,Maharashtra,Thane,145.93,297,5,0,9,3,61.26,6,0.0,246,102,0.0,5.72,0,7,99,275,Survey,112,0.0,0.4624,286,78,1,436
BG-42-000232,Power Transmission,Madhya Pradesh,Gwalior,18.59,103,4,0,1,0,83.59,2,40.85,36,30,43.99,42.42,45,1,2,94,Award,40,88.86,0.2738,7,9,1,141
BG-42-000233,Railway,Karnataka,Mysuru,166.21,195,7,1,3,1,87.18,2,100.0,0,12,85.44,69.46,152,3,34,86,Possession,72,100.0,0.3104,21,32,0,0
BG-42-000234,Railway,Rajasthan,Jodhpur,26.7,3,4,1,1,1,82.28,2,56.22,1,58,39.03,48.06,1,2,53,0,Compensation,137,72.64,0.6,256,41,0,0
BG-42-000235,Power Transmission,Telangana,Nizamabad,38.96,49,3,4,1,2,80.62,2,55.73,18,59,93.59,99.52,44,3,60,64,Possession,217,100.0,0.2731,121,85,0,0
BG-42-000236,Highway,Telangana,Nizamabad,111.7,145,6,1,4,0,80.03,5,63.91,29,37,72.4,62.17,101,3,49,140,Rehabilitation & Resettlement,75,91.91,0.4506,261,57,1,218
BG-42-000237,Power Transmission,Madhya Pradesh,Bhopal,52.08,92,3,0,6,2,79.79,3,25.72,58,41,26.42,26.48,24,2,26,185,Award,57,55.01,0.2561,551,40,1,176
BG-42-000238,Highway,Maharashtra,Nagpur,46.68,160,4,1,3,4,59.64,5,35.18,72,74,45.4,35.89,70,4,38,205,Rehabilitation & Resettlement,89,82.62,0.3322,219,46,1,291
BG-42-000239,Railway,Uttar Pradesh,Agra,58.1,108,6,0,5,2,75.11,8,0.0,93,123,0.0,0.0,0,2,41,114,Notification,39,0.0,0.5763,333,53,1,233
BG-42-000240,Railway,Rajasthan,Udaipur,153.5,306,6,0,4,3,67.22,5,0.0,181,92,0.0,3.62,0,3,35,203,Survey,38,0.0,0.7929,308,54,1,280
BG-42-000241,Railway,Gujarat,Vadodara,40.6,69,5,0,5,0,100.0,3,87.12,6,33,100.0,99.53,64,3,17,106,Rehabilitation & Resettlement,36,100.0,0.5853,43,61,0,0
BG-42-000242,Highway,Rajasthan,Jodhpur,82.0,119,3,1,7,4,71.34,4,49.64,44,35,38.51,39.1,43,1,29,206,Rehabilitation & Resettlement,82,100.0,0.3498,209,60,1,193
BG-42-000243,Highway,Rajasthan,Jodhpur,63.25,135,3,0,2,2,74.44,6,52.96,58,24,83.39,84.85,102,2,32,155,Objections,29,54.55,0.1989,211,37,0,0
BG-42-000244,Railway,Tamil Nadu,Madurai,164.99,183,7,0,4,2,94.71,1,65.26,59,19,79.28,88.48,136,0,38,134,Compensation,53,87.91,0.3515,205,35,0,0
BG-42-000245,Railway,Maharashtra,Nashik,168.74,207,8,0,5,2,100.0,2,36.56,95,61,51.77,55.07,101,0,7,139,Compensation,2,50.55,0.3351,128,79,0,0
BG-42-000246,Power Transmission,Uttar Pradesh,Lucknow,19.72,101,3,2,3,3,82.59,0,59.51,31,50,68.11,66.3,65,6,56,179,Rehabilitation & Resettlement,150,84.36,0.439,271,96,1,315
BG-42-000247,Highway,Tamil Nadu,Madurai,197.57,172,10,1,3,4,76.4,2,39.49,75,29,26.97,22.28,46,5,99,80,Compensation,158,40.09,0.5351,112,97,1,299
BG-42-000248,Railway,Rajasthan,Jaipur,52.53,40,3,3,6,2,67.01,6,47.77,14,56,39.25,35.94,14,1,52,100,Award,70,83.07,0.511,100,84,1,271
BG-42-000249,Highway,Telangana,Karimnagar,103.44,234,5,2,5,5,90.23,3,29.06,115,73,37.13,32.48,85,1,21,179,Award,66,53.25,0.5157,76,136,0,0
BG-42-000250,Irrigation,Rajasthan,Jodhpur,40.4,129,5,2,4,2,68.38,6,29.52,80,78,28.3,26.98,34,3,101,92,Award,115,32.57,0.4387,201,48,1,360
BG-42-000251,Power Transmission,Rajasthan,Jodhpur,115.23,202,7,0,2,0,69.63,4,62.07,69,37,56.69,44.18,102,2,24,113,Compensation,102,86.61,0.3921,58,77,1,203
BG-42-000252,Irrigation,Maharashtra,Pune,659.23,628,12,3,10,3,85.7,6,37.23,347,86,57.11,55.29,351,1,67,297,Rehabilitation & Resettlement,167,72.77,0.4786,223,99,0,0
BG-42-000253,Irrigation,Gujarat,Ahmedabad,94.8,84,4,0,0,1,78.14,3,72.6,13,2,66.59,74.55,53,3,47,68,Award,111,89.21,0.3432,178,6,1,166
BG-42-000254,Railway,Uttar Pradesh,Agra,59.27,118,6,1,5,2,89.77,1,30.51,57,99,31.88,30.11,34,3,78,112,Objections,136,32.26,0.4078,285,68,0,0
BG-42-000255,Industrial Corridor,Maharashtra,Nagpur,71.11,154,5,0,3,1,88.65,4,41.45,74,16,35.03,32.6,49,0,0,149,Objections,38,29.47,0.3403,232,33,0,0
BG-42-000256,Railway,Karnataka,Kalaburagi,26.44,85,3,0,1,0,100.0,0,48.64,41,66,58.22,42.5,45,0,4,128,Rehabilitation & Resettlement,21,68.77,0.5503,285,90,0,0
BG-42-000257,Irrigation,Telangana,Karimnagar,272.92,638,9,1,8,0,73.32,5,71.38,103,57,64.17,50.91,407,3,44,302,Rehabilitation & Resettlement,109,64.41,0.4094,142,99,1,285
BG-42-000258,Railway,Madhya Pradesh,Bhopal,109.98,238,6,1,5,1,83.97,2,0.0,134,72,0.0,0.0,0,3,29,187,Survey,58,9.38,0.2807,167,66,0,0
BG-42-000259,Railway,Rajasthan,Jodhpur,37.0,61,4,1,1,3,88.47,2,11.59,33,115,0.0,0.0,0,0,0,58,Notification,47,1.75,0.5136,248,63,0,0
BG-42-000260,Irrigation,Madhya Pradesh,Gwalior,37.98,121,4,2,1,1,72.44,3,68.68,35,38,70.96,65.74,85,1,1,92,Compensation,71,83.5,0.4615,265,65,0,0
BG-42-000261,Power Transmission,Karnataka,Mysuru,86.68,147,5,0,6,2,68.01,6,0.0,105,82,16.1,10.01,23,2,46,131,Survey,123,12.29,0.451,117,73,1,262
BG-42-000262,Irrigation,Tamil Nadu,Madurai,180.48,292,6,2,5,1,68.11,2,33.2,134,85,56.64,54.99,157,9,147,225,Rehabilitation & Resettlement,149,89.51,0.6763,217,49,1,325
BG-42-000263,Highway,Madhya Pradesh,Jabalpur,34.1,3,4,0,1,1,94.89,2,36.97,1,58,33.1,40.31,1,2,52,35,Objections,46,45.49,0.6275,284,19,0,0
BG-42-000264,Highway,Karnataka,Belagavi,208.66,408,8,3,4,3,61.66,6,0.0,243,92,0.0,3.04,0,5,79,178,Survey,121,0.0,0.2591,240,72,1,367
BG-42-000265,Railway,Gujarat,Rajkot,79.57,154,3,0,3,1,80.21,2,100.0,0,0,75.76,86.92,103,1,0,210,Possession,116,100.0,0.2599,41,32,0,0
BG-42-000266,Railway,Karnataka,Kalaburagi,40.68,176,5,0,2,0,75.8,4,16.45,109,76,23.53,8.58,38,1,0,164,Survey,96,21.03,0.3116,270,17,0,0
BG-42-000267,Metro,Tamil Nadu,Madurai,58.9,91,5,0,1,0,96.97,1,14.68,58,63,36.14,35.9,32,1,27,91,Objections,36,24.29,0.7611,336,22,0,0
BG-42-000268,Railway,Uttar Pradesh,Varanasi,346.83,238,8,1,2,3,85.72,0,3.65,200,97,6.51,2.23,15,1,18,107,Survey,72,16.98,0.2143,168,93,0,0
BG-42-000269,Power Transmission,Tamil Nadu,Coimbatore,28.2,57,6,0,2,1,78.71,3,6.8,33,71,28.0,31.0,15,1,0,60,Survey,97,12.82,0.4355,324,22,0,0
BG-42-000270,Highway,Telangana,Hyderabad,47.68,138,5,1,5,1,73.29,1,0.0,91,82,0.06,0.0,0,3,78,144,Notification,104,0.0,0.2649,404,71,1,342
BG-42-000271,Industrial Corridor,Madhya Pradesh,Jabalpur,183.47,282,6,1,5,1,66.88,6,0.0,189,82,0.0,0.0,0,5,61,189,Notification,133,18.29,0.5414,331,94,1,389
BG-42-000272,Power Transmission,Rajasthan,Jaipur,101.82,244,8,1,7,4,100.0,2,11.05,143,46,7.07,1.25,16,0,41,196,Survey,94,40.44,0.4896,295,85,0,0
BG-42-000273,Industrial Corridor,Rajasthan,Kota,45.47,51,6,3,1,1,90.8,0,0.0,35,95,0.0,1.35,0,3,54,53,Notification,84,0.0,0.2584,389,46,0,0
BG-42-000274,Railway,Maharashtra,Nashik,185.27,413,6,2,5,1,78.07,0,37.35,221,73,1.58,9.48,6,3,48,321,Compensation,72,37.16,0.5991,171,87,1,320
BG-42-000275,Highway,Karnataka,Kalaburagi,192.45,456,7,0,6,0,84.63,4,43.37,229,80,69.77,51.61,303,3,42,257,Compensation,57,86.8,0.1482,97,60,0,0
BG-42-000276,Highway,Maharashtra,Thane,111.62,290,6,3,6,2,78.03,4,12.98,149,117,28.33,23.08,80,4,75,222,Award,105,40.59,0.339,372,122,1,374
BG-42-000277,Power Transmission,Telangana,Nizamabad,52.46,56,2,0,4,0,82.52,3,44.92,17,49,54.07,65.75,30,1,30,156,Objections,32,50.53,0.2795,385,97,0,0
BG-42-000278,Metro,Karnataka,Belagavi,59.34,142,5,1,6,1,98.85,3,27.39,66,68,26.33,32.21,35,2,45,110,Award,85,27.72,0.6213,201,46,1,192
BG-42-000279,Highway,Tamil Nadu,Coimbatore,107.53,139,7,1,0,0,66.06,3,83.84,20,11,73.77,76.29,93,0,33,76,Possession,183,100.0,0.439,130,74,0,0
BG-42-000280,Irrigation,Telangana,Warangal,29.98,30,5,0,2,2,85.96,3,84.31,3,31,90.2,81.29,27,1,0,5,Rehabilitation & Resettlement,40,100.0,0.4263,350,82,0,0
BG-42-000281,Industrial Corridor,Gujarat,Ahmedabad,247.7,223,8,2,5,3,73.18,4,3.29,189,70,9.57,1.59,21,5,64,107,Notification,122,18.22,0.5359,138,63,1,430
BG-42-000282,Power Transmission,Rajasthan,Jaipur,333.67,574,10,3,10,7,83.15,5,0.0,337,84,0.0,0.0,0,3,81,276,Survey,106,0.0,0.1553,241,111,1,486
BG-42-000283,Metro,Maharashtra,Nagpur,70.9,93,4,1,5,1,88.64,2,44.22,32,28,57.78,54.77,53,2,21,146,Objections,102,32.32,0.614,169,55,0,0
BG-42-000284,Irrigation,Rajasthan,Udaipur,113.85,121,8,0,1,1,82.39,2,50.99,43,42,45.45,34.16,51,1,17,57,Objections,23,62.54,0.1917,273,29,0,0
BG-42-000285,Highway,Rajasthan,Jaipur,221.11,280,7,0,4,0,75.84,4,77.93,49,26,70.72,64.86,189,1,0,155,Compensation,25,61.88,0.4297,125,30,0,0
BG-42-000286,Highway,Tamil Nadu,Coimbatore,409.3,885,9,2,14,4,67.21,8,43.03,373,40,44.86,62.09,370,3,74,462,Award,102,63.41,0.4159,382,124,1,457
BG-42-000287,Irrigation,Gujarat,Vadodara,297.55,539,8,2,4,1,84.56,2,0.0,341,78,0.0,1.27,0,0,0,276,Notification,113,0.0,0.3272,252,74,0,0
BG-42-000288,Irrigation,Madhya Pradesh,Jabalpur,21.36,77,3,2,2,1,85.77,2,36.03,30,76,31.38,16.99,22,2,39,117,Award,62,48.4,0.3545,126,39,0,0
BG-42-000289,Metro,Tamil Nadu,Madurai,66.52,138,5,0,0,0,100.0,0,55.0,42,37,43.93,55.39,60,0,0,63,Compensation,7,61.19,0.5234,70,40,0,0
BG-42-000290,Highway,Tamil Nadu,Madurai,127.81,191,6,1,4,2,88.12,1,0.0,157,73,0.0,0.0,0,3,57,153,Survey,96,9.42,0.1537,265,35,1,291
BG-42-000291,Railway,Tamil Nadu,Chennai,57.66,15,5,1,2,2,100.0,0,21.54,7,62,24.36,37.06,3,6,94,54,Rehabilitation & Resettlement,135,70.34,0.3553,7,76,1,253
BG-42-000292,Power Transmission,Telangana,Warangal,356.46,274,9,0,6,3,83.26,4,15.54,219,85,0.0,5.57,0,0,32,161,Notification,17,9.12,0.0164,354,70,1,349
BG-42-000293,Power Transmission,Maharashtra,Nashik,315.29,465,9,1,8,3,72.93,6,84.87,44,33,85.94,60.51,385,5,80,258,Possession,94,100.0,0.444,294,85,0,0
BG-42-000294,Railway,Madhya Pradesh,Bhopal,44.58,134,3,2,5,2,100.0,3,19.66,88,77,1.37,0.0,2,2,32,223,Survey,147,9.41,0.5787,121,74,1,329
BG-42-000295,Highway,Telangana,Warangal,75.19,116,6,0,1,0,87.5,0,100.0,0,0,81.43,79.21,83,0,10,56,Rehabilitation & Resettlement,40,100.0,0.1137,178,9,0,0
BG-42-000296,Industrial Corridor,Uttar Pradesh,Kanpur Nagar,47.01,93,5,0,4,0,95.38,3,68.31,23,7,98.2,99.85,83,2,42,100,Possession,106,100.0,0.4473,89,71,0,0
BG-42-000297,Power Transmission,Rajasthan,Udaipur,73.25,191,5,1,3,2,92.52,3,100.0,0,0,100.0,100.0,170,2,54,136,Possession,101,100.0,0.4588,31,41,0,0
BG-42-000298,Railway,Madhya Pradesh,Indore,71.5,217,4,0,3,0,80.87,2,100.0,0,0,93.78,99.84,191,1,20,205,Rehabilitation & Resettlement,112,100.0,0.3076,20,37,1,147
BG-42-000299,Industrial Corridor,Telangana,Karimnagar,183.72,226,8,3,3,3,77.78,2,34.18,85,84,33.61,30.16,68,4,94,105,Rehabilitation & Resettlement,183,65.65,0.4558,190,122,1,348
BG-42-000300,Irrigation,Tamil Nadu,Madurai,42.07,121,3,1,3,1,78.64,5,91.43,7,3,100.0,86.15,111,2,38,166,Compensation,63,100.0,0.2094,126,39,0,0
BG-42-000301,Highway,Maharashtra,Nagpur,10.56,30,3,1,3,5,89.56,4,100.0,0,0,91.95,86.84,25,2,19,98,Rehabilitation & Resettlement,111,100.0,0.352,13,34,1,108
BG-42-000302,Industrial Corridor,Gujarat,Rajkot,23.72,50,4,0,1,2,73.37,1,0.0,36,68,7.74,0.0,4,0,0,50,Survey,70,12.07,0.5435,361,28,0,0
BG-42-000303,Industrial Corridor,Karnataka,Kalaburagi,37.61,97,7,0,2,0,89.88,2,49.19,40,38,52.18,47.35,46,2,29,72,Compensation,40,87.41,0.1805,176,19,0,0
BG-42-000304,Metro,Maharashtra,Pune,50.68,123,3,0,3,0,72.54,2,38.41,52,73,28.33,35.98,32,1,16,197,Award,171,60.91,0.3125,275,59,1,245
BG-42-000305,Power Transmission,Madhya Pradesh,Indore,99.46,247,3,2,6,5,73.03,5,13.9,162,67,25.24,35.32,56,2,45,316,Rehabilitation & Resettlement,86,57.94,0.8132,340,83,1,300
BG-42-000306,Industrial Corridor,Uttar Pradesh,Varanasi,36.1,106,3,0,3,0,58.37,4,32.92,66,48,17.63,11.74,19,6,108,141,Award,93,14.86,0.4561,253,37,1,229
BG-42-000307,Metro,Gujarat,Rajkot,32.5,70,2,1,2,0,60.65,2,52.63,20,27,30.46,31.69,20,3,53,138,Award,137,57.69,0.3643,200,73,1,249
BG-42-000308,Highway,Karnataka,Bengaluru Urban,40.71,77,3,1,1,2,86.86,0,86.93,9,37,69.36,56.22,49,2,54,90,Compensation,95,99.18,0.2647,126,20,0,0
BG-42-000309,Industrial Corridor,Maharashtra,Nashik,35.07,89,3,4,3,3,57.43,6,51.73,28,63,53.12,58.61,46,2,68,156,Objections,110,63.96,0.3229,293,113,1,446
BG-42-000310,Highway,Maharashtra,Pune,54.95,94,4,0,1,0,70.77,2,24.67,52,40,6.02,0.0,5,3,56,72,Survey,82,21.76,0.3318,357,51,0,0
BG-42-000311,Highway,Tamil Nadu,Chennai,53.1,131,3,1,1,2,96.49,5,20.29,65,55,24.57,19.25,31,0,0,153,Award,37,38.62,0.2927,351,95,0,0
BG-42-000312,Metro,Maharashtra,Thane,148.6,263,8,0,1,0,100.0,3,44.62,92,56,38.9,42.15,95,0,15,146,Award,58,65.21,0.6174,7,45,0,0
BG-42-000313,Industrial Corridor,Uttar Pradesh,Lucknow,38.8,158,4,1,3,2,70.79,6,40.09,57,77,22.09,16.6,31,0,41,165,Objections,47,12.43,0.3313,292,52,0,0
BG-42-000314,Irrigation,Tamil Nadu,Salem,64.32,170,6,0,2,0,82.32,0,16.88,98,60,54.61,56.36,86,0,0,102,Objections,28,63.13,0.2285,297,45,0,0
BG-42-000315,Industrial Corridor,Rajasthan,Udaipur,55.37,117,5,1,3,2,97.21,1,43.8,40,67,41.88,36.97,44,2,29,100,Objections,66,26.13,0.3403,482,36,0,0
BG-42-000316,Power Transmission,Rajasthan,Udaipur,163.55,212,8,2,1,1,88.48,0,7.69,146,96,61.12,62.44,129,1,26,110,Objections,46,39.93,0.5175,284,29,0,0
BG-42-000317,Railway,Tamil Nadu,Chennai,75.68,171,5,0,4,3,85.67,4,65.82,52,66,57.16,55.07,95,2,47,122,Award,76,68.54,0.5921,89,29,0,0
BG-42-000318,Metro,Uttar Pradesh,Lucknow,198.45,429,9,2,8,3,87.2,5,57.83,162,31,58.61,65.67,237,3,44,260,Compensation,67,64.16,0.925,154,76,1,253
BG-42-000319,Irrigation,Maharashtra,Nashik,34.06,27,5,0,3,1,92.9,4,0.0,25,117,0.0,0.0,0,2,24,51,Objections,40,0.0,0.2804,259,47,1,182
BG-42-000320,Railway,Tamil Nadu,Madurai,82.31,3,5,0,0,0,100.0,0,100.0,0,19,100.0,100.0,3,1,10,17,Possession,23,100.0,0.441,49,26,0,0
BG-42-000321,Power Transmission,Madhya Pradesh,Gwalior,54.02,144,6,0,1,1,85.44,2,82.58,14,3,89.37,87.1,121,1,3,87,Possession,24,100.0,0.3733,7,29,0,0
BG-42-000322,Metro,Madhya Pradesh,Indore,32.11,80,4,1,4,2,72.91,4,35.11,39,74,35.51,36.87,28,4,38,105,Award,80,61.11,0.144,265,84,0,0
BG-42-000323,Highway,Uttar Pradesh,Lucknow,81.12,176,5,0,4,1,64.02,5,51.93,62,30,56.16,48.42,93,3,43,162,Objections,125,71.59,0.4035,7,73,0,0
BG-42-000324,Industrial Corridor,Madhya Pradesh,Gwalior,342.52,554,10,1,6,2,99.77,4,16.82,436,81,22.99,33.39,125,1,43,250,Compensation,34,39.25,0.2932,91,88,1,327
BG-42-000325,Highway,Rajasthan,Udaipur,43.28,59,5,3,3,2,75.39,4,81.17,8,46,100.0,100.0,52,3,38,104,Rehabilitation & Resettlement,116,100.0,0.5712,222,56,0,0
BG-42-000326,Highway,Karnataka,Belagavi,77.33,143,3,0,1,1,84.95,3,72.28,33,16,61.66,49.5,81,2,35,182,Compensation,22,86.57,0.2264,181,96,0,0
BG-42-000327,Highway,Telangana,Nizamabad,29.97,77,4,1,5,4,96.25,3,84.37,11,55,85.11,90.35,60,1,64,122,Rehabilitation & Resettlement,38,93.14,0.6727,37,61,0,0
BG-42-000328,Highway,Uttar Pradesh,Agra,26.65,24,5,0,2,0,95.39,2,38.09,12,54,52.86,66.47,11,1,10,35,Compensation,130,79.77,0.3981,213,53,1,222
BG-42-000329,Railway,Rajasthan,Jodhpur,45.61,142,5,2,1,0,93.88,0,61.22,49,47,55.33,45.6,72,2,53,123,Compensation,62,94.55,0.2338,134,27,0,0
BG-42-000330,Irrigation,Gujarat,Ahmedabad,59.74,78,4,2,4,1,76.25,3,2.33,71,108,9.09,0.0,6,4,77,98,Objections,88,48.44,0.5483,343,66,1,285
BG-42-000331,Railway,Tamil Nadu,Madurai,61.9,144,2,0,5,0,96.61,1,53.81,59,55,69.18,78.7,91,2,15,297,Rehabilitation & Resettlement,81,50.97,0.6647,7,53,1,208
BG-42-000332,Power Transmission,Gujarat,Surat,71.46,142,7,1,3,3,65.38,4,0.0,120,106,0.0,0.0,0,4,64,101,Survey,132,5.36,0.4252,384,56,1,313
BG-42-000333,Industrial Corridor,Rajasthan,Udaipur,22.9,61,3,2,1,1,63.32,4,86.44,6,39,72.17,77.86,39,2,20,59,Compensation,75,100.0,0.3292,107,36,0,0
BG-42-000334,Highway,Tamil Nadu,Salem,51.9,93,7,1,2,2,84.0,0,76.44,18,68,100.0,99.92,83,0,14,81,Rehabilitation & Resettlement,80,100.0,0.4872,51,37,0,0
BG-42-000335,Highway,Tamil Nadu,Coimbatore,127.92,103,7,2,7,5,75.13,6,6.51,91,94,7.84,2.17,8,1,69,100,Survey,62,12.62,0.6507,138,89,1,318
BG-42-000336,Irrigation,Gujarat,Surat,28.89,15,3,1,0,0,90.88,0,74.43,3,34,58.31,56.71,8,1,67,71,Compensation,96,80.9,0.4382,224,21,0,0
BG-42-000337,Industrial Corridor,Karnataka,Mysuru,64.45,154,2,1,5,1,86.66,3,18.22,81,100,16.32,23.25,24,1,1,313,Survey,48,8.91,0.2162,339,100,0,0
BG-42-000338,Irrigation,Maharashtra,Nagpur,108.23,258,5,1,4,0,77.52,4,82.46,39,24,72.4,73.89,172,1,4,222,Rehabilitation & Resettlement,95,100.0,0.5023,280,75,0,0
BG-42-000339,Railway,Madhya Pradesh,Jabalpur,45.8,122,4,1,4,1,47.25,6,21.64,55,52,0.0,0.0,0,3,68,108,Notification,121,18.52,0.3787,301,45,1,282
BG-42-000340,Industrial Corridor,Tamil Nadu,Madurai,112.53,263,7,0,4,2,100.0,0,98.71,3,0,85.58,80.64,213,3,43,204,Possession,205,100.0,0.3769,303,33,0,0
BG-42-000341,Power Transmission,Gujarat,Vadodara,25.36,68,2,1,0,1,77.82,2,0.0,54,81,0.0,5.84,0,3,64,96,Survey,92,0.0,0.2745,348,60,1,288
BG-42-000342,Irrigation,Gujarat,Rajkot,174.3,309,7,0,1,2,71.83,2,100.0,0,36,72.27,84.47,219,1,26,116,Possession,78,100.0,0.2599,28,13,0,0
BG-42-000343,Highway,Telangana,Warangal,114.74,202,6,2,6,1,58.49,5,68.45,45,26,73.02,76.91,138,5,70,174,Rehabilitation & Resettlement,118,100.0,0.5294,73,67,0,0
BG-42-000344,Irrigation,Gujarat,Ahmedabad,89.53,163,7,0,1,1,95.19,2,95.73,4,0,98.0,100.0,156,0,34,51,Compensation,20,92.03,0.5859,342,9,0,0
BG-42-000345,Railway,Gujarat,Rajkot,210.58,206,7,0,5,0,77.64,3,33.64,109,74,28.1,24.35,52,0,0,150,Rehabilitation & Resettlement,12,54.95,0.3258,95,72,1,175
BG-42-000346,Power Transmission,Telangana,Karimnagar,65.79,129,6,0,3,0,100.0,0,45.27,47,86,49.58,53.41,60,0,3,97,Rehabilitation & Resettlement,60,87.3,0.3754,86,34,0,0
BG-42-000347,Metro,Madhya Pradesh,Jabalpur,52.23,129,5,0,2,0,75.96,3,98.4,2,0,69.72,70.27,82,1,17,72,Possession,49,100.0,0.3414,220,14,0,0
BG-42-000348,Industrial Corridor,Maharashtra,Nashik,256.73,231,9,1,6,2,69.65,3,30.78,130,103,23.0,36.24,53,1,10,137,Objections,213,21.09,0.446,336,92,1,335
BG-42-000349,Railway,Gujarat,Surat,373.39,872,9,0,15,3,75.7,10,56.22,244,23,50.67,49.12,411,1,12,463,Compensation,55,55.92,0.7716,197,148,1,295
BG-42-000350,Power Transmission,Karnataka,Mysuru,49.17,50,1,0,3,2,65.24,7,8.41,28,45,0.0,7.2,0,3,48,222,Survey,49,7.1,0.541,312,42,0,0
BG-42-000351,Highway,Madhya Pradesh,Bhopal,78.18,204,5,1,1,0,86.23,0,38.11,84,33,42.45,39.86,85,2,43,132,Compensation,67,73.86,0.7415,68,73,0,0
BG-42-000352,Metro,Maharashtra,Nagpur,197.56,466,7,3,6,6,83.73,5,7.24,347,95,0.0,0.0,0,1,55,301,Survey,106,34.56,0.4701,85,83,0,0
BG-42-000353,Industrial Corridor,Karnataka,Mysuru,80.44,139,4,0,3,1,91.54,4,53.92,54,34,69.72,81.85,90,0,44,166,Compensation,97,88.98,0.5232,96,68,0,0
BG-42-000354,Power Transmission,Karnataka,Mysuru,137.78,310,5,2,4,2,81.54,3,63.14,66,43,54.24,51.26,158,2,49,238,Compensation,281,68.7,0.6915,258,69,0,0
BG-42-000355,Metro,Rajasthan,Kota,159.86,278,6,0,2,0,96.48,0,60.5,73,27,54.82,54.37,151,1,17,162,Award,73,79.73,0.6141,157,16,1,186
BG-42-000356,Industrial Corridor,Maharashtra,Thane,54.61,116,5,3,5,2,97.3,2,51.35,52,35,79.42,70.27,85,2,50,105,Compensation,145,53.74,0.3328,324,92,0,0
BG-42-000357,Metro,Maharashtra,Pune,119.75,296,6,0,8,3,71.95,8,86.52,24,28,100.0,100.0,266,2,7,243,Rehabilitation & Resettlement,65,100.0,0.3427,142,53,1,197
BG-42-000358,Industrial Corridor,Rajasthan,Udaipur,85.2,173,3,1,7,2,71.14,7,69.0,49,25,74.28,62.18,116,2,51,247,Rehabilitation & Resettlement,102,96.92,0.4888,7,63,1,278
BG-42-000359,Industrial Corridor,Madhya Pradesh,Jabalpur,32.35,71,2,1,3,3,88.44,2,31.64,27,85,29.38,17.58,20,1,18,145,Award,76,61.87,0.253,87,74,0,0
BG-42-000360,Industrial Corridor,Rajasthan,Udaipur,38.79,73,6,3,11,6,60.56,10,30.3,39,88,27.59,35.1,19,2,80,153,Compensation,188,49.93,0.8271,33,116,1,443
BG-42-000361,Power Transmission,Uttar Pradesh,Kanpur Nagar,50.81,77,4,1,4,2,94.04,0,70.71,20,27,71.77,70.34,51,2,26,122,Possession,116,78.37,0.3092,150,66,1,307
BG-42-000362,Metro,Gujarat,Rajkot,179.97,201,7,1,6,2,53.45,7,0.0,186,80,0.0,0.0,0,3,54,157,Survey,123,0.0,0.5221,321,70,1,263
BG-42-000363,Highway,Rajasthan,Kota,184.77,104,6,0,2,0,72.27,2,12.78,66,36,1.7,0.0,2,0,29,63,Survey,86,14.93,0.5419,328,69,1,238
BG-42-000364,Industrial Corridor,Uttar Pradesh,Varanasi,156.01,216,7,1,5,2,72.35,5,2.92,196,103,0.0,2.42,0,3,54,134,Notification,96,0.0,0.8657,183,106,1,242
BG-42-000365,Highway,Rajasthan,Kota,121.76,241,6,1,4,3,100.0,1,100.0,0,13,100.0,100.0,215,1,35,149,Compensation,107,97.77,0.1604,267,108,0,0
BG-42-000366,Highway,Maharashtra,Nashik,119.14,319,6,0,7,2,79.64,3,36.87,129,64,42.84,44.43,133,3,57,269,Award,71,54.17,0.5872,333,65,1,240
BG-42-000367,Power Transmission,Karnataka,Belagavi,106.92,199,4,1,5,1,91.05,3,60.47,45,25,72.45,56.48,129,4,52,212,Rehabilitation & Resettlement,71,92.31,0.7165,113,65,0,0
BG-42-000368,Metro,Gujarat,Rajkot,118.64,146,5,1,4,0,61.96,3,60.69,48,42,46.49,53.74,63,10,171,158,Compensation,150,73.54,0.4545,212,45,1,326
BG-42-000369,Metro,Tamil Nadu,Salem,125.25,285,9,1,5,2,83.57,5,23.39,157,49,37.54,38.36,103,0,0,184,Objections,34,57.89,0.7399,147,46,1,278
BG-42-000370,Irrigation,Maharashtra,Pune,27.84,58,3,1,1,1,86.43,3,79.12,10,8,71.79,66.09,39,5,73,53,Possession,92,100.0,0.3225,134,38,0,0
BG-42-000371,Highway,Maharashtra,Nagpur,45.5,61,5,0,0,0,99.42,0,92.64,3,35,100.0,99.04,54,1,18,83,Rehabilitation & Resettlement,32,100.0,0.187,198,24,0,0
BG-42-000372,Highway,Telangana,Karimnagar,37.59,92,4,1,2,1,91.24,1,31.21,38,59,41.21,30.61,34,1,46,117,Objections,51,49.26,0.1497,285,33,1,240
BG-42-000373,Highway,Tamil Nadu,Madurai,207.62,296,7,1,9,0,100.0,5,46.08,124,50,51.35,54.35,151,0,10,242,Objections,109,45.97,0.1556,54,89,1,354
BG-42-000374,Highway,Maharashtra,Nashik,321.59,730,8,0,13,3,75.66,9,47.17,255,20,15.79,12.09,106,5,44,439,Objections,43,34.85,0.714,178,141,1,415
BG-42-000375,Industrial Corridor,Gujarat,Surat,15.1,4,5,0,1,0,90.56,0,9.13,3,60,22.88,27.67,1,0,9,36,Survey,61,52.71,0.2457,303,11,0,0
BG-42-000376,Power Transmission,Rajasthan,Kota,299.42,657,9,0,9,0,66.13,7,20.83,380,48,24.78,26.42,145,1,28,329,Survey,50,40.58,0.5457,283,70,0,0
BG-42-000377,Industrial Corridor,Uttar Pradesh,Varanasi,91.78,160,5,0,2,0,98.59,0,100.0,0,0,100.0,100.0,159,1,8,107,Possession,49,100.0,0.4165,181,34,0,0
BG-42-000378,Highway,Madhya Pradesh,Indore,192.52,409,7,0,9,2,86.68,6,42.54,175,39,41.57,44.25,164,1,5,281,Award,47,66.72,0.4379,213,85,0,0
BG-42-000379,Metro,Tamil Nadu,Coimbatore,128.4,137,8,0,6,2,83.32,3,29.52,84,55,48.92,53.75,64,1,18,84,Award,20,25.46,0.1796,77,46,1,227
BG-42-000380,Highway,Rajasthan,Jodhpur,271.05,314,5,0,2,0,85.48,2,74.96,46,34,70.38,58.74,212,1,0,211,Rehabilitation & Resettlement,46,84.84,0.3568,309,24,0,0
BG-42-000381,Industrial Corridor,Gujarat,Ahmedabad,101.27,235,6,0,5,0,85.91,3,62.12,52,61,48.68,54.84,102,0,15,158,Compensation,49,65.93,0.1647,251,81,0,0
BG-42-000382,Industrial Corridor,Rajasthan,Jaipur,28.77,83,5,3,6,4,100.0,4,72.16,18,50,89.64,73.51,74,3,60,103,Possession,111,86.87,0.1549,7,76,0,0
BG-42-000383,Highway,Karnataka,Bengaluru Urban,78.69,92,4,0,2,0,74.78,2,84.18,13,0,91.35,88.3,84,2,23,91,Rehabilitation & Resettlement,41,100.0,0.6825,174,26,0,0
BG-42-000384,Power Transmission,Gujarat,Surat,129.35,308,7,2,11,2,94.48,6,16.11,228,58,49.19,58.42,137,2,66,211,Award,104,54.98,0.4339,242,112,0,0
BG-42-000385,Power Transmission,Gujarat,Vadodara,72.04,149,6,0,4,2,87.59,2,28.07,70,44,14.21,14.0,20,3,58,108,Award,78,20.25,0.5224,127,33,0,0
BG-42-000386,Railway,Maharashtra,Nashik,144.92,292,5,0,2,0,96.04,0,100.0,0,8,96.77,92.82,272,0,0,216,Possession,128,100.0,0.3172,41,28,0,0
BG-42-000387,Industrial Corridor,Karnataka,Kalaburagi,81.24,165,6,1,5,2,75.82,4,56.91,49,63,77.75,72.03,119,8,106,110,Rehabilitation & Resettlement,116,91.78,0.4533,166,107,0,0
BG-42-000388,Industrial Corridor,Gujarat,Ahmedabad,53.18,57,5,1,3,3,89.17,3,100.0,0,27,97.61,86.76,55,1,23,58,Possession,58,100.0,0.6855,7,81,0,0
BG-42-000389,Highway,Maharashtra,Nashik,35.92,125,4,0,3,1,65.11,5,14.67,62,111,8.3,20.59,9,2,50,142,Survey,54,22.64,0.324,324,35,1,168
BG-42-000390,Highway,Madhya Pradesh,Bhopal,62.59,111,5,2,4,1,96.6,1,74.33,20,34,97.47,83.58,99,4,70,76,Rehabilitation & Resettlement,102,96.62,0.3483,124,61,0,0
BG-42-000391,Industrial Corridor,Maharashtra,Nashik,100.85,163,7,2,3,1,69.52,5,30.03,105,61,51.75,40.36,80,3,61,98,Compensation,105,43.01,0.6874,203,39,1,286
BG-42-000392,Irrigation,Madhya Pradesh,Jabalpur,17.86,49,6,0,4,1,61.41,7,15.9,33,71,0.0,0.0,0,2,31,69,Survey,82,5.05,0.8303,467,44,1,173
BG-42-000393,Industrial Corridor,Gujarat,Surat,45.88,96,5,0,6,1,97.65,1,38.11,41,22,38.55,49.36,33,1,30,143,Compensation,49,42.35,0.2281,197,65,1,181
BG-42-000394,Industrial Corridor,Uttar Pradesh,Kanpur Nagar,17.33,69,4,0,3,1,95.73,2,64.94,17,33,76.33,72.32,50,2,3,120,Compensation,79,81.96,0.2476,108,77,0,0
BG-42-000395,Industrial Corridor,Tamil Nadu,Madurai,52.27,136,5,2,5,2,81.31,5,0.0,77,88,2.91,6.29,4,2,68,151,Notification,103,11.76,0.2419,114,50,1,263
BG-42-000396,Metro,Tamil Nadu,Salem,223.15,293,10,0,7,3,100.0,5,21.38,149,46,34.04,37.03,93,1,23,200,Award,17,38.0,0.3729,253,56,0,0
BG-42-000397,Highway,Gujarat,Ahmedabad,33.15,91,2,0,3,0,90.85,2,91.47,6,35,100.0,100.0,90,2,10,224,Rehabilitation & Resettlement,75,100.0,0.4688,22,38,0,0
BG-42-000398,Railway,Telangana,Hyderabad,150.28,364,5,2,7,1,83.07,6,36.51,143,52,52.9,52.09,185,1,8,318,Objections,92,81.41,0.7496,135,71,1,354
BG-42-000399,Irrigation,Karnataka,Bengaluru Urban,836.36,1921,14,3,16,7,82.98,10,21.11,892,74,23.55,23.19,449,1,43,500,Award,184,85.68,0.7824,309,181,1,574
BG-42-000400,Power Transmission,Rajasthan,Kota,273.92,496,9,0,15,3,70.02,10,45.49,209,21,68.82,77.14,304,2,28,317,Award,46,46.67,0.2453,221,155,1,295
BG-42-000401,Irrigation,Madhya Pradesh,Gwalior,95.28,244,3,0,4,1,81.14,3,52.04,87,46,19.79,18.08,45,1,15,309,Objections,50,64.4,0.112,116,28,1,245
BG-42-000402,Highway,Tamil Nadu,Chennai,170.16,149,7,2,4,3,80.46,4,83.63,14,63,75.75,68.6,100,3,60,123,Possession,75,100.0,0.3356,103,53,0,0
BG-42-000403,Metro,Gujarat,Ahmedabad,28.62,49,4,0,2,2,97.73,0,87.29,6,19,85.5,93.65,40,2,46,30,Rehabilitation & Resettlement,26,100.0,0.7144,164,31,0,0
BG-42-000404,Industrial Corridor,Karnataka,Belagavi,24.32,13,5,0,0,0,78.75,1,0.0,11,105,28.47,30.49,4,0,0,8,Survey,33,14.11,0.4423,246,14,0,0
BG-42-000405,Highway,Telangana,Karimnagar,87.62,162,6,1,4,1,91.14,0,95.91,5,1,100.0,80.53,155,2,2,136,Possession,83,100.0,0.4074,53,67,0,0
BG-42-000406,Highway,Karnataka,Belagavi,117.79,230,4,2,5,5,88.54,4,85.93,24,38,47.8,42.18,100,1,35,247,Possession,81,77.38,0.7104,128,100,1,240
BG-42-000407,Power Transmission,Tamil Nadu,Salem,205.52,408,6,1,8,7,67.18,8,32.94,219,50,21.54,17.95,81,0,16,301,Objections,58,18.87,0.1822,294,86,1,296
BG-42-000408,Industrial Corridor,Uttar Pradesh,Varanasi,54.33,20,4,1,0,0,100.0,0,92.47,1,0,92.53,100.0,17,0,18,0,Rehabilitation & Resettlement,63,100.0,0.0378,160,75,0,0
BG-42-000409,Industrial Corridor,Tamil Nadu,Chennai,99.95,132,7,0,3,0,94.84,1,35.76,55,64,34.77,33.29,44,2,21,94,Survey,64,31.41,0.5066,310,50,1,145
BG-42-000410,Highway,Karnataka,Mysuru,97.25,231,6,0,5,0,98.75,1,92.5,14,36,92.15,84.4,201,0,9,158,Possession,29,100.0,0.0373,186,44,0,0
BG-42-000411,Metro,Gujarat,Rajkot,77.08,153,5,0,4,1,90.97,3,69.43,44,14,75.55,65.02,105,4,80,119,Compensation,58,92.37,0.1436,60,48,0,0
BG-42-000412,Highway,Maharashtra,Nagpur,80.8,106,6,0,3,0,91.84,2,48.98,40,51,31.26,29.54,32,1,11,126,Compensation,81,55.89,0.1401,191,38,1,146
BG-42-000413,Highway,Madhya Pradesh,Bhopal,43.22,86,3,0,2,0,60.42,5,8.55,73,43,6.01,11.93,5,3,35,80,Survey,111,0.0,0.4835,150,32,1,278
BG-42-000414,Metro,Maharashtra,Pune,107.1,160,8,1,4,0,79.57,3,77.86,25,8,61.55,73.68,91,3,53,108,Possession,63,90.24,0.2672,220,58,1,198
BG-42-000415,Railway,Tamil Nadu,Madurai,100.09,181,7,3,5,2,64.74,5,0.0,120,147,1.21,0.0,2,4,96,150,Notification,105,2.47,0.1186,402,63,1,415
BG-42-000416,Irrigation,Madhya Pradesh,Indore,60.22,45,6,4,5,4,55.01,6,0.0,41,96,17.87,17.54,8,6,93,94,Objections,150,22.97,0.5771,227,98,1,468
BG-42-000417,Metro,Karnataka,Belagavi,145.86,205,8,2,4,0,96.87,4,2.94,159,81,16.67,11.42,33,2,50,130,Survey,130,21.65,0.5891,244,62,1,307
BG-42-000418,Highway,Maharashtra,Nashik,194.86,315,9,0,5,2,90.53,2,87.94,28,26,64.71,61.88,194,3,24,164,Rehabilitation & Resettlement,66,99.4,0.4664,214,38,1,53
BG-42-000419,Highway,Gujarat,Surat,147.22,249,7,5,5,5,55.8,5,0.0,141,91,0.0,0.0,0,4,112,190,Survey,180,11.99,0.5559,289,95,1,534
BG-42-000420,Industrial Corridor,Maharashtra,Nagpur,37.19,73,4,0,0,0,79.03,0,90.64,5,24,62.32,48.69,44,4,36,66,Possession,40,100.0,0.3446,194,18,0,0
BG-42-000421,Highway,Madhya Pradesh,Bhopal,92.73,41,7,1,3,3,77.22,4,56.05,12,56,71.55,72.6,27,1,10,75,Compensation,64,80.44,0.5433,7,52,1,209
BG-42-000422,Highway,Uttar Pradesh,Kanpur Nagar,41.3,57,4,0,1,1,73.31,0,1.16,49,78,43.84,38.85,23,0,0,86,Notification,107,12.46,0.2556,338,44,0,0
BG-42-000423,Railway,Telangana,Warangal,92.5,208,5,3,0,1,73.05,0,0.0,144,126,0.0,4.39,0,1,38,138,Notification,139,0.0,0.6362,197,50,1,287
BG-42-000424,Highway,Karnataka,Kalaburagi,41.43,106,7,0,0,1,72.57,3,0.0,98,56,14.56,13.5,15,0,0,80,Notification,67,19.38,0.7819,312,22,1,239
BG-42-000425,Industrial Corridor,Karnataka,Belagavi,237.87,218,7,3,7,1,77.37,3,71.63,56,36,37.84,49.0,73,4,99,145,Compensation,101,66.05,0.8022,250,99,0,0
BG-42-000426,Metro,Madhya Pradesh,Indore,160.24,271,5,1,1,1,77.56,1,81.79,41,48,97.96,100.0,245,1,25,210,Rehabilitation & Resettlement,35,92.21,0.4812,197,41,0,0
BG-42-000427,Highway,Telangana,Warangal,215.38,376,9,1,3,1,73.8,1,16.95,239,93,7.51,21.83,28,1,19,132,Objections,45,30.72,0.5159,27,53,1,180
BG-42-000428,Power Transmission,Madhya Pradesh,Bhopal,198.62,351,7,2,8,2,71.94,5,94.18,17,11,83.98,74.94,291,3,60,265,Rehabilitation & Resettlement,136,92.56,0.225,84,81,0,0
BG-42-000429,Railway,Tamil Nadu,Chennai,68.96,195,6,2,6,1,96.31,7,14.3,134,71,23.89,32.27,42,0,33,214,Notification,200,14.54,0.4775,345,56,1,454
BG-42-000430,Industrial Corridor,Uttar Pradesh,Kanpur Nagar,60.92,127,7,2,6,3,74.98,4,51.82,56,58,51.64,50.74,64,4,56,123,Rehabilitation & Resettlement,80,69.58,0.3596,95,85,1,237
BG-42-000431,Highway,Rajasthan,Udaipur,344.94,300,8,1,4,0,94.56,2,91.28,17,0,80.41,83.16,221,3,73,170,Possession,102,100.0,0.3146,52,39,1,229
BG-42-000432,Industrial Corridor,Uttar Pradesh,Lucknow,75.03,156,5,1,1,0,88.24,0,75.4,24,30,52.66,50.9,77,2,37,151,Rehabilitation & Resettlement,122,91.1,0.3811,301,19,1,193
BG-42-000433,Railway,Karnataka,Bengaluru Urban,28.97,80,6,2,0,2,96.96,0,55.76,29,55,75.48,74.98,56,1,17,47,Compensation,87,63.29,0.5235,86,61,0,0
BG-42-000434,Metro,Uttar Pradesh,Varanasi,191.71,314,8,1,3,2,78.66,4,70.19,89,20,83.61,78.77,246,1,0,111,Rehabilitation & Resettlement,99,99.36,0.56,267,66,0,0
BG-42-000435,Railway,Rajasthan,Jaipur,96.06,115,6,0,3,1,69.16,4,0.0,71,85,0.0,8.42,0,1,9,101,Notification,71,0.0,0.6417,119,76,1,273
BG-42-000436,Irrigation,Maharashtra,Thane,285.65,466,12,4,8,2,68.65,9,0.0,414,105,20.49,12.32,84,2,30,187,Survey,119,17.1,0.6083,252,97,1,428
BG-42-000437,Highway,Tamil Nadu,Salem,104.0,93,6,0,2,0,83.56,1,4.45,81,55,25.3,23.68,21,2,6,72,Survey,77,8.1,0.3747,196,22,0,0
BG-42-000438,Irrigation,Tamil Nadu,Salem,84.27,135,6,2,3,2,92.14,0,72.11,30,36,76.82,80.58,100,0,5,85,Award,44,93.84,0.235,338,49,0,0
BG-42-000439,Irrigation,Maharashtra,Nashik,290.29,549,11,1,14,4,65.59,10,77.18,102,3,64.2,59.66,328,7,125,327,Rehabilitation & Resettlement,119,84.39,0.4393,162,120,0,0
BG-42-000440,Railway,Maharashtra,Nashik,25.01,15,5,0,3,0,73.42,4,54.03,6,30,65.74,71.89,9,2,55,52,Compensation,49,64.95,0.3504,234,66,1,160
BG-42-000441,Railway,Uttar Pradesh,Kanpur Nagar,53.61,148,6,1,3,1,72.96,4,89.08,13,9,84.76,80.22,123,5,76,106,Rehabilitation & Resettlement,88,100.0,0.2365,7,47,1,145
BG-42-000442,Railway,Maharashtra,Pune,42.1,114,3,1,3,2,64.06,2,29.29,46,94,16.29,13.01,17,1,15,169,Survey,32,22.61,0.3257,413,92,1,151
BG-42-000443,Irrigation,Tamil Nadu,Madurai,14.79,43,5,2,2,2,80.74,2,52.37,19,69,44.94,53.12,18,3,73,50,Rehabilitation & Resettlement,85,77.14,0.2014,155,53,1,187
BG-42-000444,Industrial Corridor,Rajasthan,Udaipur,172.18,401,7,1,6,2,98.61,3,18.48,252,103,26.06,20.45,93,3,56,279,Survey,53,29.34,0.3043,371,64,1,284
BG-42-000445,Metro,Telangana,Warangal,54.82,125,4,0,5,0,87.03,4,19.24,68,59,31.4,37.95,36,1,26,163,Objections,25,43.26,0.3919,92,41,1,204
BG-42-000446,Highway,Maharashtra,Pune,176.67,210,8,1,5,2,64.05,6,64.44,54,33,48.53,52.2,93,3,55,166,Compensation,123,94.41,0.5589,333,89,0,0
BG-42-000447,Power Transmission,Uttar Pradesh,Varanasi,116.89,199,6,1,7,2,79.66,3,78.97,29,32,86.68,100.0,164,1,45,166,Possession,166,100.0,0.6782,96,79,0,0
BG-42-000448,Highway,Maharashtra,Nashik,139.17,247,9,0,5,2,71.04,2,50.43,88,46,39.01,32.87,88,2,22,145,Compensation,39,42.58,0.5496,170,58,1,162
BG-42-000449,Highway,Uttar Pradesh,Agra,59.48,106,5,1,1,2,69.78,3,8.46,85,103,23.91,19.76,24,3,53,106,Notification,59,26.88,0.6267,476,24,0,0
BG-42-000450,Railway,Uttar Pradesh,Agra,46.46,153,4,0,4,1,87.92,4,42.22,67,63,82.88,83.37,117,3,52,172,Compensation,71,82.81,0.1351,253,70,0,0
BG-42-000451,Metro,Telangana,Karimnagar,92.0,157,4,0,1,0,65.33,1,4.55,90,98,0.0,0.0,0,1,3,98,Notification,36,0.0,0.4513,250,69,0,0
BG-42-000452,Irrigation,Uttar Pradesh,Kanpur Nagar,178.63,135,7,0,0,0,98.35,3,58.31,41,33,48.12,49.94,64,3,70,64,Possession,100,71.42,0.5566,7,34,0,0
BG-42-000453,Power Transmission,Madhya Pradesh,Gwalior,82.24,139,4,1,5,1,100.0,2,58.98,35,57,41.53,41.12,58,5,61,145,Compensation,60,65.13,0.4528,265,65,0,0
BG-42-000454,Highway,Karnataka,Bengaluru Urban,48.84,108,4,1,0,1,85.9,3,0.0,61,81,0.0,0.0,0,1,23,119,Survey,116,8.21,0.3225,97,25,1,316
BG-42-000455,Railway,Maharashtra,Nashik,32.81,101,4,0,4,1,66.38,7,7.84,65,122,0.0,0.0,0,3,46,139,Survey,68,17.32,0.7111,254,38,1,309
BG-42-000456,Power Transmission,Maharashtra,Nashik,100.82,87,5,0,3,1,85.68,0,21.61,64,62,0.0,12.03,0,0,5,110,Survey,113,1.25,0.3589,7,23,1,210
BG-42-000457,Metro,Tamil Nadu,Salem,54.97,41,6,1,1,1,85.57,2,61.18,10,44,73.94,68.86,27,0,0,20,Possession,183,97.6,0.3502,7,32,0,0
BG-42-000458,Highway,Karnataka,Belagavi,80.85,179,5,1,2,3,87.74,5,43.73,76,69,62.04,63.69,104,1,34,124,Award,67,58.78,0.7648,333,25,0,0
BG-42-000459,Railway,Maharashtra,Nashik,70.74,128,2,2,4,4,100.0,1,72.87,22,80,95.58,88.85,121,1,13,226,Rehabilitation & Resettlement,99,100.0,0.5034,328,70,0,0
BG-42-000460,Industrial Corridor,Karnataka,Bengaluru Urban,60.01,131,3,1,1,2,74.64,5,35.43,53,81,53.69,45.91,64,0,26,152,Compensation,37,88.58,0.4018,397,22,0,0
BG-42-000461,Irrigation,Madhya Pradesh,Gwalior,108.31,80,6,1,2,0,84.71,4,72.78,13,16,72.34,79.21,53,3,83,65,Compensation,64,72.81,0.3752,228,34,0,0
BG-42-000462,Industrial Corridor,Telangana,Nizamabad,133.43,205,6,0,2,1,58.67,4,0.0,179,104,0.0,0.34,0,5,78,155,Survey,94,0.0,1.0,228,23,0,0
BG-42-000463,Highway,Maharashtra,Thane,412.49,384,9,0,5,1,92.1,3,92.76,22,0,94.54,85.36,351,0,1,185,Possession,1,100.0,0.466,15,53,0,0
BG-42-000464,Industrial Corridor,Madhya Pradesh,Indore,157.02,149,9,1,2,0,68.96,1,55.67,47,36,59.93,59.8,82,2,66,59,Objections,63,55.52,0.5126,152,41,0,0
BG-42-000465,Highway,Karnataka,Bengaluru Urban,306.42,592,10,1,6,2,73.3,4,71.32,96,19,73.33,74.76,396,1,6,274,Compensation,58,85.1,0.8044,167,67,0,0
BG-42-000466,Power Transmission,Uttar Pradesh,Kanpur Nagar,44.48,49,4,3,4,2,100.0,3,51.2,15,51,61.01,72.88,26,1,31,62,Compensation,94,43.19,0.0533,7,71,1,285
BG-42-000467,Railway,Tamil Nadu,Madurai,23.79,12,4,1,1,0,100.0,0,26.9,5,82,29.29,11.26,3,2,56,47,Compensation,76,47.03,0.5305,230,57,0,0
BG-42-000468,Highway,Uttar Pradesh,Lucknow,84.64,187,5,0,4,1,84.56,4,92.14,14,31,100.0,100.0,173,2,36,217,Possession,100,100.0,0.3659,217,46,0,0
BG-42-000469,Metro,Telangana,Hyderabad,170.11,107,6,2,4,5,58.01,7,23.84,62,98,0.0,0.0,0,0,33,90,Survey,90,16.19,0.5286,43,65,1,331
BG-42-000470,Highway,Gujarat,Rajkot,150.04,100,8,2,9,1,71.22,8,31.72,39,61,0.0,13.87,0,7,92,76,Award,135,59.78,0.5971,270,106,1,364
BG-42-000471,Highway,Rajasthan,Kota,225.68,296,9,1,8,4,81.49,6,51.31,130,23,40.89,52.25,109,0,0,190,Award,87,50.95,0.2529,141,62,1,267
BG-42-000472,Industrial Corridor,Gujarat,Surat,11.25,51,1,1,4,0,64.54,4,12.57,36,89,0.0,12.81,0,1,23,218,Award,87,37.97,0.1966,221,44,0,0
BG-42-000473,Power Transmission,Gujarat,Vadodara,233.31,389,8,4,6,2,95.94,3,1.82,349,108,29.35,24.3,107,1,41,219,Survey,161,1.04,0.1708,403,100,1,485
BG-42-000474,Power Transmission,Karnataka,Belagavi,111.99,306,7,2,5,1,84.98,4,0.0,185,62,11.98,0.08,36,4,73,213,Survey,132,0.0,0.8597,407,51,1,424
BG-42-000475,Railway,Uttar Pradesh,Lucknow,24.9,29,3,0,1,0,59.49,3,49.17,10,39,41.11,39.43,12,4,72,45,Objections,54,38.6,0.3593,310,30,0,0
BG-42-000476,Highway,Maharashtra,Nashik,152.75,229,9,0,3,1,91.69,3,27.76,150,44,8.7,0.0,20,1,8,96,Objections,28,27.96,0.6261,272,29,0,0
BG-42-000477,Metro,Gujarat,Surat,98.06,222,8,0,8,2,84.15,4,35.16,103,18,31.13,28.88,61,1,15,150,Award,52,48.56,0.1307,7,75,1,206
BG-42-000478,Metro,Uttar Pradesh,Lucknow,116.16,183,6,0,4,2,99.75,2,68.85,45,33,57.13,44.87,96,1,27,133,Compensation,84,95.48,0.4954,186,37,0,0
BG-42-000479,Highway,Gujarat,Ahmedabad,190.43,401,7,1,6,1,68.53,4,53.7,108,35,33.27,28.25,122,3,14,243,Compensation,72,62.58,0.6546,96,56,1,251
BG-42-000480,Irrigation,Rajasthan,Jodhpur,120.81,159,6,3,4,2,95.18,1,37.31,93,59,9.73,19.31,14,2,67,119,Award,113,33.09,0.569,129,134,1,363
BG-42-000481,Irrigation,Tamil Nadu,Madurai,26.36,78,3,1,4,1,100.0,3,100.0,0,11,100.0,100.0,72,3,17,125,Award,80,100.0,0.5839,268,38,0,0
BG-42-000482,Highway,Karnataka,Belagavi,76.37,162,4,1,2,5,88.54,3,25.35,96,35,0.0,0.0,0,1,8,134,Survey,44,15.68,0.3125,289,29,0,0
BG-42-000483,Power Transmission,Madhya Pradesh,Gwalior,23.47,14,4,1,3,1,84.12,2,49.72,6,30,43.15,46.02,6,4,92,79,Compensation,178,71.8,0.6489,62,31,1,219
BG-42-000484,Industrial Corridor,Tamil Nadu,Coimbatore,143.92,367,9,2,2,1,50.76,7,23.67,205,80,22.21,15.28,79,0,30,148,Objections,61,25.1,0.6158,280,44,0,0
BG-42-000485,Highway,Maharashtra,Nagpur,262.01,344,10,1,3,1,83.22,4,0.0,241,100,0.0,7.61,0,4,77,125,Notification,79,0.0,0.574,166,53,0,0
BG-42-000486,Industrial Corridor,Tamil Nadu,Salem,31.72,81,5,1,2,3,93.42,2,43.21,31,80,32.74,38.65,26,4,47,82,Award,113,88.71,0.381,439,77,0,0
BG-42-000487,Highway,Madhya Pradesh,Jabalpur,50.04,98,2,2,4,2,62.26,5,64.24,23,47,76.61,80.03,66,2,36,192,Award,56,64.43,0.6349,290,51,0,0
BG-42-000488,Highway,Tamil Nadu,Salem,42.27,40,2,1,3,1,75.63,4,15.28,23,88,4.19,16.28,2,5,68,91,Survey,92,14.53,0.3252,231,33,1,250
BG-42-000489,Irrigation,Madhya Pradesh,Bhopal,59.55,50,6,1,2,3,87.19,1,68.58,11,37,65.79,62.37,31,1,34,55,Compensation,85,62.79,0.1626,18,31,1,178
BG-42-000490,Industrial Corridor,Uttar Pradesh,Agra,119.1,323,8,0,7,2,83.49,5,45.95,154,64,60.27,74.22,193,3,57,204,Compensation,99,77.47,0.1865,42,49,1,215
BG-42-000491,Highway,Telangana,Nizamabad,60.07,180,6,0,7,1,71.86,7,62.35,39,14,40.85,42.94,72,3,54,142,Compensation,78,68.56,0.2598,158,89,1,180
BG-42-000492,Metro,Gujarat,Vadodara,144.32,358,6,2,5,3,89.72,4,62.15,102,33,65.81,70.32,235,3,60,260,Compensation,71,64.6,0.5435,120,82,1,266
BG-42-000493,Irrigation,Maharashtra,Pune,200.8,304,9,0,7,2,100.0,2,85.44,29,15,100.0,80.84,294,1,21,177,Compensation,19,95.52,0.3388,235,193,0,0
BG-42-000494,Metro,Rajasthan,Kota,206.73,229,9,0,2,2,89.88,3,38.99,109,54,52.51,49.48,119,1,18,96,Objections,31,67.7,0.4719,7,40,0,0
BG-42-000495,Irrigation,Uttar Pradesh,Agra,35.0,13,6,0,1,1,86.76,0,27.45,7,41,24.99,21.07,3,1,12,52,Rehabilitation & Resettlement,80,61.28,0.4299,57,25,0,0
BG-42-000496,Power Transmission,Karnataka,Belagavi,259.5,287,6,0,6,0,96.05,3,35.17,137,28,37.17,26.21,94,1,0,227,Compensation,66,58.96,0.0365,507,67,0,0
BG-42-000497,Railway,Rajasthan,Jaipur,276.68,456,9,1,5,3,78.71,6,69.54,83,18,55.71,46.31,225,2,30,196,Award,95,86.89,0.3198,454,96,0,0
BG-42-000498,Industrial Corridor,Maharashtra,Nashik,296.53,627,11,2,9,4,53.17,6,40.02,266,50,18.7,26.5,111,3,88,263,Compensation,90,61.55,0.2683,247,139,1,369
BG-42-000499,Industrial Corridor,Gujarat,Vadodara,75.47,152,6,3,3,4,87.24,3,9.27,85,98,4.34,7.66,7,2,48,105,Objections,95,46.37,0.2879,353,54,1,328
BG-42-000500,Power Transmission,Telangana,Karimnagar,46.92,64,6,2,4,0,76.68,4,18.3,45,43,23.43,27.12,13,0,16,95,Award,54,52.2,0.3663,240,75,1,343
BG-42-000501,Railway,Maharashtra,Nashik,38.96,77,4,1,3,0,68.36,6,55.13,29,87,26.52,41.43,20,2,34,82,Rehabilitation & Resettlement,141,65.04,0.1424,7,46,1,299
BG-42-000502,Highway,Uttar Pradesh,Agra,35.47,85,4,1,0,2,100.0,0,76.08,17,13,71.19,73.43,57,2,30,63,Possession,121,100.0,0.3376,225,18,0,0
BG-42-000503,Highway,Gujarat,Rajkot,86.43,141,7,1,5,5,100.0,4,79.36,19,0,76.32,85.63,101,4,58,95,Possession,67,100.0,0.1606,332,74,0,0
BG-42-000504,Industrial Corridor,Maharashtra,Nashik,168.73,329,6,2,7,2,74.4,4,33.91,190,43,23.31,23.89,76,3,42,264,Award,71,45.38,0.2642,199,75,1,246
BG-42-000505,Power Transmission,Uttar Pradesh,Lucknow,243.53,364,7,2,6,1,60.02,5,10.01,212,84,31.08,24.35,102,4,72,226,Compensation,90,41.35,0.2896,67,68,1,398
BG-42-000506,Power Transmission,Tamil Nadu,Salem,58.06,46,4,1,3,1,89.7,2,78.18,9,10,84.23,82.49,38,1,39,49,Rehabilitation & Resettlement,68,100.0,0.4678,188,99,0,0
BG-42-000507,Industrial Corridor,Maharashtra,Nagpur,83.02,45,6,4,3,2,76.36,3,20.97,23,85,12.53,16.14,5,2,43,17,Objections,133,9.05,0.7082,255,67,1,340
BG-42-000508,Highway,Telangana,Karimnagar,78.78,195,3,0,2,1,100.0,2,67.37,42,24,91.97,77.54,161,1,34,231,Rehabilitation & Resettlement,94,100.0,0.362,290,44,0,0
BG-42-000509,Highway,Uttar Pradesh,Agra,51.51,93,6,2,2,2,74.52,7,52.37,34,55,22.54,22.72,20,2,52,58,Award,77,54.14,0.1586,253,47,0,0
BG-42-000510,Power Transmission,Telangana,Warangal,154.25,388,7,0,7,3,62.17,6,0.0,274,83,0.03,2.1,0,3,21,244,Survey,54,7.82,0.2308,261,56,1,366
BG-42-000511,Metro,Rajasthan,Jaipur,114.47,158,7,0,2,1,91.71,2,0.0,138,92,28.65,21.03,41,0,24,120,Notification,27,0.0,0.4708,495,28,0,0
BG-42-000512,Power Transmission,Madhya Pradesh,Gwalior,95.91,161,3,2,2,0,91.46,4,40.08,66,92,79.13,66.54,127,2,51,230,Rehabilitation & Resettlement,63,64.41,0.2487,260,76,1,287
BG-42-000513,Highway,Madhya Pradesh,Jabalpur,114.05,208,7,2,8,2,91.24,8,0.0,182,88,17.27,19.71,32,2,28,156,Notification,66,6.79,0.3636,238,100,1,410
BG-42-000514,Railway,Rajasthan,Jaipur,140.1,337,8,1,7,1,73.64,5,31.27,211,46,1.4,0.41,4,2,34,187,Objections,50,9.58,0.4015,85,59,0,0
BG-42-000515,Irrigation,Tamil Nadu,Madurai,138.98,165,7,2,4,3,84.84,3,56.72,57,66,36.26,43.91,59,4,87,119,Objections,107,79.92,0.3529,259,112,1,238
BG-42-000516,Highway,Uttar Pradesh,Lucknow,43.78,81,4,2,0,1,71.62,0,0.0,63,102,24.49,23.9,18,4,72,84,Survey,132,25.86,0.3289,388,42,0,0
BG-42-000517,Highway,Telangana,Warangal,175.4,149,8,1,5,0,87.9,2,72.8,36,30,67.82,48.5,95,4,54,128,Objections,134,76.44,0.3553,217,117,0,0
BG-42-000518,Industrial Corridor,Uttar Pradesh,Kanpur Nagar,105.03,103,7,0,2,0,64.75,1,45.63,44,52,64.57,62.83,63,1,24,104,Rehabilitation & Resettlement,155,64.03,0.7464,222,88,0,0
BG-42-000519,Industrial Corridor,Rajasthan,Jodhpur,60.48,83,6,1,5,1,64.02,5,16.3,55,67,0.0,4.24,0,3,40,98,Notification,69,0.0,0.4511,173,96,1,280
BG-42-000520,Irrigation,Karnataka,Belagavi,103.27,121,7,0,1,0,100.0,3,97.35,3,31,77.02,64.5,90,1,15,68,Rehabilitation & Resettlement,74,100.0,0.4469,149,91,0,0
BG-42-000521,Irrigation,Madhya Pradesh,Gwalior,112.8,212,8,0,3,2,97.89,0,96.75,4,24,100.0,85.21,211,2,31,109,Rehabilitation & Resettlement,160,100.0,0.228,187,45,0,0
BG-42-000522,Power Transmission,Gujarat,Surat,203.45,480,9,0,3,0,100.0,0,31.15,199,65,30.32,33.78,134,1,49,190,Award,24,48.29,0.2434,156,45,0,0
BG-42-000523,Highway,Tamil Nadu,Madurai,37.08,48,3,0,1,0,89.32,2,5.25,28,75,14.38,21.32,7,4,42,75,Survey,120,19.25,0.4682,257,21,1,318
BG-42-000524,Metro,Rajasthan,Udaipur,247.15,404,10,1,9,0,94.83,2,50.53,157,18,61.74,57.83,243,3,72,261,Compensation,67,77.6,0.1788,107,83,0,0
BG-42-000525,Irrigation,Uttar Pradesh,Varanasi,87.23,197,5,0,5,1,83.3,4,7.12,118,93,0.37,1.44,1,2,0,181,Survey,56,18.21,0.2717,331,82,1,348
BG-42-000526,Metro,Karnataka,Mysuru,57.12,58,5,1,1,0,68.5,0,4.51,53,88,2.04,0.0,1,0,12,93,Objections,83,24.9,0.3487,135,24,1,241
BG-42-000527,Irrigation,Telangana,Nizamabad,55.73,147,5,0,1,1,87.9,1,73.58,24,44,90.12,83.69,123,2,38,136,Possession,78,100.0,0.1433,7,8,0,0
BG-42-000528,Industrial Corridor,Madhya Pradesh,Indore,38.43,75,5,0,2,1,88.62,0,77.69,15,0,80.46,82.18,54,5,83,29,Possession,114,100.0,0.3914,143,106,0,0
BG-42-000529,Highway,Telangana,Warangal,21.27,50,6,0,2,0,94.3,0,93.69,3,7,98.73,98.29,47,1,29,64,Rehabilitation & Resettlement,45,84.52,0.1406,7,52,0,0
BG-42-000530,Metro,Tamil Nadu,Madurai,147.22,89,7,0,3,2,87.73,2,46.84,44,43,50.57,51.71,44,0,0,34,Objections,18,55.31,0.4196,135,64,1,157
BG-42-000531,Industrial Corridor,Tamil Nadu,Coimbatore,417.68,442,12,2,9,4,78.27,6,0.24,288,61,23.67,25.55,98,1,56,222,Compensation,59,53.28,0.5467,138,75,1,408
BG-42-000532,Highway,Maharashtra,Pune,23.47,50,4,0,2,1,89.14,1,67.8,14,4,59.03,75.81,28,2,14,54,Compensation,73,71.05,0.5993,7,38,0,0
BG-42-000533,Railway,Gujarat,Rajkot,40.03,72,6,1,4,2,65.13,8,75.25,14,35,69.39,44.38,46,2,23,82,Award,98,66.4,0.288,42,48,1,178
BG-42-000534,Industrial Corridor,Tamil Nadu,Madurai,156.22,284,7,0,11,3,66.09,9,60.6,76,83,30.72,33.9,81,3,16,222,Compensation,40,78.67,0.6156,265,81,0,0
BG-42-000535,Highway,Madhya Pradesh,Bhopal,82.56,142,5,2,4,5,64.09,2,13.85,93,107,12.56,6.18,17,3,68,146,Notification,199,18.4,0.701,212,60,1,347
BG-42-000536,Railway,Telangana,Warangal,166.92,274,9,0,6,3,82.85,2,3.8,204,49,26.79,18.22,70,3,52,203,Survey,108,3.91,0.395,510,85,1,240
BG-42-000537,Industrial Corridor,Karnataka,Mysuru,78.93,184,5,2,3,4,94.59,4,70.03,33,42,67.57,68.98,120,3,51,203,Compensation,125,81.49,0.3149,235,46,0,0
BG-42-000538,Power Transmission,Madhya Pradesh,Gwalior,53.81,61,4,1,0,3,61.12,3,5.74,48,73,0.2,0.27,0,2,19,39,Survey,64,0.0,0.313,380,33,0,0
BG-42-000539,Metro,Karnataka,Kalaburagi,71.47,99,4,0,3,2,73.41,5,18.09,51,82,11.2,15.59,11,0,12,112,Survey,65,4.96,0.4572,297,62,1,219
BG-42-000540,Irrigation,Uttar Pradesh,Varanasi,12.73,57,5,1,3,3,96.34,3,88.27,5,21,82.89,81.86,47,3,20,90,Rehabilitation & Resettlement,87,92.22,0.2256,62,61,1,200
BG-42-000541,Irrigation,Uttar Pradesh,Kanpur Nagar,34.3,38,6,1,1,2,98.84,0,91.84,2,5,88.26,79.51,31,2,90,38,Possession,98,100.0,0.2537,131,25,0,0
BG-42-000542,Metro,Madhya Pradesh,Bhopal,182.84,204,8,2,5,1,81.99,4,64.48,41,58,59.87,47.98,111,4,72,124,Compensation,102,75.72,0.6733,128,92,1,219
BG-42-000543,Highway,Gujarat,Ahmedabad,222.19,315,7,1,4,2,80.82,2,74.17,57,32,88.11,81.47,250,1,52,209,Rehabilitation & Resettlement,40,100.0,0.4226,356,45,0,0
BG-42-000544,Power Transmission,Madhya Pradesh,Bhopal,263.73,254,8,2,5,2,77.1,5,82.81,35,33,62.05,65.71,147,3,71,147,Possession,164,78.34,0.4659,7,53,1,293
BG-42-000545,Highway,Rajasthan,Udaipur,121.84,294,6,1,5,2,71.76,5,16.64,144,77,41.0,46.89,112,2,35,220,Survey,65,59.24,0.1357,249,71,0,0
BG-42-000546,Power Transmission,Telangana,Hyderabad,14.09,83,2,1,0,0,58.46,5,69.79,15,34,56.66,40.67,42,2,26,156,Award,87,94.37,0.561,190,97,1,167
BG-42-000547,Industrial Corridor,Telangana,Nizamabad,51.52,181,4,1,5,2,63.13,4,26.58,124,70,32.32,28.32,57,2,56,204,Award,68,67.49,0.1882,303,55,1,282
BG-42-000548,Railway,Telangana,Karimnagar,247.08,551,9,0,10,2,59.13,7,0.0,440,109,1.16,0.0,6,0,8,282,Notification,20,14.48,0.4129,385,81,1,267
BG-42-000549,Industrial Corridor,Uttar Pradesh,Kanpur Nagar,313.7,413,8,3,4,3,71.33,3,74.65,93,56,80.35,80.76,295,3,84,212,Rehabilitation & Resettlement,214,100.0,0.5731,276,61,1,272
BG-42-000550,Metro,Uttar Pradesh,Varanasi,254.71,351,9,0,4,1,71.02,6,9.51,233,99,6.6,0.0,22,1,18,183,Award,66,3.52,0.5642,182,49,1,178
BG-42-000551,Irrigation,Madhya Pradesh,Gwalior,70.88,76,3,0,4,2,66.93,4,2.64,45,46,2.74,0.0,2,2,63,119,Award,77,5.56,0.3576,510,72,1,334
BG-42-000552,Highway,Telangana,Warangal,30.11,28,6,2,3,2,71.77,3,5.89,21,98,0.0,0.0,0,4,78,54,Survey,103,18.29,0.2694,520,56,1,311
BG-42-000553,Irrigation,Madhya Pradesh,Indore,82.89,199,5,0,3,0,99.13,1,13.5,100,55,27.5,35.29,50,0,0,176,Survey,35,19.3,0.2865,114,74,1,194
BG-42-000554,Highway,Rajasthan,Jaipur,86.65,112,7,1,1,1,60.28,5,55.29,30,49,65.27,46.22,70,2,57,85,Possession,105,79.61,0.6613,7,56,1,284
BG-42-000555,Power Transmission,Madhya Pradesh,Indore,299.6,457,9,0,12,4,55.23,13,0.0,306,106,18.08,6.64,77,3,50,279,Notification,60,0.0,0.5675,270,99,1,319
BG-42-000556,Irrigation,Gujarat,Rajkot,102.74,218,6,1,5,4,76.84,8,24.32,128,51,24.38,21.38,53,0,5,155,Objections,128,35.94,0.2619,282,82,0,0
BG-42-000557,Railway,Gujarat,Vadodara,86.78,206,4,0,5,0,75.03,5,41.21,68,56,45.73,38.9,94,2,26,228,Objections,38,58.08,0.4605,332,39,0,0
BG-42-000558,Highway,Karnataka,Bengaluru Urban,90.81,133,5,0,3,0,95.48,0,46.82,50,38,37.75,26.51,45,2,18,114,Award,66,49.15,0.294,349,26,1,176
BG-42-000559,Power Transmission,Rajasthan,Kota,117.91,198,5,3,4,5,68.12,3,61.94,59,68,78.56,70.87,139,3,51,150,Compensation,206,85.58,0.3526,170,54,1,338
BG-42-000560,Power Transmission,Gujarat,Vadodara,141.34,228,7,3,8,5,89.56,5,62.7,64,54,59.9,60.43,124,4,89,156,Award,145,77.26,0.2018,217,96,0,0
BG-42-000561,Railway,Telangana,Hyderabad,47.96,92,6,3,1,1,56.81,0,0.0,71,94,0.0,0.0,0,2,79,72,Notification,100,0.0,0.503,101,36,1,311
BG-42-000562,Metro,Madhya Pradesh,Gwalior,36.74,116,5,1,5,2,80.02,3,12.6,94,75,0.1,4.98,0,5,83,99,Objections,92,31.13,0.441,142,44,1,283
BG-42-000563,Power Transmission,Tamil Nadu,Chennai,256.33,435,7,1,10,0,90.84,7,54.57,186,51,77.79,80.84,310,0,12,328,Rehabilitation & Resettlement,195,100.0,0.2398,183,94,1,304
BG-42-000564,Highway,Tamil Nadu,Coimbatore,23.04,50,4,1,1,1,78.73,0,76.43,10,60,76.45,63.4,37,2,35,44,Compensation,153,100.0,0.7281,175,32,0,0
BG-42-000565,Industrial Corridor,Madhya Pradesh,Indore,317.41,223,9,1,4,2,97.29,3,100.0,0,15,86.32,88.61,175,0,19,90,Compensation,40,100.0,0.1808,50,52,0,0
BG-42-000566,Metro,Madhya Pradesh,Jabalpur,18.57,6,3,0,2,0,100.0,0,47.4,2,56,58.9,62.29,3,0,15,61,Compensation,22,52.44,0.5524,166,23,0,0
BG-42-000567,Highway,Karnataka,Kalaburagi,53.64,184,5,0,5,0,97.31,1,65.42,50,50,19.53,13.5,35,1,1,168,Rehabilitation & Resettlement,57,77.88,0.2636,204,77,0,0
BG-42-000568,Power Transmission,Uttar Pradesh,Lucknow,186.32,246,8,2,5,1,70.19,5,13.8,178,81,3.1,10.97,7,4,66,155,Notification,176,0.0,0.6631,188,67,1,330
BG-42-000569,Railway,Madhya Pradesh,Indore,85.65,112,5,1,3,0,73.27,6,11.18,70,63,3.89,0.0,4,4,70,87,Objections,98,38.2,0.2888,258,39,1,338
BG-42-000570,Irrigation,Karnataka,Mysuru,29.87,89,4,0,1,1,88.85,1,73.42,18,28,88.53,95.02,71,0,0,111,Compensation,15,72.62,0.3956,140,41,0,0
BG-42-000571,Industrial Corridor,Telangana,Karimnagar,120.44,234,7,1,1,0,100.0,3,34.17,115,79,34.68,37.43,80,0,42,120,Objections,123,59.95,0.2537,391,50,0,0
BG-42-000572,Metro,Maharashtra,Thane,90.34,77,6,0,1,0,100.0,1,79.75,13,20,91.22,87.82,66,0,56,16,Rehabilitation & Resettlement,35,100.0,0.2628,263,10,0,0
BG-42-000573,Railway,Karnataka,Mysuru,72.04,104,7,2,3,0,72.58,2,7.53,57,70,24.8,14.85,25,2,65,75,Award,74,10.87,0.476,7,41,1,305
BG-42-000574,Railway,Telangana,Nizamabad,51.98,204,6,1,2,1,80.97,4,50.37,90,62,47.79,41.21,89,2,23,148,Rehabilitation & Resettlement,130,63.8,0.3299,247,37,0,0
BG-42-000575,Power Transmission,Rajasthan,Udaipur,83.29,191,4,2,6,2,81.96,6,87.84,16,57,81.29,73.93,145,2,56,201,Rehabilitation & Resettlement,123,79.3,0.3655,106,84,0,0
BG-42-000576,Industrial Corridor,Rajasthan,Udaipur,53.76,88,5,0,3,0,90.45,3,86.78,9,17,87.49,99.97,75,3,55,61,Award,64,100.0,0.3806,112,51,0,0
BG-42-000577,Power Transmission,Telangana,Nizamabad,600.42,812,11,1,12,2,87.52,4,73.56,120,17,74.64,81.28,559,2,26,351,Possession,105,100.0,0.2492,77,98,0,0
BG-42-000578,Railway,Tamil Nadu,Madurai,70.67,141,4,1,5,2,73.75,2,60.81,40,60,48.05,54.06,62,4,52,205,Compensation,109,59.72,0.7956,178,42,1,223
BG-42-000579,Highway,Rajasthan,Udaipur,63.5,203,4,1,5,1,83.75,4,70.87,45,50,66.7,67.3,122,1,12,246,Rehabilitation & Resettlement,30,100.0,0.4723,169,54,0,0
BG-42-000580,Highway,Rajasthan,Jaipur,55.52,110,4,1,3,2,65.34,5,34.74,60,73,20.07,14.12,20,0,8,148,Objections,92,28.48,0.1751,221,48,0,0
BG-42-000581,Power Transmission,Gujarat,Surat,354.8,802,9,2,11,7,78.28,8,17.32,491,86,29.86,33.73,233,2,25,419,Award,96,33.09,0.9147,98,108,1,421
BG-42-000582,Railway,Tamil Nadu,Madurai,23.07,46,3,0,1,0,87.65,0,44.93,20,52,30.07,20.66,14,2,23,61,Compensation,70,86.11,0.5022,179,10,0,0
BG-42-000583,Metro,Gujarat,Ahmedabad,114.15,218,6,0,2,2,88.62,0,3.11,172,111,9.0,19.17,17,2,44,132,Survey,84,29.42,0.7044,306,15,0,0
BG-42-000584,Metro,Uttar Pradesh,Varanasi,70.71,168,8,0,2,2,84.96,1,65.82,45,46,75.86,61.67,115,0,0,98,Award,56,66.05,0.1995,243,35,0,0
BG-42-000585,Metro,Rajasthan,Udaipur,27.42,8,2,0,1,0,99.01,2,93.29,0,9,98.33,87.77,8,1,37,43,Possession,87,100.0,0.3424,227,39,0,0
BG-42-000586,Industrial Corridor,Telangana,Hyderabad,44.47,98,6,0,2,1,90.57,2,86.04,12,24,88.54,91.58,82,1,1,52,Compensation,46,100.0,0.112,300,16,0,0
BG-42-000587,Industrial Corridor,Uttar Pradesh,Agra,110.34,177,6,0,4,2,60.64,7,0.0,131,82,0.0,0.0,0,5,80,134,Survey,96,0.0,0.5153,585,25,1,295
BG-42-000588,Irrigation,Gujarat,Surat,42.88,59,4,0,2,0,100.0,0,74.76,13,22,66.24,74.0,36,1,30,100,Objections,34,83.71,0.1833,200,42,0,0
BG-42-000589,Highway,Madhya Pradesh,Gwalior,105.39,218,4,1,6,2,62.75,3,0.0,153,86,8.33,16.23,16,4,63,253,Survey,66,0.0,0.5398,513,77,1,296
BG-42-000590,Industrial Corridor,Telangana,Nizamabad,341.49,584,10,0,10,2,86.73,7,0.0,532,98,1.31,0.0,7,1,15,308,Notification,32,0.0,0.3848,476,74,1,309
BG-42-000591,Highway,Madhya Pradesh,Bhopal,98.15,261,4,0,4,1,100.0,1,100.0,0,1,87.51,78.77,213,3,45,207,Possession,51,100.0,0.209,25,32,0,0
BG-42-000592,Power Transmission,Rajasthan,Kota,26.77,50,5,0,3,0,65.69,4,0.42,30,84,21.58,12.67,10,1,35,70,Award,68,33.41,0.3752,148,49,1,248
BG-42-000593,Industrial Corridor,Tamil Nadu,Chennai,43.49,80,7,0,2,0,68.89,1,10.27,52,81,40.58,45.65,30,2,15,63,Objections,80,16.5,0.4196,105,35,1,195
BG-42-000594,Railway,Madhya Pradesh,Bhopal,68.15,155,4,0,3,1,87.63,3,53.16,42,57,61.76,48.58,92,2,32,136,Compensation,26,65.46,0.3153,55,35,1,94
BG-42-000595,Power Transmission,Gujarat,Rajkot,64.6,174,6,0,2,1,78.01,3,4.33,145,104,5.38,0.0,9,1,12,127,Notification,48,20.18,0.3621,268,24,0,0
BG-42-000596,Metro,Karnataka,Kalaburagi,96.7,81,6,2,3,3,88.71,2,5.16,63,80,33.26,22.99,25,2,48,101,Objections,63,21.14,0.3326,31,80,0,0
BG-42-000597,Highway,Tamil Nadu,Chennai,109.94,154,4,0,1,0,100.0,1,86.34,20,26,100.0,100.0,144,0,2,135,Compensation,58,100.0,0.0,7,28,0,0
BG-42-000598,Metro,Tamil Nadu,Coimbatore,341.87,676,8,1,6,2,64.7,7,75.58,115,40,61.19,74.69,380,3,66,348,Compensation,86,56.44,0.6283,209,90,1,215
BG-42-000599,Highway,Telangana,Hyderabad,85.37,250,6,1,2,2,79.33,4,61.81,63,44,60.31,44.92,141,0,0,152,Possession,94,88.31,0.1023,35,60,1,273
BG-42-000600,Irrigation,Maharashtra,Nashik,34.06,39,5,0,2,1,85.18,2,82.18,4,0,66.74,57.68,23,0,4,56,Compensation,72,100.0,0.3487,354,76,0,0
BG-42-000601,Power Transmission,Gujarat,Rajkot,215.52,246,6,3,1,3,81.87,4,63.29,63,49,84.74,83.78,196,4,78,110,Award,127,85.75,0.8429,72,41,0,0
BG-42-000602,Power Transmission,Rajasthan,Jaipur,235.2,368,8,0,8,0,77.79,3,36.59,131,59,54.56,61.08,182,4,40,213,Rehabilitation & Resettlement,125,96.3,0.7305,123,83,1,329
BG-42-000603,Irrigation,Maharashtra,Nagpur,103.13,179,7,0,1,0,76.86,4,72.42,46,51,64.94,79.43,107,0,0,83,Possession,28,100.0,0.4626,7,94,0,0
BG-42-000604,Power Transmission,Rajasthan,Udaipur,70.31,69,6,0,1,0,88.29,1,38.32,33,76,74.19,74.85,49,0,24,47,Rehabilitation & Resettlement,34,71.26,0.3566,204,25,0,0
BG-42-000605,Metro,Telangana,Karimnagar,140.9,231,6,1,1,1,81.21,2,73.83,40,43,100.0,100.0,220,3,44,121,Possession,167,100.0,0.5518,7,43,1,203
BG-42-000606,Highway,Gujarat,Surat,72.32,203,6,1,5,1,83.2,3,89.24,17,62,74.41,72.98,145,2,23,176,Rehabilitation & Resettlement,179,98.31,0.4826,215,85,1,137
BG-42-000607,Railway,Rajasthan,Kota,16.53,80,5,1,3,0,64.41,5,73.02,17,42,84.88,94.49,67,1,29,110,Rehabilitation & Resettlement,94,84.02,0.1323,80,76,1,234
BG-42-000608,Irrigation,Tamil Nadu,Coimbatore,134.39,225,8,1,6,4,60.75,9,0.0,190,82,0.0,0.0,0,3,40,161,Survey,172,4.18,0.3433,447,74,1,315
BG-42-000609,Irrigation,Karnataka,Bengaluru Urban,174.83,410,8,2,9,2,77.48,8,100.0,0,32,100.0,98.06,382,1,22,262,Rehabilitation & Resettlement,97,100.0,0.316,207,103,1,268
BG-42-000610,Power Transmission,Maharashtra,Pune,271.2,396,9,1,4,0,82.57,5,29.35,241,64,44.79,25.18,176,4,60,189,Award,110,31.05,0.2877,375,53,0,0
BG-42-000611,Highway,Tamil Nadu,Madurai,47.72,59,4,0,1,0,84.25,1,61.14,21,44,63.01,66.92,36,1,13,87,Compensation,79,81.47,0.4307,49,24,0,0
BG-42-000612,Highway,Gujarat,Vadodara,102.61,164,6,1,6,2,83.92,6,32.56,105,48,58.86,69.63,91,0,38,125,Compensation,90,75.54,0.194,280,97,0,0
BG-42-000613,Irrigation,Maharashtra,Nagpur,104.4,236,5,1,3,0,87.24,3,50.51,95,40,59.65,62.97,129,2,45,144,Possession,78,81.68,0.1339,36,34,0,0
BG-42-000614,Highway,Madhya Pradesh,Gwalior,91.68,152,7,0,5,1,100.0,1,89.81,10,0,91.53,83.46,123,3,29,96,Possession,30,100.0,0.2645,241,45,1,141
BG-42-000615,Industrial Corridor,Rajasthan,Kota,93.87,158,4,3,4,2,81.96,2,70.42,31,44,73.6,60.3,110,6,124,159,Objections,153,72.48,0.7838,469,65,1,283
BG-42-000616,Railway,Tamil Nadu,Coimbatore,88.21,164,5,0,3,0,89.16,5,100.0,0,0,89.01,100.0,143,2,27,143,Rehabilitation & Resettlement,64,92.48,0.39,163,31,0,0
BG-42-000617,Railway,Madhya Pradesh,Indore,101.43,195,6,3,2,5,67.43,5,54.02,52,98,54.6,44.7,99,2,82,146,Rehabilitation & Resettlement,128,89.49,0.733,175,78,1,330
BG-42-000618,Industrial Corridor,Karnataka,Kalaburagi,154.86,190,7,1,5,2,77.69,6,18.13,138,98,26.4,21.71,49,2,22,136,Objections,46,41.83,0.5977,214,68,1,261
BG-42-000619,Irrigation,Madhya Pradesh,Gwalior,227.29,479,9,1,7,3,66.84,6,0.0,375,82,20.66,7.01,94,3,40,227,Survey,84,10.99,0.4011,85,77,1,315
BG-42-000620,Power Transmission,Tamil Nadu,Chennai,46.76,88,6,1,5,3,80.99,2,0.0,77,77,0.0,1.68,0,1,0,96,Notification,144,12.36,0.1862,136,50,1,328
BG-42-000621,Metro,Uttar Pradesh,Agra,74.6,126,5,0,2,0,75.06,0,93.92,6,0,74.21,86.62,83,0,0,125,Rehabilitation & Resettlement,38,100.0,0.8095,127,15,0,0
BG-42-000622,Metro,Uttar Pradesh,Lucknow,61.06,148,4,3,1,1,79.07,1,35.36,53,57,51.24,50.22,73,4,141,132,Award,136,50.08,0.4171,37,64,1,336
BG-42-000623,Irrigation,Madhya Pradesh,Gwalior,54.46,149,5,0,2,2,81.19,0,75.77,28,8,85.86,94.57,116,1,16,110,Possession,122,100.0,0.5148,227,22,0,0
BG-42-000624,Industrial Corridor,Tamil Nadu,Madurai,23.5,3,3,0,3,0,73.98,7,58.46,1,37,58.71,49.4,2,2,42,55,Award,69,47.44,0.4822,321,109,1,74
BG-42-000625,Metro,Madhya Pradesh,Jabalpur,87.3,74,6,1,0,1,90.74,0,61.96,17,29,76.43,73.69,52,3,39,85,Possession,100,71.59,0.6487,299,19,0,0
BG-42-000626,Industrial Corridor,Tamil Nadu,Madurai,125.64,334,5,1,8,3,90.35,4,38.74,159,40,28.46,27.96,87,2,36,302,Award,39,55.93,0.5805,171,93,1,327
BG-42-000627,Highway,Tamil Nadu,Madurai,75.64,57,5,0,0,0,100.0,0,79.96,9,44,80.75,72.33,42,0,10,26,Rehabilitation & Resettlement,50,100.0,0.1173,159,23,0,0
BG-42-000628,Highway,Gujarat,Surat,85.02,68,7,2,1,2,71.55,0,0.0,47,85,21.78,12.13,14,3,73,30,Notification,150,9.7,0.278,472,38,1,292
BG-42-000629,Power Transmission,Gujarat,Rajkot,119.67,271,6,1,3,1,73.37,1,48.72,95,41,39.32,32.15,96,2,33,214,Compensation,128,68.05,0.2152,99,39,1,173
BG-42-000630,Industrial Corridor,Tamil Nadu,Madurai,264.78,550,7,1,12,9,100.0,8,86.93,42,50,89.55,85.51,483,3,70,387,Rehabilitation & Resettlement,100,100.0,0.2983,126,92,1,286
BG-42-000631,Highway,Karnataka,Belagavi,61.2,127,5,3,4,2,100.0,4,68.89,37,78,65.26,59.08,73,4,64,133,Possession,126,84.38,0.8464,58,82,1,341
BG-42-000632,Railway,Uttar Pradesh,Kanpur Nagar,33.54,101,1,3,6,4,85.97,6,81.57,17,51,95.9,100.0,86,5,87,402,Rehabilitation & Resettlement,127,100.0,0.4376,51,83,1,402
BG-42-000633,Irrigation,Rajasthan,Jaipur,79.65,54,5,0,1,0,85.87,2,0.0,36,89,1.07,0.0,1,0,1,42,Notification,24,7.01,0.3813,240,58,1,190
BG-42-000634,Industrial Corridor,Maharashtra,Nagpur,386.39,669,12,2,19,4,79.56,8,47.15,314,45,30.32,29.12,197,2,53,376,Award,124,40.58,0.3313,147,143,1,415
BG-42-000635,Industrial Corridor,Maharashtra,Nashik,33.83,72,3,1,2,1,81.42,4,0.0,59,109,9.09,0.0,6,0,20,124,Notification,66,0.0,0.2138,255,38,1,240
BG-42-000636,Highway,Madhya Pradesh,Jabalpur,144.04,216,5,1,4,5,73.4,4,31.57,91,55,37.19,43.32,73,6,116,187,Survey,104,33.6,0.8785,346,82,1,269
BG-42-000637,Irrigation,Maharashtra,Nashik,216.23,502,7,0,10,4,79.11,7,72.08,89,2,71.33,63.11,318,1,37,323,Compensation,28,100.0,0.5176,99,68,1,212
BG-42-000638,Irrigation,Uttar Pradesh,Agra,12.9,11,4,0,1,0,100.0,1,80.73,1,13,61.26,58.83,6,0,9,19,Rehabilitation & Resettlement,51,83.84,0.1877,154,30,0,0
BG-42-000639,Metro,Telangana,Nizamabad,118.89,169,8,2,4,1,70.94,5,70.0,41,19,64.81,73.42,103,0,13,110,Rehabilitation & Resettlement,72,95.68,0.4649,334,81,1,235
BG-42-000640,Railway,Tamil Nadu,Coimbatore,138.76,79,7,1,7,0,92.27,5,47.35,32,38,64.93,49.62,48,3,46,126,Rehabilitation & Resettlement,64,99.92,0.4508,316,116,0,0
BG-42-000641,Industrial Corridor,Uttar Pradesh,Varanasi,69.14,66,4,5,3,2,80.82,3,71.09,17,78,60.21,69.02,36,6,104,105,Rehabilitation & Resettlement,187,88.44,0.6758,15,102,1,312
BG-42-000642,Power Transmission,Maharashtra,Nagpur,51.05,95,5,2,4,0,100.0,3,100.0,0,41,73.33,75.29,62,1,33,109,Rehabilitation & Resettlement,111,100.0,0.4382,36,77,0,0
BG-42-000643,Power Transmission,Telangana,Nizamabad,53.38,50,7,0,1,1,94.76,0,18.95,25,57,8.93,3.3,4,0,31,45,Notification,82,23.59,0.203,280,36,0,0
BG-42-000644,Irrigation,Gujarat,Vadodara,65.83,220,5,1,4,0,46.58,7,18.88,144,63,35.7,14.75,69,5,95,187,Objections,148,0.0,0.7189,170,59,1,274
BG-42-000645,Industrial Corridor,Telangana,Karimnagar,67.24,31,5,1,4,1,62.19,6,70.31,8,18,76.05,89.04,21,3,77,10,Compensation,144,100.0,0.7789,126,76,1,269
BG-42-000646,Railway,Telangana,Warangal,57.82,128,5,0,2,1,83.24,0,75.33,20,56,62.89,58.12,72,2,13,94,Rehabilitation & Resettlement,57,68.7,0.5617,206,42,0,0
BG-42-000647,Metro,Tamil Nadu,Coimbatore,65.0,168,3,0,2,1,98.41,1,0.0,152,113,0.0,3.04,0,4,73,204,Notification,138,0.0,0.4028,432,73,0,0
BG-42-000648,Power Transmission,Maharashtra,Nashik,221.99,192,9,0,5,3,85.39,0,49.38,81,34,43.77,43.01,81,0,0,122,Award,6,72.51,0.5224,7,44,1,154
BG-42-000649,Highway,Tamil Nadu,Madurai,32.41,48,5,2,1,1,66.82,1,13.13,26,104,39.47,54.04,18,2,53,8,Compensation,82,32.07,0.4147,168,56,1,239
BG-42-000650,Highway,Karnataka,Kalaburagi,21.13,103,1,1,3,0,90.4,2,4.31,82,91,25.95,15.28,25,1,22,395,Notification,136,0.0,0.3424,376,50,0,0
BG-42-000651,Industrial Corridor,Rajasthan,Kota,224.85,214,6,0,4,1,99.99,2,54.92,62,49,55.12,61.5,118,0,17,138,Award,110,51.29,0.5355,100,53,1,200
BG-42-000652,Metro,Karnataka,Bengaluru Urban,73.43,84,4,1,5,0,59.72,5,60.76,20,53,70.01,82.78,58,1,50,131,Possession,98,94.98,0.3619,116,55,0,0
BG-42-000653,Power Transmission,Madhya Pradesh,Gwalior,62.77,140,6,2,2,1,62.81,5,20.48,103,75,27.83,16.3,38,7,102,94,Compensation,104,69.97,0.306,138,85,1,309
BG-42-000654,Highway,Rajasthan,Udaipur,78.34,206,4,2,3,1,91.18,1,47.2,63,52,70.73,67.1,130,2,34,210,Objections,72,32.62,0.3713,85,41,0,0
BG-42-000655,Railway,Tamil Nadu,Coimbatore,101.23,235,6,1,1,1,77.38,0,72.84,42,62,88.68,89.42,193,1,16,112,Rehabilitation & Resettlement,119,85.11,0.4324,7,49,0,0
BG-42-000656,Highway,Madhya Pradesh,Bhopal,56.3,140,5,1,7,4,73.3,3,0.0,96,90,23.59,27.43,30,1,48,149,Objections,130,11.1,0.6719,229,109,1,307
BG-42-000657,Industrial Corridor,Telangana,Warangal,128.35,234,7,0,6,1,67.33,3,65.9,64,40,44.55,47.12,98,1,26,195,Rehabilitation & Resettlement,74,76.28,0.3627,95,67,0,0
BG-42-000658,Power Transmission,Uttar Pradesh,Agra,39.65,107,5,3,5,4,70.59,3,12.35,86,124,50.33,56.83,49,0,12,110,Objections,63,45.57,0.8212,173,118,1,339
BG-42-000659,Metro,Karnataka,Belagavi,67.26,98,5,0,3,0,85.79,1,98.75,1,16,99.15,97.26,89,1,27,68,Compensation,133,100.0,0.5199,23,33,0,0
BG-42-000660,Metro,Tamil Nadu,Chennai,14.56,29,3,4,1,1,80.9,4,0.0,24,107,22.32,23.53,6,2,74,50,Award,119,9.33,0.4985,295,65,1,361
BG-42-000661,Highway,Rajasthan,Jaipur,218.72,435,8,1,3,2,87.17,3,4.47,292,80,32.19,20.45,132,1,77,210,Objections,96,5.16,0.4527,165,58,1,340
BG-42-000662,Industrial Corridor,Telangana,Karimnagar,74.38,148,6,1,7,0,100.0,2,98.57,2,0,85.92,75.75,120,2,19,138,Possession,109,100.0,0.4458,17,66,0,0
BG-42-000663,Irrigation,Tamil Nadu,Coimbatore,146.36,298,6,1,3,1,100.0,3,31.39,181,70,27.34,24.59,77,2,41,212,Survey,218,34.34,0.2278,268,109,0,0
BG-42-000664,Power Transmission,Gujarat,Vadodara,125.37,175,6,0,3,0,83.81,4,1.95,141,73,0.0,0.0,0,1,7,116,Notification,28,9.56,0.4051,363,30,1,133
BG-42-000665,Highway,Tamil Nadu,Coimbatore,132.93,230,9,3,5,0,83.41,3,16.12,131,82,49.05,52.46,111,2,75,118,Objections,98,39.96,0.3124,249,62,1,359
BG-42-000666,Industrial Corridor,Karnataka,Bengaluru Urban,85.1,141,5,4,4,3,70.63,6,82.1,15,7,74.27,57.39,102,2,49,147,Rehabilitation & Resettlement,173,100.0,0.2513,241,116,0,0
BG-42-000667,Railway,Uttar Pradesh,Kanpur Nagar,116.81,182,8,2,2,2,86.2,4,50.73,63,63,28.66,30.4,48,4,60,85,Rehabilitation & Resettlement,100,64.1,0.3185,161,65,0,0
BG-42-000668,Highway,Karnataka,Belagavi,39.68,162,4,0,1,1,100.0,0,100.0,0,0,93.72,97.81,146,1,27,131,Possession,38,100.0,0.1265,367,24,0,0
BG-42-000669,Highway,Uttar Pradesh,Kanpur Nagar,33.55,22,5,0,0,2,84.63,1,62.46,6,71,46.9,27.17,10,0,0,77,Objections,24,77.73,0.1341,344,6,0,0
BG-42-000670,Highway,Tamil Nadu,Madurai,78.97,131,8,1,3,1,85.45,2,64.82,31,24,55.5,66.87,67,2,63,104,Award,69,90.12,0.4983,202,77,0,0
BG-42-000671,Highway,Tamil Nadu,Coimbatore,49.71,110,4,1,0,1,86.67,2,43.27,41,49,36.16,49.87,37,3,88,130,Survey,182,48.81,0.5047,169,17,0,0
BG-42-000672,Power Transmission,Telangana,Warangal,267.84,445,8,1,3,0,94.25,0,46.84,194,52,67.36,74.18,264,2,19,215,Compensation,57,64.25,0.1751,23,44,0,0
BG-42-000673,Railway,Tamil Nadu,Coimbatore,115.6,284,6,1,6,1,91.59,5,75.93,61,23,65.11,61.33,182,3,65,202,Possession,81,100.0,0.4989,129,75,1,209
BG-42-000674,Power Transmission,Gujarat,Surat,48.27,116,5,1,2,3,90.97,0,68.98,27,3,76.81,72.57,85,1,48,75,Compensation,34,55.99,0.3401,123,54,1,185
BG-42-000675,Irrigation,Gujarat,Surat,68.91,61,6,0,1,2,100.0,0,58.24,21,40,56.6,49.93,34,2,22,44,Compensation,42,62.61,0.3229,272,48,0,0
BG-42-000676,Industrial Corridor,Gujarat,Vadodara,95.24,138,6,3,0,3,69.92,5,41.57,51,76,65.95,63.89,83,1,54,42,Award,95,64.72,0.4352,118,49,0,0
BG-42-000677,Metro,Tamil Nadu,Coimbatore,81.09,186,5,1,4,2,81.22,3,92.26,9,11,96.65,91.02,160,0,37,121,Possession,110,100.0,0.5292,141,74,0,0
BG-42-000678,Power Transmission,Telangana,Nizamabad,106.42,130,8,1,3,1,75.34,4,33.46,58,59,50.88,51.61,64,2,26,76,Award,102,57.99,0.4288,191,125,0,0
BG-42-000679,Highway,Karnataka,Mysuru,90.46,160,5,0,4,1,77.59,4,32.54,66,54,21.12,19.4,30,2,19,141,Survey,31,44.39,0.2995,263,47,0,0
BG-42-000680,Railway,Tamil Nadu,Coimbatore,28.15,34,3,2,2,1,85.7,3,5.31,19,77,26.09,28.89,9,5,78,54,Objections,121,32.72,0.5551,241,82,1,388
BG-42-000681,Metro,Telangana,Karimnagar,15.32,114,4,2,3,1,62.5,4,0.0,89,84,0.0,0.0,0,5,82,138,Notification,114,0.0,0.629,377,81,1,356
BG-42-000682,Power Transmission,Tamil Nadu,Salem,63.5,178,6,1,6,1,57.58,7,0.0,111,118,1.05,0.0,2,3,42,143,Survey,134,0.0,0.1834,278,104,1,401
BG-42-000683,Power Transmission,Gujarat,Surat,134.07,340,8,1,6,2,80.11,4,0.0,272,99,15.75,23.22,53,0,51,210,Notification,93,7.96,0.3199,239,48,0,0
BG-42-000684,Power Transmission,Maharashtra,Nashik,64.08,126,7,2,3,4,82.45,0,0.0,100,111,35.83,25.82,40,3,62,92,Award,77,10.22,0.5394,48,77,0,0
BG-42-000685,Industrial Corridor,Rajasthan,Kota,230.27,252,8,0,4,2,83.41,1,70.99,40,19,96.82,93.41,223,0,0,139,Compensation,16,100.0,0.4623,258,42,0,0
BG-42-000686,Metro,Telangana,Hyderabad,82.47,216,5,1,4,1,83.9,3,49.91,99,68,47.64,44.35,102,4,75,160,Objections,59,64.84,0.3607,164,44,0,0
BG-42-000687,Power Transmission,Gujarat,Surat,253.6,397,6,0,6,1,82.49,5,71.55,67,49,51.29,50.08,192,3,34,321,Award,52,58.22,0.4146,170,59,0,0
BG-42-000688,Irrigation,Rajasthan,Kota,215.19,490,7,1,7,1,62.11,7,88.56,32,13,78.23,75.25,379,2,25,332,Possession,71,100.0,0.5707,66,89,1,225
BG-42-000689,Metro,Telangana,Nizamabad,198.55,139,8,1,6,2,90.04,4,66.95,42,83,82.53,77.69,113,2,45,110,Rehabilitation & Resettlement,62,99.31,0.4905,20,74,0,0
BG-42-000690,Irrigation,Tamil Nadu,Chennai,32.69,31,3,2,1,0,59.06,4,77.58,4,17,52.08,51.66,16,3,31,71,Compensation,153,95.37,0.4725,69,44,0,0
BG-42-000691,Irrigation,Uttar Pradesh,Lucknow,86.81,142,4,0,1,0,92.65,1,38.59,66,34,47.41,37.92,63,1,16,143,Objections,27,85.64,0.302,214,47,1,190
BG-42-000692,Metro,Maharashtra,Nashik,227.74,519,8,1,5,6,100.0,3,100.0,0,0,100.0,96.27,482,1,8,284,Possession,141,100.0,0.5414,69,57,0,0
BG-42-000693,Highway,Gujarat,Ahmedabad,106.47,161,7,1,2,1,88.42,0,54.74,43,38,45.14,43.8,66,2,47,86,Objections,66,62.47,0.3372,115,30,1,315
BG-42-000694,Highway,Gujarat,Vadodara,133.42,181,6,1,0,0,50.25,4,31.32,76,79,30.78,14.52,50,2,36,132,Objections,179,41.38,0.4864,292,14,1,236
BG-42-000695,Power Transmission,Telangana,Karimnagar,28.21,29,5,0,3,2,87.84,4,62.52,8,23,100.0,100.0,28,3,41,22,Possession,98,100.0,0.1437,228,31,0,0
BG-42-000696,Highway,Gujarat,Surat,397.44,921,11,0,18,2,84.99,9,83.06,114,0,31.9,46.54,292,6,55,403,Compensation,81,87.42,0.5546,211,160,1,457
BG-42-000697,Metro,Karnataka,Mysuru,45.46,98,6,0,1,1,80.44,1,88.96,9,4,100.0,100.0,93,0,28,62,Rehabilitation & Resettlement,57,100.0,0.4897,161,11,0,0
BG-42-000698,Industrial Corridor,Gujarat,Ahmedabad,17.37,14,6,0,2,2,82.35,1,73.36,3,21,51.68,46.61,7,2,27,18,Compensation,29,69.17,0.6428,7,15,1,39
BG-42-000699,Irrigation,Telangana,Hyderabad,64.66,143,8,0,2,0,66.79,5,55.48,48,48,71.5,66.81,96,2,27,94,Compensation,41,75.9,0.2327,112,72,0,0
BG-42-000700,Power Transmission,Karnataka,Belagavi,12.09,84,4,2,2,4,72.15,3,24.74,39,30,31.42,21.11,25,1,3,58,Objections,105,49.45,0.482,320,70,1,224
BG-42-000701,Power Transmission,Uttar Pradesh,Kanpur Nagar,35.94,55,4,0,0,1,74.82,0,43.14,25,45,42.12,52.59,21,0,31,54,Objections,35,48.78,0.6037,217,10,1,140
BG-42-000702,Railway,Madhya Pradesh,Jabalpur,663.02,591,13,2,20,3,78.59,9,0.0,450,94,0.0,0.0,0,3,53,322,Objections,118,0.0,0.2467,263,142,1,508
BG-42-000703,Highway,Uttar Pradesh,Varanasi,63.18,122,7,0,2,1,78.89,0,12.26,82,76,21.35,26.84,23,2,26,111,Survey,75,12.39,0.6328,353,111,0,0
BG-42-000704,Industrial Corridor,Telangana,Karimnagar,27.32,45,3,2,4,5,66.52,2,74.06,10,49,67.34,61.59,27,0,50,59,Possession,171,100.0,0.7811,237,98,0,0
BG-42-000705,Highway,Rajasthan,Jaipur,87.38,153,7,1,1,0,75.84,3,0.0,139,73,0.0,8.74,0,1,12,116,Objections,73,3.11,0.728,290,41,1,249
BG-42-000706,Industrial Corridor,Gujarat,Vadodara,41.75,45,4,0,1,0,91.69,0,69.08,10,27,53.15,56.45,23,3,45,75,Compensation,151,91.02,0.4312,328,42,0,0
BG-42-000707,Irrigation,Gujarat,Rajkot,170.99,333,7,1,7,4,82.11,3,68.38,86,37,58.9,63.99,193,0,32,223,Rehabilitation & Resettlement,124,82.04,0.4321,75,82,1,293
BG-42-000708,Industrial Corridor,Gujarat,Surat,42.03,55,3,0,2,1,100.0,3,70.94,14,23,82.7,82.09,41,1,23,94,Rehabilitation & Resettlement,82,88.37,0.1845,155,32,0,0
BG-42-000709,Industrial Corridor,Telangana,Hyderabad,106.33,155,4,3,2,2,81.9,2,29.85,70,84,84.53,95.82,116,5,89,167,Award,162,44.08,0.2907,176,71,1,405
BG-42-000710,Industrial Corridor,Madhya Pradesh,Indore,34.2,126,4,0,2,1,72.47,3,31.26,68,43,40.48,25.51,51,1,28,126,Award,49,40.22,0.3806,48,68,0,0
BG-42-000711,Power Transmission,Tamil Nadu,Salem,684.87,915,14,2,13,4,86.31,8,63.99,305,53,77.87,62.0,641,2,54,356,Possession,103,100.0,0.3462,78,102,1,375
BG-42-000712,Metro,Madhya Pradesh,Gwalior,128.11,169,6,1,0,1,79.29,0,40.97,85,53,34.62,20.32,57,1,23,89,Compensation,109,61.89,0.2733,164,16,1,244
BG-42-000713,Metro,Gujarat,Surat,76.22,69,7,1,0,5,75.58,0,77.44,9,42,82.96,77.22,57,1,38,56,Rehabilitation & Resettlement,68,100.0,0.3618,171,76,0,0
BG-42-000714,Highway,Rajasthan,Jaipur,67.74,145,4,1,3,2,91.46,2,95.68,4,34,87.32,79.54,123,1,45,143,Possession,58,100.0,0.7454,209,90,0,0
BG-42-000715,Industrial Corridor,Tamil Nadu,Coimbatore,54.99,28,4,1,1,1,83.29,0,57.67,8,60,41.69,35.38,10,5,71,32,Rehabilitation & Resettlement,72,94.61,0.697,18,69,1,97
BG-42-000716,Railway,Uttar Pradesh,Lucknow,46.58,126,5,0,3,1,94.91,5,0.0,114,62,0.0,11.26,0,2,45,132,Survey,145,7.0,0.5417,528,60,0,0
BG-42-000717,Metro,Gujarat,Vadodara,45.57,159,5,0,1,0,83.52,2,55.19,52,29,60.11,53.2,91,0,47,94,Compensation,84,83.06,0.5551,33,22,1,147
BG-42-000718,Power Transmission,Tamil Nadu,Salem,327.89,552,9,1,7,1,91.36,4,18.8,266,79,15.35,20.7,78,0,30,298,Survey,53,24.45,0.3252,266,65,1,272
BG-42-000719,Highway,Tamil Nadu,Chennai,55.03,187,5,2,10,2,63.91,8,51.31,74,48,60.63,59.28,108,2,45,214,Compensation,171,62.21,0.7194,124,88,1,313
BG-42-000720,Industrial Corridor,Telangana,Nizamabad,15.59,35,5,2,2,1,77.05,4,70.88,10,27,83.3,90.07,29,4,53,56,Possession,167,100.0,0.421,7,101,1,270
BG-42-000721,Highway,Uttar Pradesh,Agra,33.69,62,4,0,3,0,79.09,3,48.93,25,61,27.43,28.42,16,2,23,84,Award,32,33.81,0.3404,273,40,0,0
BG-42-000722,Railway,Gujarat,Vadodara,179.86,135,7,1,0,1,62.01,4,80.47,16,6,23.05,23.94,30,8,97,80,Award,124,85.76,0.4024,216,26,1,168
BG-42-000723,Highway,Maharashtra,Thane,69.98,92,4,0,4,0,62.27,6,24.32,62,36,8.83,4.58,8,2,25,108,Notification,78,6.51,0.1159,391,25,0,0
BG-42-000724,Highway,Maharashtra,Pune,76.92,162,7,0,2,2,83.92,5,79.75,22,4,87.74,78.36,129,1,44,108,Possession,81,100.0,0.5485,7,91,1,157
BG-42-000725,Irrigation,Telangana,Nizamabad,218.3,311,7,1,6,1,51.73,5,0.0,197,96,0.0,0.0,0,1,50,197,Survey,58,0.0,0.6118,82,115,1,339
BG-42-000726,Irrigation,Karnataka,Bengaluru Urban,45.98,87,4,1,4,1,71.56,2,0.0,77,116,0.0,2.96,0,3,85,167,Notification,52,0.0,0.2949,242,37,1,361
BG-42-000727,Industrial Corridor,Telangana,Karimnagar,142.02,257,8,2,9,2,71.38,4,32.16,148,103,52.03,65.08,130,4,56,177,Objections,84,57.9,0.2443,364,102,1,300
BG-42-000728,Industrial Corridor,Madhya Pradesh,Indore,50.18,113,7,1,1,1,60.78,4,0.0,101,85,0.0,0.0,0,2,36,85,Notification,82,4.07,0.5067,316,20,1,303
BG-42-000729,Power Transmission,Uttar Pradesh,Lucknow,135.73,138,7,0,2,0,97.57,0,55.19,51,24,52.19,50.04,71,1,0,69,Award,51,69.13,0.5078,133,42,0,0
BG-42-000730,Irrigation,Madhya Pradesh,Jabalpur,62.62,55,5,0,2,0,78.4,0,61.9,17,36,41.65,31.42,21,2,50,37,Award,81,81.07,0.5884,229,59,0,0
BG-42-000731,Metro,Uttar Pradesh,Varanasi,70.58,52,5,1,4,2,34.87,8,13.18,31,82,3.0,0.0,2,2,72,88,Objections,133,10.68,0.4255,328,54,1,239
BG-42-000732,Highway,Madhya Pradesh,Indore,165.03,339,7,3,8,3,61.26,6,0.0,208,69,0.0,0.0,0,2,35,172,Notification,103,0.0,0.3528,313,88,1,438
BG-42-000733,Industrial Corridor,Karnataka,Mysuru,155.78,258,6,1,6,1,93.47,3,4.65,145,53,9.15,1.74,21,1,64,176,Survey,54,22.46,0.1459,243,100,1,322
BG-42-000734,Irrigation,Uttar Pradesh,Lucknow,75.01,124,5,1,3,1,96.95,4,40.81,47,34,51.67,41.56,63,1,32,94,Award,57,100.0,0.0948,148,40,0,0
BG-42-000735,Highway,Uttar Pradesh,Agra,58.72,111,6,1,6,3,49.53,8,0.0,66,112,0.0,6.14,0,2,54,131,Notification,48,0.0,0.6983,246,104,1,373
BG-42-000736,Metro,Telangana,Hyderabad,307.76,477,9,1,13,3,72.83,8,58.18,175,39,56.59,62.76,259,6,67,290,Compensation,121,64.79,0.4033,133,110,1,355
BG-42-000737,Railway,Maharashtra,Thane,137.2,96,8,0,3,0,83.9,1,5.45,70,71,0.0,9.27,0,3,56,38,Survey,56,6.34,0.4791,370,30,1,221
BG-42-000738,Railway,Telangana,Nizamabad,62.62,146,5,1,5,2,61.22,5,13.25,93,88,0.0,4.71,0,3,74,141,Objections,174,42.77,0.4788,59,44,1,311
BG-42-000739,Industrial Corridor,Maharashtra,Nagpur,50.78,25,4,0,2,1,79.25,1,34.8,11,77,29.74,20.58,7,0,0,40,Award,144,32.71,0.2142,224,23,1,184
BG-42-000740,Railway,Tamil Nadu,Madurai,194.4,202,9,1,8,1,88.64,4,62.3,65,27,60.67,53.69,119,1,35,159,Award,113,73.17,0.7105,255,78,0,0
BG-42-000741,Irrigation,Rajasthan,Udaipur,93.91,125,6,1,2,0,96.05,0,0.0,72,92,13.24,13.96,15,1,33,56,Notification,74,13.05,0.1831,271,50,0,0
BG-42-000742,Power Transmission,Karnataka,Bengaluru Urban,75.13,148,5,4,2,2,64.01,4,12.63,77,99,0.0,0.0,0,2,61,119,Survey,133,0.0,0.2743,362,75,0,0
BG-42-000743,Highway,Uttar Pradesh,Agra,93.88,115,6,1,2,1,69.71,3,92.74,8,31,89.1,99.04,94,3,77,88,Rehabilitation & Resettlement,82,100.0,0.2709,156,47,0,0
BG-42-000744,Power Transmission,Madhya Pradesh,Bhopal,112.19,99,8,2,4,4,60.74,3,0.0,59,95,0.0,0.0,0,1,35,88,Notification,71,8.78,0.7021,342,137,1,336
BG-42-000745,Power Transmission,Telangana,Karimnagar,81.83,64,6,0,7,2,100.0,1,23.58,31,40,12.93,3.68,7,4,71,114,Award,60,12.48,0.3794,173,56,1,219
BG-42-000746,Metro,Maharashtra,Nashik,224.29,320,9,1,9,3,73.53,8,31.59,132,64,53.0,56.19,157,4,83,211,Award,179,67.6,0.416,412,96,1,387
BG-42-000747,Metro,Rajasthan,Udaipur,234.5,185,8,1,2,0,88.86,1,64.84,39,44,41.66,45.99,71,2,7,118,Objections,53,72.74,0.5194,80,25,0,0
BG-42-000748,Power Transmission,Rajasthan,Jaipur,131.04,99,8,2,6,4,75.84,6,12.29,73,83,3.26,4.83,3,1,33,123,Award,84,22.62,0.4537,58,80,1,283
BG-42-000749,Railway,Maharashtra,Nashik,257.18,312,9,4,5,4,75.69,4,83.53,45,26,78.24,83.0,225,4,75,138,Rehabilitation & Resettlement,192,100.0,0.3698,7,160,1,403
BG-42-000750,Highway,Gujarat,Vadodara,86.21,262,7,0,5,2,81.26,4,66.08,70,8,80.25,81.32,205,1,13,179,Rehabilitation & Resettlement,69,87.91,0.4082,338,48,0,0
BG-42-000751,Railway,Rajasthan,Udaipur,148.75,188,8,0,3,1,75.42,3,62.27,51,55,28.8,39.61,48,2,20,122,Objections,64,42.49,0.4579,334,36,1,132
BG-42-000752,Highway,Gujarat,Ahmedabad,191.25,291,6,4,2,3,81.79,2,25.53,140,98,52.41,58.89,139,1,40,174,Objections,115,68.2,0.3831,351,60,1,365
BG-42-000753,Industrial Corridor,Tamil Nadu,Chennai,193.49,330,8,1,8,1,56.76,7,28.38,141,68,6.67,0.0,22,5,42,205,Objections,67,23.19,0.373,7,63,1,293
BG-42-000754,Highway,Tamil Nadu,Madurai,178.18,132,8,1,7,4,78.85,6,36.57,67,42,11.22,3.69,14,3,40,170,Award,67,41.66,0.6595,347,75,1,317
BG-42-000755,Industrial Corridor,Gujarat,Ahmedabad,141.88,202,8,1,5,0,72.57,2,75.78,41,42,94.97,92.02,178,2,18,128,Compensation,95,100.0,0.2658,181,59,0,0
BG-42-000756,Metro,Gujarat,Rajkot,409.81,571,12,2,7,5,69.88,5,27.48,377,63,27.94,25.83,149,4,56,246,Survey,118,13.33,0.2063,206,73,1,300
BG-42-000757,Power Transmission,Karnataka,Bengaluru Urban,55.6,105,5,1,3,0,79.88,3,10.46,72,50,18.98,11.54,20,5,88,125,Objections,110,16.54,0.2523,253,54,1,255
BG-42-000758,Metro,Karnataka,Kalaburagi,75.63,203,7,4,0,7,83.19,2,50.19,68,81,81.4,71.49,159,2,84,128,Possession,156,100.0,0.597,195,67,1,411
BG-42-000759,Irrigation,Rajasthan,Kota,72.12,139,4,1,4,3,68.15,4,0.0,90,53,0.0,0.0,0,3,59,184,Notification,97,11.13,0.4355,7,88,1,409
BG-42-000760,Irrigation,Telangana,Karimnagar,63.79,47,3,1,2,3,85.86,2,43.23,22,51,56.95,49.64,26,1,36,79,Award,41,64.02,0.182,257,23,0,0
BG-42-000761,Highway,Karnataka,Bengaluru Urban,17.44,14,3,0,1,0,86.34,3,95.1,0,23,90.93,89.38,12,4,42,31,Rehabilitation & Resettlement,77,92.25,0.2118,244,170,0,0
BG-42-000762,Industrial Corridor,Karnataka,Mysuru,257.21,344,10,3,5,4,79.61,1,0.0,278,103,23.84,3.46,81,1,27,162,Survey,78,13.2,0.6752,142,66,1,343
BG-42-000763,Highway,Telangana,Warangal,37.68,33,3,1,1,2,86.59,3,16.06,26,90,13.75,20.42,4,1,26,55,Notification,103,37.65,0.3707,461,72,0,0
BG-42-000764,Power Transmission,Gujarat,Ahmedabad,98.09,118,4,0,2,0,88.49,0,27.78,79,82,14.94,10.27,16,0,7,120,Survey,59,20.23,0.0711,242,73,0,0
BG-42-000765,Industrial Corridor,Madhya Pradesh,Bhopal,27.45,99,2,0,3,0,88.38,4,85.43,11,0,77.06,77.57,71,3,55,192,Possession,63,92.42,0.5351,7,73,0,0
BG-42-000766,Railway,Telangana,Warangal,140.69,177,8,1,9,3,72.35,8,9.32,118,83,0.0,0.0,0,3,59,131,Notification,73,6.67,0.1954,405,90,1,311
BG-42-000767,Highway,Madhya Pradesh,Jabalpur,45.68,43,3,1,1,2,89.58,1,13.8,24,78,22.05,20.69,9,3,59,76,Survey,152,23.94,0.6311,445,22,1,271
BG-42-000768,Railway,Karnataka,Belagavi,34.51,76,5,1,1,2,74.4,4,14.42,44,77,3.84,0.67,3,1,60,51,Notification,55,0.0,0.5164,241,43,1,210
BG-42-000769,Power Transmission,Tamil Nadu,Chennai,100.03,130,5,3,1,2,77.95,2,12.33,77,102,0.0,0.0,0,0,29,104,Survey,123,0.0,0.5432,277,54,1,362
BG-42-000770,Power Transmission,Karnataka,Bengaluru Urban,48.88,60,4,1,3,2,81.87,2,66.22,16,48,57.67,57.19,31,1,39,72,Compensation,61,78.92,0.2536,430,52,0,0
BG-42-000771,Highway,Maharashtra,Nagpur,54.09,165,4,0,3,2,100.0,2,33.44,67,76,24.84,18.33,40,1,48,146,Objections,74,29.43,0.5618,160,35,1,116
BG-42-000772,Railway,Telangana,Warangal,98.24,96,6,1,2,3,99.75,2,49.79,29,32,39.6,40.59,37,4,68,59,Compensation,115,58.41,0.3504,29,41,1,166
BG-42-000773,Railway,Gujarat,Rajkot,162.39,91,6,0,3,0,76.61,2,39.06,51,59,27.63,4.16,23,0,6,103,Compensation,82,38.24,0.3803,28,21,1,220
BG-42-000774,Industrial Corridor,Maharashtra,Nashik,44.49,120,4,0,4,2,83.69,0,77.5,18,3,68.57,68.74,73,3,23,111,Rehabilitation & Resettlement,50,81.62,0.6072,7,53,0,0
BG-42-000775,Highway,Karnataka,Mysuru,38.75,74,5,3,1,1,88.82,2,0.0,57,107,7.81,7.27,6,1,19,60,Notification,68,0.15,0.3305,74,54,1,287
BG-42-000776,Railway,Karnataka,Bengaluru Urban,87.25,211,6,0,6,1,89.77,6,78.94,26,51,82.7,93.03,166,0,22,187,Rehabilitation & Resettlement,19,100.0,0.5672,181,47,0,0
BG-42-000777,Irrigation,Uttar Pradesh,Kanpur Nagar,131.82,202,8,0,2,3,89.82,2,73.38,35,53,100.0,100.0,183,1,24,98,Compensation,26,100.0,0.3908,351,30,0,0
BG-42-000778,Metro,Uttar Pradesh,Varanasi,275.95,477,9,2,5,2,60.45,7,0.0,355,72,0.0,0.0,0,3,72,213,Survey,73,0.0,0.5254,402,63,1,351
BG-42-000779,Power Transmission,Tamil Nadu,Coimbatore,36.34,90,3,1,1,0,81.72,3,46.91,33,32,83.07,77.3,69,1,24,105,Rehabilitation & Resettlement,86,98.06,0.8691,169,30,0,0
BG-42-000780,Metro,Madhya Pradesh,Jabalpur,66.4,69,6,0,2,1,87.91,3,90.46,4,20,100.0,94.32,64,1,8,47,Rehabilitation & Resettlement,19,100.0,0.0609,180,25,0,0
BG-42-000781,Metro,Karnataka,Bengaluru Urban,219.34,366,9,2,7,5,70.87,5,12.38,237,75,25.66,22.86,91,3,39,176,Objections,124,0.0,0.7185,399,73,0,0
BG-42-000782,Industrial Corridor,Rajasthan,Kota,415.08,650,10,0,2,0,80.5,1,52.29,191,66,66.0,61.26,404,2,36,235,Possession,48,72.64,0.6502,7,29,1,198
BG-42-000783,Highway,Uttar Pradesh,Kanpur Nagar,38.69,54,4,2,1,1,86.47,2,4.71,32,105,47.71,46.27,25,2,37,20,Award,71,44.61,0.6184,189,28,1,292
BG-42-000784,Highway,Uttar Pradesh,Agra,47.42,96,8,2,6,2,96.34,1,41.67,42,71,38.27,28.64,35,0,12,96,Compensation,41,60.63,0.2587,62,60,0,0
BG-42-000785,Irrigation,Telangana,Warangal,116.15,165,5,0,1,2,100.0,2,99.1,1,0,100.0,100.0,150,0,44,140,Possession,3,100.0,0.3999,88,37,0,0
BG-42-000786,Power Transmission,Madhya Pradesh,Bhopal,53.94,47,5,1,2,1,70.72,3,50.7,18,64,31.77,28.81,13,3,73,54,Objections,64,35.34,0.7723,7,42,1,220
BG-42-000787,Power Transmission,Maharashtra,Nagpur,46.65,136,6,0,7,1,92.68,3,48.64,47,56,59.8,75.2,77,1,11,151,Rehabilitation & Resettlement,26,65.02,0.4685,255,66,1,217
BG-42-000788,Highway,Uttar Pradesh,Lucknow,104.12,280,6,1,6,1,63.32,5,0.0,195,89,0.0,0.0,0,2,58,213,Objections,96,17.02,0.3165,305,82,1,436
BG-42-000789,Highway,Maharashtra,Thane,295.76,311,9,1,6,2,61.81,4,99.74,1,0,73.91,68.53,218,2,31,166,Rehabilitation & Resettlement,42,83.44,0.7216,328,92,1,166
BG-42-000790,Highway,Uttar Pradesh,Kanpur Nagar,30.04,145,4,0,2,1,100.0,0,29.01,82,89,41.77,45.68,59,4,70,139,Compensation,55,34.37,0.3746,143,43,1,270
BG-42-000791,Irrigation,Rajasthan,Udaipur,283.91,184,9,2,9,0,91.54,5,0.0,124,74,0.0,0.0,0,1,48,175,Survey,79,9.56,0.636,317,98,0,0
BG-42-000792,Power Transmission,Uttar Pradesh,Varanasi,54.06,98,6,0,2,1,100.0,0,64.85,30,6,60.34,68.03,56,0,0,91,Award,120,87.55,0.096,313,17,0,0
BG-42-000793,Metro,Tamil Nadu,Coimbatore,112.91,197,6,0,4,0,87.61,1,25.06,111,74,33.97,33.14,66,3,41,160,Objections,76,29.48,0.642,30,40,0,0
BG-42-000794,Irrigation,Tamil Nadu,Madurai,305.72,642,13,1,9,6,79.59,4,2.53,447,106,4.31,3.37,27,2,43,275,Notification,101,0.0,0.1947,283,66,1,281
BG-42-000795,Highway,Tamil Nadu,Chennai,111.08,167,6,4,3,3,51.0,5,0.0,96,92,0.0,8.5,0,1,38,143,Notification,123,0.0,0.3818,340,83,1,357
BG-42-000796,Industrial Corridor,Tamil Nadu,Chennai,67.49,127,7,0,1,0,87.37,0,0.0,104,68,14.69,9.02,17,0,0,62,Objections,21,10.03,0.4772,38,35,0,0
BG-42-000797,Highway,Tamil Nadu,Salem,152.1,342,7,0,7,1,77.84,4,4.62,283,87,14.78,8.26,48,0,4,216,Notification,11,0.0,0.1047,320,88,0,0
BG-42-000798,Railway,Gujarat,Rajkot,74.55,133,5,1,7,3,79.27,1,5.6,114,120,0.0,0.0,0,0,11,168,Survey,68,0.0,0.3344,264,69,1,296
BG-42-000799,Irrigation,Maharashtra,Thane,129.94,142,8,2,5,2,87.3,1,73.68,25,67,63.64,59.15,80,4,52,115,Rehabilitation & Resettlement,96,81.86,0.295,233,87,0,0
BG-42-000800,Power Transmission,Maharashtra,Nashik,72.69,91,3,1,6,1,80.55,4,50.37,34,66,18.35,6.34,16,0,12,179,Compensation,47,65.28,0.6661,291,69,0,0
BG-42-000801,Highway,Rajasthan,Jodhpur,170.53,285,8,0,5,0,82.73,4,89.06,24,19,58.76,59.83,148,5,50,169,Rehabilitation & Resettlement,64,92.16,0.1878,89,83,0,0
BG-42-000802,Highway,Gujarat,Surat,28.07,51,3,0,1,0,85.99,2,47.67,19,43,18.88,14.05,9,0,13,79,Objections,80,60.66,0.3701,201,44,0,0
BG-42-000803,Industrial Corridor,Tamil Nadu,Madurai,38.06,95,4,1,0,1,100.0,0,82.31,10,20,100.0,96.46,85,2,15,109,Possession,43,100.0,0.2498,7,30,0,0
BG-42-000804,Highway,Karnataka,Belagavi,27.74,60,3,1,3,2,71.64,3,30.0,37,60,36.56,33.19,20,0,0,73,Compensation,150,45.52,0.3177,209,76,1,140
BG-42-000805,Industrial Corridor,Rajasthan,Udaipur,81.85,133,4,0,2,2,84.68,4,34.82,63,60,43.21,47.65,53,0,37,125,Survey,96,66.53,0.4901,145,82,1,292
BG-42-000806,Industrial Corridor,Uttar Pradesh,Agra,25.19,106,2,2,2,2,67.3,3,0.0,99,87,0.0,0.49,0,3,81,219,Survey,134,0.0,0.4526,223,95,1,379
BG-42-000807,Railway,Gujarat,Surat,49.23,145,5,1,1,0,73.42,0,51.32,61,44,63.96,65.72,82,5,99,109,Compensation,74,79.89,0.251,357,41,1,203
BG-42-000808,Railway,Karnataka,Belagavi,35.3,75,4,1,2,2,74.72,5,23.82,34,60,24.18,20.84,16,6,96,90,Survey,82,23.92,0.2246,208,86,0,0
BG-42-000809,Highway,Maharashtra,Nagpur,279.71,474,8,0,5,1,89.22,2,16.88,336,68,53.22,55.14,243,0,22,235,Award,29,49.3,0.1527,183,48,1,251
BG-42-000810,Irrigation,Rajasthan,Udaipur,38.76,77,5,3,4,3,91.62,2,58.67,19,51,75.83,89.58,55,4,123,101,Possession,91,100.0,0.5871,88,68,1,242
BG-42-000811,Railway,Uttar Pradesh,Kanpur Nagar,30.59,146,5,0,2,2,76.71,4,5.55,94,85,5.98,13.4,8,3,10,119,Notification,50,0.0,0.3463,248,24,0,0
BG-42-000812,Industrial Corridor,Gujarat,Ahmedabad,104.45,257,6,1,5,3,67.56,4,0.0,193,100,0.0,0.0,0,5,83,183,Notification,107,0.0,0.4913,193,60,1,295
BG-42-000813,Railway,Rajasthan,Jodhpur,330.12,692,13,4,11,4,93.59,7,100.0,0,78,100.0,100.0,682,5,122,292,Possession,228,100.0,0.3497,7,149,1,400
BG-42-000814,Industrial Corridor,Tamil Nadu,Madurai,78.03,220,7,0,3,3,88.32,2,90.47,20,35,77.42,79.11,151,1,0,123,Compensation,14,100.0,0.3817,61,25,0,0
BG-42-000815,Highway,Karnataka,Kalaburagi,83.02,125,8,0,2,3,68.62,4,0.0,70,105,8.77,6.96,10,1,13,85,Survey,75,0.0,0.4598,7,34,0,0
BG-42-000816,Highway,Karnataka,Kalaburagi,240.47,453,8,1,10,3,100.0,5,81.07,80,49,100.0,100.0,399,2,22,290,Possession,75,100.0,0.3698,253,80,1,216
BG-42-000817,Power Transmission,Telangana,Hyderabad,172.88,220,7,0,3,1,92.98,1,97.82,3,16,88.36,91.7,182,0,0,142,Possession,27,100.0,0.0992,7,60,1,148
BG-42-000818,Industrial Corridor,Karnataka,Belagavi,120.34,321,5,0,11,4,80.57,9,34.65,149,29,26.35,26.0,78,3,13,333,Compensation,59,55.74,0.5937,48,104,1,206
BG-42-000819,Highway,Rajasthan,Jaipur,53.74,105,4,1,2,0,76.4,4,48.47,35,61,33.73,28.87,32,0,21,155,Compensation,48,65.92,0.6235,141,25,1,106
BG-42-000820,Railway,Telangana,Warangal,123.32,159,6,2,1,1,62.7,1,38.6,85,58,41.01,33.06,62,3,77,79,Objections,114,56.1,0.3182,482,34,0,0
BG-42-000821,Irrigation,Madhya Pradesh,Gwalior,28.83,99,8,2,1,2,75.64,2,15.95,78,72,20.8,25.46,19,3,65,40,Notification,79,0.0,0.3883,274,52,1,261
BG-42-000822,Highway,Tamil Nadu,Salem,51.99,125,4,0,2,1,76.99,4,63.62,33,7,59.44,60.24,74,3,39,121,Compensation,78,74.81,0.0629,162,16,0,0
BG-42-000823,Highway,Maharashtra,Pune,269.12,650,8,1,13,0,88.29,3,0.0,503,65,24.7,20.6,154,2,39,379,Objections,110,15.8,0.6356,7,116,1,436
BG-42-000824,Metro,Telangana,Hyderabad,242.64,504,6,0,4,1,100.0,1,66.92,152,28,53.77,51.61,248,0,6,292,Compensation,28,69.38,0.2909,439,47,0,0
BG-42-000825,Railway,Gujarat,Vadodara,121.51,253,7,1,6,1,91.85,5,58.28,71,49,57.55,52.6,138,3,77,160,Rehabilitation & Resettlement,102,100.0,0.3734,267,87,1,369
BG-42-000826,Industrial Corridor,Tamil Nadu,Coimbatore,18.29,27,2,0,0,0,76.12,2,0.0,23,85,0.0,0.0,0,0,0,81,Notification,56,23.68,0.2433,292,7,0,0
BG-42-000827,Industrial Corridor,Rajasthan,Jodhpur,32.57,82,5,0,3,1,60.51,4,92.82,3,3,67.47,75.34,49,1,34,67,Compensation,47,72.51,0.3815,298,51,0,0
BG-42-000828,Metro,Karnataka,Kalaburagi,49.72,139,2,0,1,0,65.24,4,33.82,56,67,60.1,59.2,75,1,84,258,Objections,129,55.48,0.5119,7,79,0,0
BG-42-000829,Industrial Corridor,Gujarat,Rajkot,74.64,101,5,0,4,0,100.0,5,100.0,0,18,100.0,82.9,97,0,11,97,Possession,22,100.0,0.0838,251,54,0,0
BG-42-000830,Metro,Gujarat,Rajkot,31.49,21,2,0,2,2,72.26,2,16.98,13,81,27.86,31.93,5,1,0,61,Objections,84,35.11,0.2115,53,33,0,0
BG-42-000831,Power Transmission,Tamil Nadu,Salem,70.31,177,5,2,8,1,69.71,4,41.57,65,72,63.61,64.08,105,2,89,186,Compensation,81,72.77,0.3623,116,100,0,0
BG-42-000832,Highway,Uttar Pradesh,Agra,352.07,760,9,1,5,2,100.0,5,71.31,139,47,80.96,83.43,563,0,0,317,Compensation,136,100.0,0.4731,303,66,1,267
BG-42-000833,Railway,Tamil Nadu,Madurai,118.0,245,6,1,2,2,94.8,3,43.63,80,23,57.79,64.39,129,3,71,152,Award,149,66.08,0.4097,517,64,0,0
BG-42-000834,Industrial Corridor,Maharashtra,Thane,102.01,98,5,4,2,4,80.2,2,35.28,38,84,39.61,36.41,34,1,63,114,Compensation,83,61.77,0.4264,207,65,1,336
BG-42-000835,Railway,Karnataka,Belagavi,37.94,101,5,0,1,1,85.39,2,93.59,6,0,94.39,93.59,92,1,13,78,Rehabilitation & Resettlement,86,98.59,0.2386,400,53,0,0
BG-42-000836,Highway,Madhya Pradesh,Bhopal,23.08,71,6,0,3,1,85.21,4,44.18,37,83,52.46,39.91,37,3,26,70,Compensation,51,62.31,0.0831,267,30,0,0
BG-42-000837,Railway,Uttar Pradesh,Agra,32.05,101,4,1,2,0,98.2,2,64.44,22,59,85.09,78.9,78,1,55,112,Rehabilitation & Resettlement,87,84.92,0.3708,83,59,0,0
BG-42-000838,Industrial Corridor,Karnataka,Kalaburagi,22.34,45,3,0,3,1,100.0,3,93.85,2,15,97.96,100.0,40,3,40,113,Possession,51,100.0,0.2199,154,60,0,0
BG-42-000839,Highway,Maharashtra,Nashik,90.92,131,6,2,1,0,86.76,0,44.19,49,56,25.79,23.5,33,1,10,81,Award,103,43.75,0.3913,422,32,1,201
BG-42-000840,Industrial Corridor,Tamil Nadu,Coimbatore,116.41,238,6,0,5,1,80.52,3,66.34,69,0,69.62,64.62,161,0,25,170,Award,75,55.3,0.4984,15,58,0,0
BG-42-000841,Power Transmission,Madhya Pradesh,Jabalpur,39.56,68,5,3,2,1,100.0,4,0.0,61,79,0.0,0.17,0,0,38,56,Notification,71,1.22,0.3919,275,48,0,0
BG-42-000842,Industrial Corridor,Uttar Pradesh,Varanasi,96.38,93,6,3,4,2,95.71,3,41.0,34,59,63.94,54.74,58,6,69,98,Rehabilitation & Resettlement,109,85.99,0.3029,347,77,1,266
BG-42-000843,Highway,Madhya Pradesh,Jabalpur,277.33,399,7,1,4,1,84.19,6,39.47,161,65,50.19,43.75,180,0,31,209,Compensation,101,61.53,0.4956,135,36,0,0
BG-42-000844,Power Transmission,Uttar Pradesh,Kanpur Nagar,410.0,328,11,0,8,0,95.39,4,44.07,159,43,38.69,43.04,115,0,13,152,Award,65,62.92,0.1967,201,104,0,0
BG-42-000845,Highway,Telangana,Karimnagar,158.59,321,8,2,2,0,77.98,2,5.04,269,117,0.0,0.0,0,3,73,146,Survey,115,5.38,0.4324,137,80,1,312
BG-42-000846,Irrigation,Telangana,Karimnagar,74.45,123,7,1,4,1,100.0,0,90.02,10,7,67.21,61.1,75,2,83,103,Possession,69,100.0,0.1734,220,67,0,0
BG-42-000847,Industrial Corridor,Maharashtra,Thane,154.54,261,6,2,4,1,76.64,3,25.64,146,116,23.69,22.56,55,2,28,165,Award,64,52.71,0.6942,204,122,1,342
BG-42-000848,Highway,Maharashtra,Nagpur,252.51,382,9,2,3,5,87.7,4,59.96,89,25,54.92,56.11,185,2,51,195,Compensation,78,64.41,0.3985,402,87,0,0
BG-42-000849,Power Transmission,Madhya Pradesh,Bhopal,17.19,3,2,2,0,2,89.06,1,0.0,3,108,16.16,7.41,0,2,45,24,Survey,74,10.92,0.1434,100,56,1,262
BG-42-000850,Metro,Madhya Pradesh,Gwalior,280.24,234,9,3,6,5,72.8,3,44.3,88,63,35.15,37.13,79,6,115,149,Possession,174,68.28,0.4861,25,86,1,395
BG-42-000851,Metro,Karnataka,Bengaluru Urban,55.39,169,5,1,3,1,66.32,2,22.52,111,66,22.89,21.23,39,0,4,162,Survey,23,30.08,0.4291,441,55,1,244
BG-42-000852,Railway,Gujarat,Ahmedabad,55.81,122,4,2,2,4,73.79,6,0.0,100,94,6.34,14.32,8,5,89,125,Survey,108,0.0,0.2988,402,35,1,404
BG-42-000853,Industrial Corridor,Madhya Pradesh,Indore,64.46,130,5,1,4,1,64.75,3,54.85,55,32,77.92,81.11,99,2,64,161,Rehabilitation & Resettlement,49,94.04,0.7236,18,55,0,0
BG-42-000854,Industrial Corridor,Madhya Pradesh,Bhopal,110.62,159,6,0,3,0,88.14,3,85.06,15,22,89.48,85.56,135,2,67,98,Possession,100,100.0,0.2462,408,43,0,0
BG-42-000855,Irrigation,Tamil Nadu,Madurai,35.2,81,4,0,2,4,80.9,4,17.44,47,57,25.88,32.68,19,0,17,55,Survey,111,31.99,0.3319,380,16,1,216
BG-42-000856,Railway,Telangana,Warangal,68.18,152,7,1,0,0,98.66,0,38.56,72,63,5.39,3.72,8,2,18,50,Award,144,32.68,0.2027,260,27,1,154
BG-42-000857,Industrial Corridor,Gujarat,Ahmedabad,130.35,174,6,2,4,3,85.19,0,24.36,86,83,60.44,61.81,95,1,54,142,Rehabilitation & Resettlement,100,52.49,0.2448,68,112,0,0
BG-42-000858,Industrial Corridor,Madhya Pradesh,Bhopal,101.99,198,6,3,6,1,83.46,2,61.1,73,54,100.0,93.51,190,3,36,183,Possession,175,84.35,0.2492,222,111,0,0
BG-42-000859,Industrial Corridor,Karnataka,Bengaluru Urban,116.12,186,4,0,5,0,87.05,2,40.21,76,44,36.13,26.73,64,1,0,222,Award,44,48.66,0.3394,360,60,0,0
BG-42-000860,Metro,Rajasthan,Kota,66.08,167,6,1,2,0,70.58,1,53.27,64,72,64.05,50.0,100,3,38,151,Award,102,91.77,0.494,141,52,0,0
BG-42-000861,Railway,Maharashtra,Thane,149.15,369,6,1,5,3,90.83,5,73.82,53,0,80.13,73.76,284,4,46,243,Rehabilitation & Resettlement,111,100.0,0.7771,7,70,1,263
BG-42-000862,Power Transmission,Tamil Nadu,Coimbatore,199.36,407,9,1,2,2,98.88,2,81.39,57,33,100.0,98.02,394,2,43,177,Rehabilitation & Resettlement,51,100.0,0.2922,397,52,0,0
BG-42-000863,Railway,Maharashtra,Pune,190.02,414,6,0,5,2,78.97,6,89.29,25,44,84.98,78.2,311,2,51,233,Rehabilitation & Resettlement,79,100.0,0.521,304,82,0,0
BG-42-000864,Highway,Uttar Pradesh,Varanasi,120.55,187,7,1,3,3,90.64,1,65.92,56,57,45.45,45.48,84,2,48,99,Compensation,88,59.22,0.2581,195,49,1,192
BG-42-000865,Metro,Telangana,Karimnagar,181.47,281,5,3,3,4,72.52,3,0.0,202,80,2.86,0.0,7,2,21,236,Survey,184,11.75,0.4914,113,64,1,394
BG-42-000866,Highway,Gujarat,Ahmedabad,171.89,259,8,1,9,0,99.43,6,81.43,37,12,90.95,88.98,215,1,1,187,Possession,66,93.37,0.3753,225,88,0,0
BG-42-000867,Highway,Tamil Nadu,Salem,728.66,1434,13,0,17,3,86.46,6,100.0,0,3,100.0,100.0,1391,0,5,500,Rehabilitation & Resettlement,141,100.0,0.1279,122,128,0,0
BG-42-000868,Highway,Uttar Pradesh,Lucknow,226.89,239,8,0,3,1,85.78,5,72.49,40,6,72.97,82.66,162,5,67,118,Rehabilitation & Resettlement,62,97.0,0.5059,16,33,1,206
BG-42-000869,Industrial Corridor,Tamil Nadu,Coimbatore,79.76,81,5,1,4,1,77.21,5,24.89,36,57,0.0,0.0,0,3,66,82,Survey,143,0.0,0.4272,63,68,1,302
BG-42-000870,Irrigation,Gujarat,Vadodara,41.29,24,3,0,0,0,100.0,1,63.36,7,8,33.6,22.63,8,0,23,24,Survey,111,53.63,0.1,362,50,0,0
BG-42-000871,Metro,Tamil Nadu,Chennai,69.48,88,5,1,3,0,65.64,3,53.46,29,59,5.06,4.4,4,3,60,118,Rehabilitation & Resettlement,73,51.19,0.3541,287,50,1,215
BG-42-000872,Highway,Maharashtra,Nashik,65.67,162,5,1,2,0,80.52,0,13.05,95,99,0.22,0.0,0,2,22,160,Notification,108,2.24,0.7525,498,103,0,0
BG-42-000873,Power Transmission,Rajasthan,Jaipur,128.91,156,7,1,2,0,87.76,3,74.44,37,18,80.0,66.17,110,2,0,84,Possession,82,100.0,0.5175,143,24,1,140
BG-42-000874,Highway,Telangana,Hyderabad,48.9,141,5,1,2,2,94.89,4,76.66,19,22,72.88,73.97,102,0,0,137,Award,49,63.03,0.5419,219,37,0,0
BG-42-000875,Irrigation,Uttar Pradesh,Agra,222.24,257,7,0,1,1,100.0,1,85.23,25,0,100.0,89.19,231,2,55,162,Rehabilitation & Resettlement,59,100.0,0.3069,205,10,0,0
BG-42-000876,Industrial Corridor,Karnataka,Bengaluru Urban,28.17,79,6,0,1,0,91.93,2,87.87,7,25,100.0,100.0,74,5,115,51,Possession,124,100.0,0.7343,144,9,0,0
BG-42-000877,Highway,Maharashtra,Pune,23.2,91,4,2,4,2,81.22,4,34.19,34,55,0.0,5.73,0,2,13,85,Award,136,45.94,0.7477,133,71,1,266
BG-42-000878,Metro,Madhya Pradesh,Bhopal,76.85,177,5,0,4,1,81.23,4,44.04,75,33,40.92,48.0,65,3,19,184,Objections,85,43.29,0.472,100,91,0,0
BG-42-000879,Railway,Telangana,Hyderabad,43.64,123,5,1,5,3,61.87,6,34.11,69,76,10.93,3.2,13,2,68,107,Compensation,82,58.86,0.3395,169,70,1,232
BG-42-000880,Power Transmission,Karnataka,Belagavi,31.29,3,4,0,0,0,100.0,2,100.0,0,26,83.19,81.4,2,0,9,0,Compensation,70,98.25,0.4332,361,25,0,0
BG-42-000881,Highway,Maharashtra,Thane,51.44,53,4,0,0,1,86.95,2,62.92,15,37,45.93,52.8,22,1,36,58,Award,73,54.32,0.5681,283,47,0,0
BG-42-000882,Power Transmission,Karnataka,Bengaluru Urban,46.56,147,4,0,6,1,87.55,4,100.0,0,0,79.07,60.3,108,1,0,169,Compensation,69,100.0,0.4909,93,87,1,217
BG-42-000883,Power Transmission,Uttar Pradesh,Varanasi,86.32,180,7,1,3,2,90.96,1,99.85,0,30,100.0,89.01,177,2,38,143,Possession,47,100.0,0.314,107,101,1,185
BG-42-000884,Power Transmission,Telangana,Warangal,52.12,189,7,0,6,2,64.37,7,19.47,138,40,3.77,6.04,7,2,65,124,Award,83,29.61,0.4262,163,71,1,256
BG-42-000885,Irrigation,Karnataka,Bengaluru Urban,55.63,86,2,0,2,0,88.15,2,46.17,32,25,39.71,49.88,31,0,5,156,Survey,19,9.65,0.5258,327,94,0,0
BG-42-000886,Highway,Telangana,Nizamabad,85.29,154,7,4,3,6,88.45,2,11.99,105,88,37.33,15.73,56,2,59,102,Award,196,36.52,0.7566,230,55,1,277
BG-42-000887,Metro,Maharashtra,Pune,192.75,220,8,0,7,2,71.15,6,36.39,85,61,58.9,47.65,114,3,58,183,Award,92,69.28,0.7284,280,85,1,268
BG-42-000888,Power Transmission,Gujarat,Vadodara,277.72,669,9,0,9,2,59.77,7,0.0,455,77,0.0,0.0,0,4,84,316,Survey,114,0.0,0.6748,290,62,1,275
BG-42-000889,Railway,Tamil Nadu,Madurai,96.37,163,7,0,3,0,71.57,4,28.75,87,85,61.98,60.89,98,0,18,103,Survey,6,35.5,0.4693,162,61,0,0
BG-42-000890,Highway,Madhya Pradesh,Jabalpur,102.56,220,3,1,5,3,100.0,3,44.29,79,59,33.43,46.59,73,3,59,229,Compensation,137,44.24,0.5407,295,50,1,331
BG-42-000891,Railway,Uttar Pradesh,Lucknow,73.95,159,6,1,6,4,79.67,4,58.48,45,44,31.26,37.15,46,2,27,146,Objections,133,42.25,0.3508,445,58,1,179
BG-42-000892,Highway,Tamil Nadu,Coimbatore,125.84,279,8,3,2,3,100.0,2,53.44,80,33,65.91,67.56,166,1,55,93,Possession,69,90.14,0.5388,65,44,1,264
BG-42-000893,Irrigation,Karnataka,Belagavi,117.0,291,5,3,8,4,75.75,2,0.0,169,124,10.18,0.0,27,1,52,295,Objections,72,22.69,0.4835,124,107,1,403
BG-42-000894,Metro,Telangana,Karimnagar,247.32,281,7,0,6,1,97.84,4,29.42,149,59,35.97,34.02,92,0,23,194,Survey,175,43.83,0.0454,310,67,0,0
BG-42-000895,Industrial Corridor,Uttar Pradesh,Lucknow,18.9,64,5,2,2,2,68.41,2,87.79,7,6,93.55,98.14,55,3,77,98,Rehabilitation & Resettlement,142,99.94,0.2342,314,53,1,320
BG-42-000896,Irrigation,Tamil Nadu,Coimbatore,70.98,21,3,0,1,1,80.94,4,92.78,1,0,86.44,75.5,18,3,64,25,Possession,78,100.0,0.5469,149,24,0,0
BG-42-000897,Railway,Gujarat,Rajkot,112.32,165,7,0,5,0,100.0,0,9.99,86,102,0.0,0.0,0,2,42,130,Objections,30,0.47,0.739,299,110,1,320
BG-42-000898,Power Transmission,Rajasthan,Jodhpur,83.85,232,7,1,4,0,86.88,2,0.0,184,94,0.0,0.0,0,3,39,125,Survey,82,0.0,0.4928,70,56,1,259
BG-42-000899,Highway,Gujarat,Surat,40.39,87,5,1,0,1,86.75,2,22.02,43,69,41.15,33.74,35,1,42,60,Survey,70,37.88,0.1357,193,29,0,0
BG-42-000900,Highway,Uttar Pradesh,Agra,30.28,79,5,0,2,0,61.76,4,74.84,16,15,52.35,56.07,40,2,53,80,Compensation,48,100.0,0.3319,259,35,0,0
BG-42-000901,Highway,Maharashtra,Thane,163.21,311,7,1,5,2,82.92,2,58.45,78,52,82.46,87.43,231,0,21,192,Award,76,90.34,0.4741,94,59,1,271
BG-42-000902,Railway,Maharashtra,Nagpur,46.73,178,5,1,1,2,64.33,5,3.63,120,62,12.06,3.4,20,2,33,147,Objections,121,14.21,0.4896,217,27,1,219
BG-42-000903,Railway,Maharashtra,Nagpur,21.03,45,3,0,1,1,96.31,0,0.0,35,88,17.7,7.25,7,0,17,43,Notification,66,17.34,0.3327,275,44,1,230
BG-42-000904,Metro,Rajasthan,Kota,169.91,311,6,0,6,1,68.72,5,61.06,72,27,50.52,47.95,141,1,10,271,Award,93,55.23,0.2601,109,68,1,239
BG-42-000905,Highway,Rajasthan,Jodhpur,123.62,235,6,0,6,1,100.0,2,100.0,0,0,100.0,100.0,210,1,6,195,Possession,56,100.0,0.2815,182,60,0,0
BG-42-000906,Highway,Gujarat,Rajkot,78.05,151,4,1,2,1,71.91,4,87.75,12,13,70.98,84.12,107,5,78,120,Compensation,61,98.67,0.1583,260,91,0,0
BG-42-000907,Industrial Corridor,Madhya Pradesh,Bhopal,41.2,116,5,3,4,2,59.85,4,21.27,63,57,63.16,61.32,66,3,67,117,Award,95,37.05,0.3037,355,59,1,295
BG-42-000908,Highway,Karnataka,Bengaluru Urban,78.2,131,2,0,3,0,64.88,4,21.24,86,57,6.37,1.42,8,6,66,236,Survey,91,27.97,0.393,353,52,1,315
BG-42-000909,Power Transmission,Madhya Pradesh,Jabalpur,226.44,481,8,3,11,3,94.2,5,5.32,308,56,0.0,0.0,0,0,41,313,Objections,107,19.08,0.2239,156,137,1,420
BG-42-000910,Irrigation,Madhya Pradesh,Gwalior,23.53,105,4,3,4,2,82.08,3,15.08,50,76,0.0,0.0,0,4,85,94,Objections,160,4.31,0.6614,293,75,1,320
BG-42-000911,Industrial Corridor,Rajasthan,Udaipur,24.5,89,3,2,6,4,86.02,4,72.41,14,15,72.22,68.09,59,3,41,155,Rehabilitation & Resettlement,104,94.53,0.3802,164,83,0,0
BG-42-000912,Industrial Corridor,Rajasthan,Kota,51.82,79,3,0,2,3,78.32,3,40.88,42,51,40.31,44.55,31,2,43,147,Possession,78,65.46,0.6036,225,34,1,214
BG-42-000913,Industrial Corridor,Karnataka,Mysuru,83.82,63,5,2,4,2,100.0,2,88.57,6,21,100.0,99.7,58,1,27,89,Possession,173,100.0,0.5681,286,103,0,0
BG-42-000914,Industrial Corridor,Karnataka,Mysuru,57.57,111,6,3,1,2,87.29,0,63.33,32,54,70.15,67.38,70,2,75,38,Possession,140,100.0,0.6154,7,99,0,0
BG-42-000915,Irrigation,Maharashtra,Nashik,143.2,247,7,2,8,2,51.2,8,67.09,72,63,49.92,40.45,120,7,87,197,Possession,150,100.0,0.516,128,89,1,253
BG-42-000916,Irrigation,Gujarat,Surat,204.6,119,6,0,3,3,96.63,0,90.1,11,35,78.72,80.21,90,0,7,93,Possession,61,94.88,0.2318,211,47,0,0
BG-42-000917,Railway,Uttar Pradesh,Kanpur Nagar,107.02,254,6,1,3,1,76.39,4,33.1,127,57,10.7,7.47,25,3,53,187,Notification,57,0.0,0.3076,287,60,1,279
BG-42-000918,Industrial Corridor,Karnataka,Bengaluru Urban,134.07,250,7,0,1,1,71.74,3,12.19,190,75,12.82,16.32,31,4,58,141,Survey,95,16.74,0.7208,367,21,1,205
BG-42-000919,Power Transmission,Karnataka,Mysuru,106.45,99,6,2,2,1,94.88,0,22.35,47,59,10.37,0.0,9,0,57,85,Objections,92,41.96,0.1673,20,65,0,0
BG-42-000920,Highway,Maharashtra,Thane,86.28,80,4,3,1,2,75.39,3,16.24,47,84,61.13,61.56,45,3,82,71,Compensation,90,69.65,0.5503,115,52,1,326
BG-42-000921,Metro,Gujarat,Vadodara,30.42,92,4,0,2,0,73.25,6,16.29,56,96,16.5,20.6,15,1,26,61,Survey,127,0.0,0.4125,376,48,0,0
BG-42-000922,Industrial Corridor,Gujarat,Ahmedabad,37.62,66,5,2,3,3,75.68,3,94.32,3,3,81.04,79.42,48,3,60,80,Rehabilitation & Resettlement,80,100.0,0.8134,36,46,1,242
BG-42-000923,Industrial Corridor,Gujarat,Surat,29.06,70,5,0,4,3,80.34,4,54.91,22,76,23.32,28.02,16,2,50,65,Compensation,83,35.53,0.5407,193,63,0,0
BG-42-000924,Railway,Maharashtra,Nashik,76.04,80,6,1,6,2,62.38,5,33.06,38,28,34.08,35.4,25,2,16,120,Compensation,81,74.51,0.7171,48,51,1,139
BG-42-000925,Railway,Maharashtra,Nashik,103.11,238,8,1,7,2,65.67,9,15.49,162,81,14.73,7.81,35,2,56,146,Survey,92,32.99,0.4978,436,82,1,309
BG-42-000926,Highway,Maharashtra,Nagpur,26.86,57,4,1,2,2,76.34,6,26.52,23,53,16.46,5.23,9,1,20,125,Objections,119,13.41,0.1679,89,45,1,285
BG-42-000927,Industrial Corridor,Telangana,Karimnagar,90.75,86,5,2,2,2,68.44,6,15.51,50,41,10.54,16.41,8,2,26,58,Survey,65,46.66,0.679,244,59,0,0
BG-42-000928,Irrigation,Gujarat,Vadodara,42.51,46,3,2,2,3,100.0,4,56.36,17,67,52.55,46.0,23,1,38,79,Rehabilitation & Resettlement,73,100.0,0.4912,154,52,0,0
BG-42-000929,Irrigation,Tamil Nadu,Coimbatore,36.4,11,4,3,1,1,56.61,2,43.43,5,67,34.61,31.61,4,5,83,0,Compensation,208,84.29,0.3624,169,77,1,303
BG-42-000930,Railway,Maharashtra,Pune,51.92,77,3,1,1,1,100.0,0,73.97,15,38,100.0,93.75,71,1,44,137,Rehabilitation & Resettlement,101,100.0,0.2689,106,46,0,0
BG-42-000931,Highway,Tamil Nadu,Chennai,34.94,100,4,2,0,1,54.0,8,0.0,61,81,0.0,6.47,0,4,67,69,Objections,139,5.78,0.6264,276,39,1,325
BG-42-000932,Power Transmission,Telangana,Karimnagar,139.12,206,7,1,6,2,65.67,5,41.03,88,71,45.8,25.65,91,5,92,162,Award,126,61.32,0.6921,233,49,1,279
BG-42-000933,Industrial Corridor,Karnataka,Belagavi,74.86,120,7,3,3,1,58.18,3,46.82,53,54,63.08,68.2,70,4,88,99,Award,134,49.51,0.8413,168,87,1,396
BG-42-000934,Metro,Telangana,Nizamabad,164.38,316,5,3,12,7,59.51,9,55.23,110,73,51.53,45.23,160,2,45,338,Rehabilitation & Resettlement,103,93.32,0.4788,48,178,1,415
BG-42-000935,Railway,Uttar Pradesh,Varanasi,60.05,44,5,1,3,2,96.65,0,93.79,2,6,70.23,85.09,31,4,50,72,Rehabilitation & Resettlement,103,100.0,0.1447,137,34,0,0
BG-42-000936,Highway,Karnataka,Kalaburagi,61.9,184,5,1,3,1,89.09,3,0.0,134,107,17.07,22.4,29,2,53,150,Survey,74,31.17,0.4997,438,54,1,177
BG-42-000937,Power Transmission,Madhya Pradesh,Gwalior,383.26,868,10,0,17,2,93.44,7,84.29,97,25,100.0,91.55,794,0,17,462,Possession,98,100.0,0.2162,114,123,1,364
BG-42-000938,Industrial Corridor,Rajasthan,Jaipur,23.37,95,4,0,1,0,82.57,3,53.9,26,69,13.24,23.73,11,2,27,94,Survey,48,34.31,0.2965,174,31,1,113
BG-42-000939,Railway,Gujarat,Surat,239.27,490,8,0,10,2,87.99,4,100.0,0,12,89.51,82.4,415,2,47,264,Possession,33,100.0,0.3636,7,73,0,0
BG-42-000940,Irrigation,Maharashtra,Pune,321.7,290,11,3,11,6,63.86,6,0.0,182,120,0.0,2.71,0,1,30,173,Survey,125,0.0,0.2793,166,194,1,440
BG-42-000941,Industrial Corridor,Tamil Nadu,Coimbatore,158.01,359,8,0,6,0,57.78,5,0.0,329,91,0.0,1.61,0,5,69,228,Objections,67,0.0,0.506,45,40,1,292
BG-42-000942,Irrigation,Gujarat,Vadodara,65.73,93,8,1,4,2,78.43,4,64.26,28,55,42.6,58.1,35,2,25,95,Rehabilitation & Resettlement,43,39.74,0.2884,7,36,0,0
BG-42-000943,Metro,Gujarat,Ahmedabad,268.14,392,9,1,7,4,67.27,5,23.72,191,73,17.6,8.02,65,1,22,179,Survey,70,15.32,0.7341,184,77,1,303
BG-42-000944,Metro,Maharashtra,Pune,66.19,144,5,0,5,2,94.35,4,71.99,37,29,41.21,20.08,54,2,39,136,Award,98,58.07,0.5079,77,42,0,0
BG-42-000945,Irrigation,Rajasthan,Jodhpur,48.69,127,3,2,4,1,84.33,3,10.15,96,110,23.77,12.39,29,2,23,159,Award,65,6.88,0.1819,181,50,0,0
BG-42-000946,Irrigation,Madhya Pradesh,Jabalpur,62.76,125,4,0,0,0,98.89,1,60.23,41,38,81.13,79.23,97,0,19,106,Objections,71,100.0,0.6256,276,44,0,0
BG-42-000947,Irrigation,Telangana,Nizamabad,54.26,33,6,0,2,0,75.48,1,77.33,7,0,93.6,83.13,29,2,42,35,Rehabilitation & Resettlement,50,100.0,0.3271,247,19,0,0
BG-42-000948,Power Transmission,Karnataka,Bengaluru Urban,40.15,11,5,0,1,0,98.2,0,82.87,1,26,76.85,63.66,8,0,28,23,Rehabilitation & Resettlement,28,100.0,0.1371,27,25,1,68
BG-42-000949,Metro,Madhya Pradesh,Bhopal,208.1,227,9,2,8,3,61.75,6,56.97,74,74,80.26,75.6,160,0,45,180,Possession,155,100.0,0.466,307,90,1,233
BG-42-000950,Highway,Gujarat,Rajkot,46.12,135,4,1,4,1,70.18,3,23.41,85,73,26.19,31.67,32,3,65,153,Objections,74,26.12,0.6199,379,47,1,247
BG-42-000951,Railway,Maharashtra,Nagpur,83.62,237,5,0,6,1,75.58,4,89.49,23,13,90.69,65.49,190,3,58,204,Compensation,47,100.0,0.3651,168,86,0,0
BG-42-000952,Irrigation,Karnataka,Kalaburagi,26.98,80,6,0,2,0,84.13,3,74.83,18,16,49.85,49.23,40,1,0,81,Objections,113,61.9,0.163,193,32,0,0
BG-42-000953,Railway,Madhya Pradesh,Gwalior,87.76,215,5,0,4,1,81.33,1,35.52,114,46,54.06,53.4,103,1,33,188,Objections,10,74.72,0.6312,245,29,0,0
BG-42-000954,Power Transmission,Karnataka,Kalaburagi,33.96,90,6,1,1,0,83.59,1,12.56,71,65,37.31,41.67,30,0,40,48,Survey,61,25.15,0.0943,302,115,1,303
BG-42-000955,Irrigation,Maharashtra,Nagpur,33.3,82,5,0,3,0,98.58,1,100.0,0,1,80.17,69.77,58,2,56,69,Possession,66,100.0,0.4131,196,25,0,0
BG-42-000956,Irrigation,Uttar Pradesh,Agra,78.46,55,5,1,3,1,99.9,0,98.65,1,0,97.68,100.0,49,2,49,65,Possession,41,100.0,0.6187,7,32,0,0
BG-42-000957,Irrigation,Rajasthan,Jodhpur,199.45,253,6,0,5,4,100.0,0,100.0,0,0,100.0,99.47,245,0,29,174,Rehabilitation & Resettlement,42,100.0,0.1259,32,40,1,182
BG-42-000958,Industrial Corridor,Rajasthan,Udaipur,121.79,172,5,0,6,0,66.93,5,46.78,51,46,29.26,30.59,45,0,45,151,Award,27,29.22,0.525,179,62,0,0
BG-42-000959,Metro,Gujarat,Surat,128.68,235,7,0,6,2,78.87,3,77.29,46,38,79.12,72.91,185,1,14,186,Award,26,90.94,0.4999,197,111,0,0
BG-42-000960,Irrigation,Madhya Pradesh,Indore,77.17,133,4,0,0,1,97.28,0,83.01,18,0,41.58,48.6,52,0,30,145,Compensation,40,85.71,0.424,206,15,0,0
BG-42-000961,Highway,Telangana,Nizamabad,65.46,125,7,1,3,0,90.92,1,62.82,39,80,50.66,68.36,60,1,44,127,Compensation,51,54.51,0.5409,100,35,0,0
BG-42-000962,Highway,Maharashtra,Nashik,161.24,324,7,0,6,1,89.63,4,48.73,149,62,38.02,33.45,112,1,7,210,Award,125,78.74,0.562,316,54,1,292
BG-42-000963,Irrigation,Maharashtra,Pune,54.57,115,6,1,6,1,86.33,4,0.0,84,94,0.0,0.1,0,2,49,131,Survey,71,0.0,0.3537,221,83,1,307
BG-42-000964,Industrial Corridor,Maharashtra,Thane,166.93,420,8,1,7,4,81.98,4,0.0,275,118,0.0,2.88,0,3,64,229,Survey,105,1.69,0.599,435,58,1,382
BG-42-000965,Metro,Uttar Pradesh,Kanpur Nagar,230.16,438,10,0,6,1,100.0,4,100.0,0,0,88.29,97.64,340,2,23,201,Possession,48,100.0,0.5767,44,59,0,0
BG-42-000966,Highway,Tamil Nadu,Salem,43.68,114,4,1,6,0,82.9,5,79.6,21,27,59.72,65.85,62,4,47,135,Award,100,86.92,0.5851,307,74,0,0
BG-42-000967,Metro,Madhya Pradesh,Indore,49.13,67,5,0,3,0,90.65,0,72.17,13,0,70.87,73.01,47,3,57,97,Possession,90,96.67,0.3701,102,49,0,0
BG-42-000968,Irrigation,Tamil Nadu,Salem,55.34,74,3,1,3,0,51.67,4,18.82,34,77,25.88,28.61,18,1,30,109,Survey,36,54.77,0.3189,222,38,1,256
BG-42-000969,Industrial Corridor,Maharashtra,Nagpur,26.48,152,4,1,6,0,71.15,2,48.86,54,62,45.8,50.93,69,4,55,203,Compensation,116,46.57,0.4544,24,110,1,351
BG-42-000970,Railway,Madhya Pradesh,Gwalior,58.82,158,6,0,6,5,80.45,6,0.0,94,80,2.72,8.93,4,3,18,162,Survey,176,6.58,0.2917,204,47,1,281
BG-42-000971,Industrial Corridor,Tamil Nadu,Salem,242.54,507,8,1,10,1,64.81,6,0.0,281,86,0.0,6.47,0,2,43,310,Objections,54,0.0,0.3628,69,79,1,300
BG-42-000972,Irrigation,Madhya Pradesh,Bhopal,37.1,103,7,0,1,1,88.68,5,14.43,65,52,16.08,9.67,16,0,1,69,Notification,36,3.34,0.1497,198,15,0,0
BG-42-000973,Irrigation,Telangana,Karimnagar,247.19,408,9,3,10,5,61.02,7,7.09,249,122,9.79,30.19,40,1,20,226,Survey,207,0.0,0.629,195,95,1,449
BG-42-000974,Railway,Madhya Pradesh,Gwalior,60.54,145,4,1,2,6,100.0,1,100.0,0,0,100.0,100.0,138,0,25,123,Possession,23,100.0,0.3874,187,28,0,0
BG-42-000975,Industrial Corridor,Telangana,Nizamabad,464.62,810,11,2,5,3,87.28,4,85.42,90,57,41.85,44.34,324,2,55,254,Objections,93,70.34,0.4014,276,85,0,0
BG-42-000976,Railway,Karnataka,Kalaburagi,49.63,113,3,0,2,0,90.27,4,79.43,18,7,100.0,100.0,113,1,4,131,Compensation,16,74.02,0.4299,198,23,0,0
BG-42-000977,Metro,Gujarat,Rajkot,76.31,192,4,0,2,2,100.0,4,49.89,60,15,59.67,62.42,112,0,0,164,Award,10,67.62,0.1902,70,91,1,174
BG-42-000978,Highway,Uttar Pradesh,Varanasi,41.34,111,3,1,1,0,59.67,4,39.23,54,55,77.7,83.32,80,1,10,152,Award,37,70.19,0.4866,427,20,0,0
BG-42-000979,Metro,Gujarat,Surat,49.39,145,5,1,3,1,87.47,2,40.82,74,54,48.45,41.68,67,3,59,145,Compensation,74,61.81,0.2853,341,74,0,0
BG-42-000980,Industrial Corridor,Gujarat,Rajkot,249.77,458,8,0,5,0,68.16,4,10.98,314,78,15.76,14.39,64,0,23,237,Survey,37,7.42,0.177,361,48,1,214
BG-42-000981,Railway,Rajasthan,Jaipur,125.16,71,8,0,4,0,88.93,5,79.51,14,9,82.13,80.37,53,2,0,79,Possession,56,83.39,0.6199,7,70,0,0
BG-42-000982,Railway,Tamil Nadu,Madurai,195.01,314,7,0,3,1,61.42,5,93.3,16,38,59.56,65.34,167,0,1,160,Rehabilitation & Resettlement,30,97.17,0.4193,109,75,0,0
BG-42-000983,Highway,Madhya Pradesh,Gwalior,29.89,66,3,0,1,1,83.73,1,86.54,8,28,100.0,98.93,60,0,7,81,Rehabilitation & Resettlement,93,100.0,0.2791,80,45,0,0
BG-42-000984,Highway,Gujarat,Rajkot,144.58,165,9,0,0,0,82.23,3,40.04,76,54,49.52,49.42,78,1,83,34,Award,77,52.46,0.3542,70,11,1,205
BG-42-000985,Industrial Corridor,Madhya Pradesh,Indore,39.36,62,1,0,3,3,64.22,5,0.0,54,80,0.0,0.25,0,3,44,232,Survey,50,0.0,0.6081,240,57,1,293
BG-42-000986,Highway,Karnataka,Bengaluru Urban,29.38,97,4,0,4,3,88.56,2,60.46,35,83,72.84,82.01,66,2,22,117,Possession,39,92.38,0.5814,111,78,1,148
BG-42-000987,Highway,Telangana,Warangal,103.65,260,6,2,1,1,87.03,1,39.06,98,58,24.57,1.37,62,7,127,132,Objections,96,12.23,0.1706,248,128,1,306
BG-42-000988,Irrigation,Tamil Nadu,Salem,102.8,129,6,2,10,3,94.4,3,12.55,97,83,24.41,25.96,30,3,36,179,Notification,129,0.0,0.229,120,95,1,347
BG-42-000989,Highway,Uttar Pradesh,Varanasi,89.36,111,6,0,2,0,69.77,5,0.0,98,78,0.0,0.0,0,1,0,70,Objections,35,0.0,0.5799,222,34,0,0
BG-42-000990,Irrigation,Telangana,Hyderabad,152.03,215,7,2,3,1,76.59,2,53.85,62,73,63.15,46.97,127,4,83,93,Rehabilitation & Resettlement,124,64.09,0.5487,236,99,1,318
BG-42-000991,Industrial Corridor,Tamil Nadu,Chennai,172.23,176,8,1,2,2,80.91,1,65.66,44,39,76.1,65.63,118,2,48,77,Compensation,40,100.0,0.4906,59,45,0,0
BG-42-000992,Industrial Corridor,Tamil Nadu,Coimbatore,277.49,462,8,2,9,2,68.1,9,86.01,55,10,84.35,73.77,379,1,19,288,Rehabilitation & Resettlement,84,89.21,0.5434,118,110,1,314
BG-42-000993,Industrial Corridor,Madhya Pradesh,Indore,33.04,73,2,2,6,1,55.48,7,67.82,14,50,80.86,75.57,57,4,80,146,Rehabilitation & Resettlement,105,95.37,0.4603,159,77,1,244
BG-42-000994,Highway,Madhya Pradesh,Bhopal,284.75,525,9,0,4,1,82.58,0,23.0,267,78,44.95,36.33,222,0,3,236,Survey,49,55.48,0.097,144,65,1,200
BG-42-000995,Power Transmission,Tamil Nadu,Coimbatore,386.0,638,9,4,9,3,72.27,7,75.58,96,33,61.82,60.3,368,6,91,302,Possession,128,100.0,0.3957,187,135,1,406
BG-42-000996,Power Transmission,Tamil Nadu,Coimbatore,63.88,62,4,2,1,1,81.96,0,58.58,17,58,44.4,48.71,27,2,70,50,Award,76,78.27,0.2672,71,70,0,0
BG-42-000997,Railway,Karnataka,Bengaluru Urban,22.54,79,5,0,3,1,65.09,3,23.24,46,105,29.64,28.98,23,4,45,67,Compensation,77,59.14,0.3774,7,25,1,153
BG-42-000998,Power Transmission,Maharashtra,Pune,28.31,76,6,5,2,4,58.79,5,0.0,47,138,0.0,0.0,0,4,96,54,Notification,211,0.0,0.3862,495,113,0,0
BG-42-000999,Metro,Rajasthan,Kota,59.18,98,6,2,6,1,89.63,4,81.1,12,51,99.29,98.9,92,2,73,100,Possession,85,100.0,0.3802,37,61,0,0
BG-42-001000,Irrigation,Tamil Nadu,Salem,428.94,833,11,0,12,4,70.07,7,37.74,327,58,20.0,22.99,155,0,25,379,Objections,15,34.59,0.3446,181,111,1,343
BG-42-001001,Power Transmission,Telangana,Karimnagar,86.8,36,6,1,3,1,84.26,1,1.47,32,91,14.17,21.65,4,0,3,65,Notification,64,0.0,0.4251,45,74,1,232
BG-42-001002,Highway,Karnataka,Belagavi,52.26,78,6,0,2,0,74.15,6,48.78,28,67,41.31,32.74,30,0,34,82,Award,31,44.51,0.1519,376,26,0,0
BG-42-001003,Irrigation,Gujarat,Ahmedabad,49.49,123,5,0,4,0,63.07,7,35.65,58,25,8.88,20.55,11,1,15,122,Survey,95,0.0,0.4801,299,40,0,0
BG-42-001004,Irrigation,Rajasthan,Udaipur,29.72,93,6,0,1,2,74.65,2,24.17,42,63,0.0,0.0,0,2,17,62,Survey,40,3.96,0.3033,87,20,0,0
BG-42-001005,Power Transmission,Rajasthan,Udaipur,172.37,423,6,1,5,1,71.04,4,37.79,205,47,49.29,48.44,187,4,64,285,Compensation,154,49.17,0.471,93,88,1,328
BG-42-001006,Highway,Maharashtra,Nashik,79.55,170,6,2,3,3,88.17,1,39.98,64,52,61.5,53.88,94,1,19,135,Award,95,59.84,0.2018,165,46,1,252
BG-42-001007,Power Transmission,Uttar Pradesh,Kanpur Nagar,459.37,879,9,1,15,1,89.49,7,80.22,134,33,100.0,87.42,833,2,22,462,Possession,53,93.43,0.129,7,107,0,0
BG-42-001008,Industrial Corridor,Gujarat,Ahmedabad,141.54,233,7,2,6,0,47.71,7,40.91,106,72,32.22,18.96,68,5,68,167,Objections,92,30.79,0.3612,121,80,1,350
BG-42-001009,Railway,Tamil Nadu,Salem,166.33,247,5,1,2,2,91.08,3,89.73,19,4,100.0,100.0,245,0,62,207,Rehabilitation & Resettlement,112,100.0,0.4675,266,35,0,0
BG-42-001010,Irrigation,Telangana,Karimnagar,70.55,101,4,0,4,3,87.66,0,27.28,53,33,70.16,79.63,64,5,82,124,Award,75,54.98,0.4922,127,79,1,249
BG-42-001011,Industrial Corridor,Rajasthan,Jaipur,35.77,77,3,4,2,3,81.43,3,32.31,32,99,39.18,42.19,30,0,7,111,Compensation,192,60.42,0.5971,188,62,0,0
BG-42-001012,Power Transmission,Tamil Nadu,Madurai,42.57,65,5,1,1,4,77.65,4,93.43,3,20,87.14,76.32,50,2,55,77,Compensation,62,90.51,0.174,187,21,0,0
BG-42-001013,Industrial Corridor,Maharashtra,Nashik,28.63,114,4,0,3,3,71.47,3,89.91,8,9,78.12,75.3,80,3,62,164,Award,81,95.45,0.2765,144,40,1,173
BG-42-001014,Railway,Karnataka,Belagavi,177.38,363,10,1,4,3,85.56,1,69.06,95,17,49.96,36.13,175,3,33,146,Possession,85,68.73,0.5896,9,55,1,212
BG-42-001015,Irrigation,Uttar Pradesh,Lucknow,62.93,113,5,1,4,2,74.0,5,13.63,92,85,9.12,2.28,10,3,44,110,Objections,93,14.08,0.369,278,34,1,272
BG-42-001016,Industrial Corridor,Uttar Pradesh,Agra,183.46,344,8,0,7,2,49.77,5,8.59,263,63,0.0,0.0,0,5,30,227,Survey,68,5.02,0.2124,100,61,1,326
BG-42-001017,Metro,Telangana,Warangal,95.46,71,6,0,2,0,75.64,1,74.87,13,16,54.27,49.04,38,3,38,70,Compensation,109,74.78,0.5246,184,62,1,186
BG-42-001018,Railway,Telangana,Karimnagar,67.74,155,6,1,3,3,86.06,0,77.39,23,44,64.54,59.71,99,0,0,112,Rehabilitation & Resettlement,123,97.41,0.2506,210,57,0,0
BG-42-001019,Highway,Karnataka,Bengaluru Urban,33.59,37,4,1,0,1,70.32,3,0.0,23,100,0.0,0.0,0,2,43,82,Notification,98,0.0,0.1487,307,72,0,0
BG-42-001020,Industrial Corridor,Rajasthan,Kota,109.0,266,7,0,7,2,74.44,3,76.05,39,32,74.87,65.46,191,5,96,210,Award,147,65.59,0.4453,71,56,1,272
BG-42-001021,Metro,Uttar Pradesh,Kanpur Nagar,71.89,137,4,1,4,0,100.0,0,69.99,25,52,88.12,84.84,109,0,31,142,Possession,47,95.19,0.3652,7,38,0,0
BG-42-001022,Irrigation,Maharashtra,Thane,176.22,419,4,3,6,1,79.47,4,88.75,37,9,75.01,77.25,286,1,51,388,Rehabilitation & Resettlement,63,92.13,0.0805,246,72,0,0
BG-42-001023,Irrigation,Gujarat,Vadodara,48.31,143,5,1,0,4,92.31,0,47.3,57,69,71.24,79.48,100,1,34,104,Possession,34,100.0,0.4422,243,47,0,0
BG-42-001024,Power Transmission,Rajasthan,Kota,140.17,194,4,1,7,2,81.57,5,79.67,35,43,56.82,49.23,98,3,82,236,Compensation,68,100.0,0.1414,137,97,0,0
BG-42-001025,Highway,Maharashtra,Pune,318.2,669,11,2,8,1,83.09,6,23.13,370,98,38.11,40.85,232,3,78,273,Compensation,93,67.5,0.3862,56,90,1,361
BG-42-001026,Industrial Corridor,Uttar Pradesh,Varanasi,106.49,106,5,1,2,3,79.77,3,42.99,41,62,15.58,18.17,16,3,18,94,Objections,103,53.46,0.635,186,48,1,225
BG-42-001027,Highway,Gujarat,Ahmedabad,160.49,103,6,0,3,0,82.4,1,88.78,6,15,96.82,97.65,99,3,43,96,Possession,83,100.0,0.4058,7,47,1,146
BG-42-001028,Power Transmission,Tamil Nadu,Coimbatore,135.3,202,10,2,4,3,91.37,4,5.28,123,102,0.0,5.01,0,1,15,105,Objections,128,9.39,0.5074,243,82,1,320
BG-42-001029,Metro,Tamil Nadu,Chennai,390.91,680,10,0,14,2,100.0,4,77.79,138,43,70.31,69.49,429,0,30,356,Rehabilitation & Resettlement,58,100.0,0.1629,169,105,0,0
BG-42-001030,Irrigation,Maharashtra,Pune,115.27,73,6,1,2,2,83.2,4,67.38,15,37,85.85,83.62,55,2,50,43,Award,51,90.91,0.4297,220,34,0,0
BG-42-001031,Railway,Karnataka,Belagavi,149.9,234,8,0,4,2,81.49,3,54.31,65,58,39.13,41.83,84,5,54,162,Compensation,58,78.31,0.476,111,53,0,0
BG-42-001032,Highway,Madhya Pradesh,Bhopal,83.18,198,6,1,3,2,74.12,3,100.0,0,0,100.0,100.0,197,3,78,122,Rehabilitation & Resettlement,67,100.0,0.2108,143,36,0,0
BG-42-001033,Irrigation,Rajasthan,Kota,46.09,108,6,1,2,0,100.0,1,78.18,17,0,65.11,50.81,62,0,26,110,Award,77,100.0,0.5344,156,38,1,224
BG-42-001034,Metro,Karnataka,Kalaburagi,32.57,105,2,1,2,2,78.9,4,62.96,25,58,82.9,82.23,83,1,76,221,Possession,127,84.58,0.5258,7,33,1,170
BG-42-001035,Power Transmission,Uttar Pradesh,Lucknow,235.93,446,9,1,7,2,100.0,4,25.96,212,75,20.33,14.81,86,1,14,224,Award,60,27.25,0.5436,354,107,1,254
BG-42-001036,Irrigation,Karnataka,Belagavi,38.22,3,4,1,4,2,69.59,3,62.22,1,48,59.1,48.43,2,5,72,72,Compensation,88,92.92,0.4896,104,75,1,214
BG-42-001037,Metro,Uttar Pradesh,Kanpur Nagar,155.51,203,6,2,5,2,38.69,8,14.23,163,76,32.5,34.69,62,6,70,168,Objections,99,35.61,0.7718,28,51,1,284
BG-42-001038,Metro,Karnataka,Mysuru,119.44,312,6,0,3,1,85.67,4,39.67,123,22,27.73,23.09,82,0,0,191,Award,36,76.45,0.1019,257,33,0,0
BG-42-001039,Industrial Corridor,Rajasthan,Kota,178.44,430,5,1,4,2,59.94,6,1.07,260,111,19.22,13.33,81,5,64,335,Award,212,0.0,0.4792,333,65,1,357
BG-42-001040,Power Transmission,Rajasthan,Kota,56.73,106,6,0,3,0,81.63,3,22.53,46,80,11.85,12.44,11,1,27,79,Survey,150,26.73,0.2537,193,40,1,254
BG-42-001041,Irrigation,Gujarat,Vadodara,45.49,114,4,0,4,1,91.45,3,33.86,71,81,16.78,21.06,19,1,9,127,Survey,40,31.59,0.1223,237,57,0,0
BG-42-001042,Railway,Uttar Pradesh,Lucknow,115.9,128,6,0,0,1,98.48,1,60.47,36,0,80.34,69.58,99,2,26,68,Compensation,170,100.0,0.5093,232,14,0,0
BG-42-001043,Power Transmission,Tamil Nadu,Madurai,67.77,117,5,0,6,0,81.19,5,37.78,63,74,41.76,41.42,44,2,23,145,Compensation,140,39.01,0.1858,474,85,0,0
BG-42-001044,Railway,Karnataka,Mysuru,31.98,102,4,1,3,2,95.2,1,100.0,0,27,61.74,70.98,60,5,71,121,Compensation,117,100.0,0.3579,168,76,0,0
BG-42-001045,Industrial Corridor,Karnataka,Mysuru,403.76,345,11,2,8,6,69.36,6,15.92,211,93,2.85,2.14,9,2,57,202,Notification,143,0.0,0.3774,200,128,1,403
BG-42-001046,Power Transmission,Uttar Pradesh,Agra,45.46,77,3,0,2,3,100.0,1,76.57,17,25,55.09,52.2,40,0,0,138,Objections,16,45.84,0.4188,180,44,0,0
BG-42-001047,Irrigation,Uttar Pradesh,Lucknow,38.67,45,4,0,2,1,87.13,0,10.38,27,65,6.25,2.75,3,4,67,70,Survey,81,42.2,0.3669,232,21,1,338
BG-42-001048,Metro,Gujarat,Surat,70.55,197,5,1,4,0,78.14,3,40.01,103,68,56.41,38.29,103,1,28,193,Rehabilitation & Resettlement,41,71.71,0.8638,7,121,0,0
BG-42-001049,Railway,Maharashtra,Nashik,233.29,503,7,2,4,2,97.98,3,71.8,122,30,96.85,80.01,452,3,48,281,Rehabilitation & Resettlement,88,100.0,0.1626,92,72,0,0
BG-42-001050,Highway,Tamil Nadu,Chennai,15.13,46,4,0,2,0,87.43,5,30.29,23,74,34.1,39.79,14,0,7,49,Objections,81,22.35,0.3985,12,31,0,0
BG-42-001051,Highway,Telangana,Karimnagar,218.31,321,7,0,6,4,71.91,5,72.02,77,19,69.14,83.01,218,3,52,211,Compensation,63,94.92,0.4342,305,92,0,0
BG-42-001052,Railway,Madhya Pradesh,Indore,41.3,52,3,0,0,0,88.63,1,6.94,42,75,1.9,12.69,1,2,50,69,Survey,47,3.83,0.0582,28,26,0,0
BG-42-001053,Irrigation,Madhya Pradesh,Jabalpur,105.81,159,7,0,3,1,82.69,2,0.0,99,70,0.0,13.31,0,3,39,137,Objections,86,7.47,0.5722,256,41,1,225
BG-42-001054,Railway,Tamil Nadu,Coimbatore,49.86,115,6,1,2,1,96.48,0,22.01,51,72,36.55,32.06,39,0,41,70,Survey,67,26.82,0.4216,128,95,0,0
BG-42-001055,Railway,Karnataka,Kalaburagi,421.38,323,10,4,2,3,61.2,6,0.0,228,106,27.41,24.32,85,5,126,127,Objections,209,19.96,0.2598,143,116,1,511
BG-42-001056,Power Transmission,Karnataka,Belagavi,94.6,257,6,2,3,3,56.42,4,17.46,145,104,0.0,0.0,0,2,48,177,Compensation,117,52.86,0.4146,86,60,1,228
BG-42-001057,Highway,Karnataka,Mysuru,48.6,67,4,3,1,2,86.98,0,78.71,11,39,65.63,55.23,42,2,88,84,Possession,82,97.43,0.4185,32,84,1,255
BG-42-001058,Highway,Madhya Pradesh,Gwalior,67.3,185,4,0,4,1,70.95,4,16.62,96,21,0.0,4.13,0,0,0,189,Survey,23,7.29,0.521,522,43,0,0
BG-42-001059,Irrigation,Madhya Pradesh,Gwalior,91.99,99,7,0,6,2,81.75,4,89.29,7,59,56.57,49.03,50,2,14,96,Compensation,41,99.79,0.4626,230,53,0,0
BG-42-001060,Highway,Telangana,Nizamabad,98.71,225,6,1,2,3,63.61,7,72.5,52,22,57.03,50.71,124,0,34,129,Compensation,47,68.1,0.4999,237,55,1,154
BG-42-001061,Railway,Gujarat,Ahmedabad,121.63,227,4,1,3,0,93.92,3,91.26,14,0,83.55,79.1,182,2,71,208,Possession,52,100.0,0.4755,186,70,0,0
BG-42-001062,Industrial Corridor,Tamil Nadu,Madurai,85.53,43,7,2,0,0,100.0,2,42.57,22,81,81.95,87.27,35,2,28,69,Compensation,105,68.44,0.5868,157,54,0,0
BG-42-001063,Highway,Uttar Pradesh,Varanasi,28.45,69,5,0,0,0,88.01,2,52.89,28,58,33.38,31.5,22,1,36,48,Objections,35,62.27,0.5399,151,2,0,0
BG-42-001064,Railway,Telangana,Warangal,65.22,104,6,1,4,0,94.61,1,83.11,10,18,91.58,84.88,93,2,67,129,Compensation,71,100.0,0.2153,76,44,0,0
BG-42-001065,Highway,Telangana,Hyderabad,139.12,209,3,2,6,2,65.71,9,54.83,72,29,61.02,59.17,124,3,46,295,Objections,86,35.15,0.558,284,89,1,319
BG-42-001066,Railway,Rajasthan,Kota,50.1,57,5,2,1,4,73.25,5,100.0,0,20,96.88,100.0,51,1,16,43,Possession,116,100.0,0.7156,14,31,0,0
BG-42-001067,Irrigation,Telangana,Karimnagar,146.68,276,8,4,7,0,71.38,6,13.93,215,87,29.36,22.52,80,2,64,211,Award,107,45.98,0.3541,222,96,1,442
BG-42-001068,Metro,Tamil Nadu,Coimbatore,87.83,207,6,1,1,1,72.75,4,73.64,33,32,42.33,32.5,77,2,25,148,Compensation,191,81.11,0.4041,93,92,0,0
BG-42-001069,Railway,Uttar Pradesh,Kanpur Nagar,71.94,164,5,2,1,3,65.45,4,0.0,91,96,0.0,0.0,0,2,6,122,Notification,144,0.0,0.3912,7,69,1,303
BG-42-001070,Railway,Telangana,Hyderabad,222.59,466,9,2,10,4,75.77,7,30.36,205,36,46.11,59.89,206,4,86,244,Award,90,37.48,0.4389,186,169,1,448
BG-42-001071,Irrigation,Uttar Pradesh,Varanasi,21.32,3,4,2,0,2,94.0,1,63.8,1,34,77.67,69.67,2,0,22,14,Possession,135,87.98,0.1444,134,136,0,0
BG-42-001072,Highway,Telangana,Karimnagar,49.89,128,6,0,3,0,89.87,5,48.43,47,38,73.7,71.84,94,2,23,127,Compensation,50,56.43,0.4448,92,48,0,0
BG-42-001073,Irrigation,Uttar Pradesh,Agra,229.51,280,8,1,4,2,80.65,5,31.47,129,63,63.24,46.13,156,2,53,178,Award,99,34.86,0.2113,228,45,0,0
BG-42-001074,Railway,Tamil Nadu,Coimbatore,370.2,565,10,3,7,3,91.93,4,80.31,93,36,100.0,100.0,502,3,64,259,Possession,115,100.0,0.2272,161,90,0,0
BG-42-001075,Irrigation,Karnataka,Bengaluru Urban,533.15,569,12,2,9,1,70.97,7,58.23,180,19,52.53,45.82,291,3,79,262,Rehabilitation & Resettlement,115,66.77,0.5473,210,91,0,0
BG-42-001076,Railway,Rajasthan,Jodhpur,89.15,120,5,1,6,2,78.49,2,22.65,54,61,4.5,6.4,5,1,37,127,Objections,149,22.36,0.2458,250,82,0,0
BG-42-001077,Highway,Uttar Pradesh,Agra,123.51,148,5,0,2,0,90.51,2,88.62,14,9,61.42,58.68,88,3,25,137,Compensation,133,91.43,0.2657,189,25,0,0
BG-42-001078,Metro,Tamil Nadu,Chennai,164.67,338,7,1,6,0,74.35,6,51.75,113,44,60.55,52.65,187,1,46,226,Award,96,57.66,0.4425,248,71,0,0
BG-42-001079,Highway,Gujarat,Ahmedabad,237.47,428,9,0,2,0,95.29,2,52.33,175,62,41.05,44.53,164,4,76,183,Compensation,64,49.56,0.956,134,46,0,0
BG-42-001080,Power Transmission,Maharashtra,Thane,110.0,181,7,2,3,0,85.03,3,21.89,127,90,7.18,0.4,13,3,56,162,Objections,91,21.52,0.525,7,78,1,244
BG-42-001081,Industrial Corridor,Maharashtra,Nagpur,179.63,135,8,2,4,2,82.12,2,27.48,68,123,10.65,16.36,13,1,65,104,Objections,67,13.88,0.7483,113,69,1,217
BG-42-001082,Industrial Corridor,Madhya Pradesh,Bhopal,123.7,121,6,0,3,2,94.57,3,96.69,3,0,88.78,100.0,105,1,26,68,Possession,16,100.0,0.712,44,29,1,99
BG-42-001083,Highway,Gujarat,Ahmedabad,130.03,310,6,0,5,1,81.4,5,90.92,19,29,69.28,74.24,193,3,56,238,Possession,88,79.48,0.3279,70,38,1,161
BG-42-001084,Industrial Corridor,Rajasthan,Jodhpur,41.07,100,4,1,4,0,82.36,3,100.0,0,16,100.0,91.28,96,3,51,177,Rehabilitation & Resettlement,108,94.23,0.4743,243,46,0,0
BG-42-001085,Railway,Maharashtra,Nagpur,65.8,146,5,1,1,0,100.0,1,84.59,18,17,74.57,70.78,109,2,8,90,Possession,67,100.0,0.7292,133,20,0,0
BG-42-001086,Irrigation,Rajasthan,Udaipur,56.36,84,3,0,3,2,86.54,2,98.92,1,12,100.0,84.59,77,0,26,130,Rehabilitation & Resettlement,54,90.28,0.547,151,41,0,0
BG-42-001087,Power Transmission,Uttar Pradesh,Agra,33.08,31,4,0,1,2,99.39,1,79.91,4,42,65.5,45.17,18,2,34,39,Rehabilitation & Resettlement,58,96.93,0.5624,110,32,0,0
BG-42-001088,Industrial Corridor,Rajasthan,Jodhpur,22.84,87,7,3,4,7,89.42,3,46.41,36,58,50.87,38.36,40,6,79,94,Rehabilitation & Resettlement,112,94.83,0.9472,30,54,1,273
BG-42-001089,Power Transmission,Maharashtra,Nashik,61.01,106,3,0,2,0,68.12,1,44.18,36,68,67.93,66.39,65,2,41,131,Award,45,85.95,0.2787,224,36,0,0
BG-42-001090,Industrial Corridor,Rajasthan,Udaipur,69.33,97,5,0,0,0,84.74,0,24.43,40,71,51.68,52.37,45,2,41,76,Award,41,56.17,0.8312,246,7,1,184
BG-42-001091,Industrial Corridor,Rajasthan,Udaipur,93.13,207,6,3,5,4,52.41,4,0.0,131,101,2.49,3.03,5,10,152,139,Objections,150,0.0,0.7177,329,80,1,467
BG-42-001092,Highway,Tamil Nadu,Chennai,133.57,190,7,0,5,2,95.84,2,71.9,39,70,95.88,97.76,169,0,6,163,Compensation,34,93.7,0.3587,72,40,1,127
BG-42-001093,Industrial Corridor,Maharashtra,Nagpur,99.53,158,5,1,4,2,67.01,6,52.63,54,32,58.4,57.64,83,2,41,140,Objections,86,60.26,0.172,414,51,1,144
BG-42-001094,Railway,Madhya Pradesh,Jabalpur,69.72,83,6,1,6,4,97.58,1,8.48,62,96,7.98,12.41,6,3,45,147,Objections,49,23.54,0.2328,344,56,1,273
BG-42-001095,Highway,Gujarat,Ahmedabad,41.18,45,4,0,2,0,90.71,0,49.75,21,65,42.65,42.11,19,1,24,85,Compensation,40,64.8,0.3081,26,67,0,0
BG-42-001096,Power Transmission,Rajasthan,Udaipur,172.72,363,5,0,4,1,90.15,1,48.25,120,55,37.19,29.13,121,0,0,272,Award,34,54.26,0.1621,224,44,1,145
BG-42-001097,Highway,Telangana,Warangal,78.93,104,7,1,3,1,62.78,5,16.92,48,72,12.11,16.93,11,0,4,103,Survey,92,0.37,0.5948,322,67,1,294
BG-42-001098,Industrial Corridor,Gujarat,Vadodara,60.52,128,6,0,3,0,78.85,4,65.33,29,37,79.12,68.18,98,2,24,127,Rehabilitation & Resettlement,40,100.0,0.3193,281,49,1,174
BG-42-001099,Highway,Karnataka,Mysuru,73.76,202,4,1,5,3,79.2,4,58.33,59,19,68.21,58.75,129,5,93,197,Rehabilitation & Resettlement,83,63.74,0.4772,119,114,0,0
BG-42-001100,Metro,Uttar Pradesh,Varanasi,47.65,78,4,0,2,1,74.02,0,0.0,61,69,8.15,22.61,6,3,37,71,Survey,89,36.15,0.1124,416,52,1,305
BG-42-001101,Power Transmission,Madhya Pradesh,Gwalior,56.01,45,4,1,0,0,88.28,0,12.06,35,96,29.69,19.45,13,0,17,32,Notification,78,9.45,0.339,235,24,1,156
BG-42-001102,Highway,Tamil Nadu,Coimbatore,54.6,113,3,1,4,3,76.86,6,46.29,43,43,55.57,60.45,59,2,12,124,Objections,46,42.51,0.3127,283,59,1,185
BG-42-001103,Industrial Corridor,Madhya Pradesh,Indore,68.04,69,6,1,1,2,60.17,4,80.84,9,6,70.93,73.5,44,2,44,59,Rehabilitation & Resettlement,80,89.14,0.3061,209,31,0,0
BG-42-001104,Industrial Corridor,Maharashtra,Thane,144.69,331,8,0,5,0,94.37,0,62.39,79,42,42.23,31.16,139,0,24,210,Rehabilitation & Resettlement,128,93.94,0.23,212,35,0,0
BG-42-001105,Power Transmission,Tamil Nadu,Salem,118.59,226,6,1,5,2,62.78,4,0.0,196,81,0.0,19.66,0,1,37,182,Survey,80,0.0,0.5208,327,74,0,0
BG-42-001106,Highway,Tamil Nadu,Salem,295.12,225,9,0,7,1,84.57,1,100.0,0,14,91.76,87.61,186,0,0,167,Rehabilitation & Resettlement,46,100.0,0.6485,70,66,0,0
BG-42-001107,Power Transmission,Rajasthan,Udaipur,225.74,340,8,0,7,1,92.83,3,12.87,206,109,0.0,0.0,0,2,37,215,Survey,63,11.81,0.4589,165,62,1,227
BG-42-001108,Metro,Karnataka,Belagavi,409.58,489,10,2,7,3,88.0,4,30.92,240,68,33.6,28.81,157,4,61,237,Award,174,53.55,0.3151,130,93,1,385
BG-42-001109,Railway,Karnataka,Kalaburagi,133.93,82,5,0,4,0,97.4,2,81.19,9,12,78.41,80.12,59,1,26,54,Possession,58,100.0,0.2522,7,53,0,0
BG-42-001110,Railway,Gujarat,Rajkot,132.22,121,7,2,3,1,77.75,2,4.44,85,73,17.74,10.18,19,2,31,106,Survey,132,17.13,0.6195,165,51,0,0
BG-42-001111,Railway,Tamil Nadu,Chennai,57.98,77,3,2,1,0,94.84,4,24.99,40,61,14.05,0.75,10,0,42,103,Survey,138,29.16,0.1551,355,35,1,262
BG-42-001112,Metro,Madhya Pradesh,Jabalpur,165.8,170,8,0,5,2,47.36,7,3.65,142,75,0.0,3.36,0,1,43,120,Award,29,12.48,0.2419,79,55,1,256
BG-42-001113,Highway,Telangana,Hyderabad,50.66,79,3,0,0,0,94.87,0,61.92,20,9,57.8,45.77,40,3,41,80,Compensation,38,81.8,0.4583,182,21,0,0
BG-42-001114,Railway,Tamil Nadu,Madurai,26.41,92,2,3,1,4,65.71,4,62.49,31,67,100.0,86.35,89,2,42,148,Possession,156,88.64,0.1932,165,44,1,331
BG-42-001115,Industrial Corridor,Rajasthan,Jodhpur,290.34,440,9,1,8,1,84.01,6,79.1,85,21,100.0,92.89,391,4,36,239,Possession,135,100.0,0.3978,85,108,0,0
BG-42-001116,Metro,Tamil Nadu,Coimbatore,31.52,112,4,0,3,0,81.96,3,11.74,65,86,4.89,21.77,5,1,63,131,Notification,21,0.0,0.2309,401,32,0,0
BG-42-001117,Highway,Tamil Nadu,Salem,121.64,172,6,3,3,4,67.29,8,0.0,148,108,0.0,0.0,0,4,85,109,Survey,135,5.46,0.5144,87,89,1,396
BG-42-001118,Railway,Gujarat,Vadodara,42.34,112,3,2,4,2,75.72,3,55.29,31,60,58.05,69.38,58,0,18,188,Rehabilitation & Resettlement,53,78.32,0.6181,60,58,0,0
BG-42-001119,Metro,Tamil Nadu,Madurai,210.89,288,8,0,3,3,54.64,7,3.55,211,78,22.2,19.23,56,0,0,137,Objections,75,6.55,0.0766,379,53,0,0
BG-42-001120,Industrial Corridor,Karnataka,Kalaburagi,235.18,560,8,1,6,2,75.9,6,94.32,30,30,85.77,84.43,424,2,20,291,Possession,49,100.0,0.4232,95,77,1,232
BG-42-001121,Irrigation,Tamil Nadu,Chennai,130.76,90,8,2,5,1,67.75,3,66.29,23,60,60.92,60.72,54,3,74,103,Compensation,72,75.12,0.3881,179,120,1,209
BG-42-001122,Industrial Corridor,Madhya Pradesh,Jabalpur,232.08,376,8,2,4,1,56.25,6,22.74,206,81,0.0,0.0,0,5,90,178,Survey,83,12.27,0.6261,106,58,1,346
BG-42-001123,Industrial Corridor,Tamil Nadu,Chennai,86.13,96,5,4,7,4,73.28,4,12.75,55,73,45.16,43.35,41,5,87,90,Rehabilitation & Resettlement,148,46.39,0.3964,7,94,1,431
BG-42-001124,Highway,Tamil Nadu,Chennai,511.5,637,10,1,6,1,93.87,3,9.11,359,106,44.77,47.14,263,4,71,263,Survey,70,22.6,0.5542,278,78,0,0
BG-42-001125,Irrigation,Gujarat,Ahmedabad,155.54,268,5,0,8,2,99.85,5,88.54,29,4,93.81,93.45,244,0,20,257,Award,43,87.23,0.2043,340,55,0,0
BG-42-001126,Railway,Maharashtra,Nagpur,41.66,90,5,0,4,2,100.0,2,70.24,19,47,62.12,55.01,50,2,38,120,Compensation,85,100.0,0.5284,42,50,0,0
BG-42-001127,Railway,Tamil Nadu,Madurai,90.53,234,7,1,6,4,88.07,0,59.4,79,51,55.67,61.25,115,0,48,165,Award,84,73.31,0.1473,253,49,1,305
BG-42-001128,Highway,Karnataka,Kalaburagi,75.79,91,4,1,3,2,63.08,5,55.26,27,30,65.8,48.31,59,5,69,115,Compensation,110,84.16,0.3241,270,72,0,0
BG-42-001129,Highway,Madhya Pradesh,Indore,70.08,115,5,1,3,0,99.12,0,77.95,24,34,65.04,68.16,72,1,1,138,Compensation,106,100.0,0.3505,74,44,0,0
BG-42-001130,Power Transmission,Madhya Pradesh,Gwalior,22.74,114,3,0,1,0,95.83,0,91.86,6,3,78.87,80.18,86,2,40,124,Possession,84,100.0,0.2101,190,43,1,85
BG-42-001131,Highway,Telangana,Warangal,116.69,182,7,1,5,2,91.37,5,84.16,23,13,100.0,98.65,182,2,34,145,Possession,66,100.0,0.6285,285,139,1,206
BG-42-001132,Railway,Karnataka,Bengaluru Urban,28.26,118,5,0,5,0,90.33,1,8.97,69,103,37.48,44.76,43,1,20,151,Award,46,19.08,0.3791,300,36,0,0
BG-42-001133,Highway,Rajasthan,Jaipur,11.36,43,1,2,2,2,86.83,3,0.93,39,72,0.55,1.67,0,1,45,149,Survey,72,13.0,0.3559,184,40,0,0
BG-42-001134,Irrigation,Gujarat,Ahmedabad,65.03,94,6,0,3,3,98.5,0,100.0,0,7,89.1,64.41,82,0,0,71,Rehabilitation & Resettlement,22,100.0,0.308,90,92,0,0
BG-42-001135,Power Transmission,Telangana,Warangal,46.77,107,5,2,3,5,73.18,0,77.22,15,51,69.86,74.35,72,2,19,107,Possession,275,100.0,0.2878,218,47,1,259
BG-42-001136,Irrigation,Karnataka,Mysuru,42.98,48,4,1,4,0,61.19,4,43.43,17,57,20.62,18.71,10,1,42,59,Objections,115,45.71,0.4521,361,39,1,192
BG-42-001137,Power Transmission,Gujarat,Rajkot,8.0,3,2,0,2,0,82.76,1,71.21,1,13,98.95,97.97,3,0,12,4,Award,114,92.22,0.3567,52,61,0,0
BG-42-001138,Irrigation,Karnataka,Bengaluru Urban,43.35,143,4,0,0,2,52.42,2,40.75,72,63,36.28,36.26,47,1,49,115,Award,49,59.92,0.3698,280,9,1,135
BG-42-001139,Metro,Rajasthan,Jodhpur,74.52,82,5,3,4,2,64.02,5,0.0,55,91,0.04,0.0,0,7,129,76,Notification,171,0.0,0.6527,188,71,1,380
BG-42-001140,Highway,Madhya Pradesh,Gwalior,51.56,37,4,0,1,2,100.0,1,68.41,11,24,100.0,88.96,35,1,25,35,Compensation,97,98.41,0.1911,7,18,0,0
BG-42-001141,Railway,Maharashtra,Pune,116.73,179,5,1,4,1,88.23,2,0.0,162,53,0.0,0.0,0,2,17,159,Objections,208,0.0,0.6921,98,51,1,384
BG-42-001142,Railway,Karnataka,Mysuru,260.9,347,7,1,4,1,79.75,3,86.52,32,39,100.0,100.0,338,4,98,233,Rehabilitation & Resettlement,57,100.0,0.6308,214,63,0,0
BG-42-001143,Industrial Corridor,Telangana,Hyderabad,129.42,124,8,0,0,0,92.72,2,82.19,13,31,79.53,77.3,92,0,0,67,Rehabilitation & Resettlement,68,100.0,0.3264,7,48,0,0
BG-42-001144,Highway,Maharashtra,Nagpur,194.63,210,8,3,7,1,67.03,4,69.2,40,57,59.37,58.75,117,4,76,158,Rehabilitation & Resettlement,145,96.08,0.4287,167,92,1,356
BG-42-001145,Highway,Gujarat,Rajkot,207.95,369,10,1,7,1,85.28,6,72.71,90,15,66.65,70.04,236,2,20,163,Award,100,78.23,0.1289,140,68,0,0
BG-42-001146,Industrial Corridor,Rajasthan,Jaipur,37.9,32,5,2,3,1,59.98,3,0.0,21,75,26.26,22.42,7,9,131,17,Objections,180,11.72,0.7247,99,58,1,352
BG-42-001147,Highway,Tamil Nadu,Coimbatore,121.67,258,7,1,3,1,88.31,2,79.09,36,36,66.12,72.89,170,0,19,145,Rehabilitation & Resettlement,48,99.88,0.0492,205,38,0,0
BG-42-001148,Highway,Telangana,Warangal,189.83,216,6,1,6,0,65.5,4,40.32,90,61,65.9,65.7,130,3,37,192,Rehabilitation & Resettlement,85,90.64,0.2624,10,65,0,0
BG-42-001149,Highway,Telangana,Karimnagar,60.41,192,5,1,5,1,73.51,3,46.16,79,88,25.66,14.77,47,3,32,213,Award,67,30.81,0.3615,279,71,0,0
BG-42-001150,Industrial Corridor,Tamil Nadu,Salem,45.49,53,5,0,3,1,80.86,4,100.0,0,16,49.55,44.91,23,2,25,72,Possession,68,98.14,0.033,155,26,0,0
BG-42-001151,Highway,Maharashtra,Pune,130.89,166,6,1,3,0,81.68,2,15.57,91,62,14.71,9.54,24,1,28,154,Survey,88,14.53,0.661,113,89,1,280
BG-42-001152,Highway,Karnataka,Mysuru,26.17,109,3,2,3,1,89.58,3,75.64,20,17,86.14,84.67,84,2,56,134,Possession,87,100.0,0.7784,217,75,0,0
BG-42-001153,Highway,Maharashtra,Thane,35.86,132,5,0,3,0,64.21,5,0.0,96,90,0.0,0.0,0,1,29,123,Survey,74,38.6,0.196,157,38,0,0
BG-42-001154,Power Transmission,Madhya Pradesh,Bhopal,50.23,122,5,2,6,3,66.79,5,0.0,73,107,6.49,18.82,8,2,37,111,Survey,67,0.0,0.3703,410,90,0,0
BG-42-001155,Highway,Rajasthan,Udaipur,122.78,131,5,0,6,1,87.51,5,93.72,6,30,99.55,100.0,117,1,7,133,Compensation,26,100.0,0.2149,297,77,0,0
BG-42-001156,Highway,Gujarat,Ahmedabad,102.02,245,6,1,8,2,97.06,4,0.0,149,97,0.0,0.0,0,3,77,236,Notification,151,0.0,0.1867,153,62,1,370
BG-42-001157,Irrigation,Karnataka,Belagavi,195.57,182,8,1,3,1,86.79,0,0.0,108,79,3.7,2.5,6,4,37,97,Notification,89,10.19,0.4509,280,34,0,0
BG-42-001158,Irrigation,Telangana,Karimnagar,40.96,64,4,0,5,1,90.04,2,0.0,60,77,12.15,17.87,7,2,45,86,Notification,43,11.86,0.2672,208,60,1,215
BG-42-001159,Highway,Gujarat,Vadodara,39.24,81,3,1,5,3,89.91,7,67.72,18,14,71.02,56.8,53,1,14,119,Award,48,53.16,0.3117,292,44,0,0
BG-42-001160,Highway,Telangana,Karimnagar,130.21,325,7,0,7,1,100.0,3,57.06,127,61,84.2,84.66,249,0,13,238,Rehabilitation & Resettlement,31,63.56,0.4469,25,74,0,0
BG-42-001161,Highway,Uttar Pradesh,Varanasi,45.2,122,1,0,3,1,76.41,3,0.0,95,86,0.0,0.0,0,2,56,448,Notification,99,0.0,0.6639,377,26,1,369
BG-42-001162,Industrial Corridor,Gujarat,Ahmedabad,52.84,123,5,0,1,0,100.0,2,65.39,37,0,93.9,99.1,109,1,20,95,Compensation,60,72.63,0.1148,268,107,0,0
BG-42-001163,Highway,Rajasthan,Kota,19.39,69,5,3,3,4,76.99,5,65.57,22,58,66.94,58.05,43,6,111,78,Rehabilitation & Resettlement,122,99.42,0.6916,334,83,0,0
BG-42-001164,Irrigation,Uttar Pradesh,Varanasi,108.06,178,3,1,7,2,54.82,5,3.31,152,87,33.84,34.3,59,3,54,235,Survey,114,0.0,0.469,353,78,1,330
BG-42-001165,Power Transmission,Rajasthan,Jodhpur,293.84,587,10,2,9,3,63.94,7,7.67,411,79,1.76,15.3,9,4,75,264,Survey,133,0.0,0.6417,175,82,1,403
BG-42-001166,Industrial Corridor,Tamil Nadu,Chennai,37.58,3,5,2,2,1,90.59,2,46.72,1,62,65.22,72.16,2,2,47,41,Rehabilitation & Resettlement,130,77.16,0.3039,338,47,0,0
BG-42-001167,Highway,Madhya Pradesh,Jabalpur,193.9,378,6,2,5,3,89.73,1,40.44,199,67,87.52,77.37,322,1,42,261,Rehabilitation & Resettlement,76,97.87,0.3133,286,68,0,0
BG-42-001168,Irrigation,Gujarat,Vadodara,81.65,148,6,1,2,0,100.0,1,100.0,0,23,74.0,73.79,105,0,6,107,Compensation,63,89.48,0.357,99,44,1,106
BG-42-001169,Industrial Corridor,Gujarat,Rajkot,20.86,80,5,1,2,0,80.25,3,100.0,0,17,95.79,94.36,75,1,20,89,Rehabilitation & Resettlement,124,100.0,0.3789,73,85,0,0
BG-42-001170,Power Transmission,Gujarat,Ahmedabad,41.86,69,3,0,1,0,90.91,1,0.0,45,91,0.0,0.0,0,3,31,81,Survey,69,12.29,0.2405,278,41,1,149
BG-42-001171,Highway,Uttar Pradesh,Varanasi,39.84,118,3,1,3,1,76.04,6,66.11,34,30,62.9,74.29,71,3,66,193,Award,86,60.87,0.2464,328,71,0,0
BG-42-001172,Industrial Corridor,Madhya Pradesh,Gwalior,66.47,70,5,4,0,1,85.88,2,80.01,13,58,65.91,63.45,41,5,138,22,Rehabilitation & Resettlement,144,100.0,0.3114,92,73,1,331
BG-42-001173,Power Transmission,Karnataka,Kalaburagi,119.77,130,7,0,2,1,76.04,3,20.18,68,32,40.09,56.44,51,1,40,100,Objections,173,27.65,0.4793,120,59,0,0
BG-42-001174,Irrigation,Rajasthan,Udaipur,375.83,301,9,0,8,3,72.37,6,85.2,41,22,72.34,65.23,216,2,46,200,Rehabilitation & Resettlement,131,86.61,0.4753,69,53,1,193
BG-42-001175,Industrial Corridor,Maharashtra,Pune,27.25,57,4,2,4,5,73.26,5,23.54,35,56,29.2,27.85,16,4,59,95,Award,95,37.45,0.4364,263,88,1,192
BG-42-001176,Metro,Tamil Nadu,Chennai,58.1,187,4,1,3,1,69.17,3,54.25,62,42,77.42,75.56,137,1,0,138,Rehabilitation & Resettlement,56,92.62,0.1701,7,49,0,0
BG-42-001177,Railway,Rajasthan,Kota,41.81,106,4,0,2,0,95.68,0,10.25,54,87,14.43,14.74,14,0,0,119,Award,55,40.41,0.5954,218,38,0,0
BG-42-001178,Industrial Corridor,Uttar Pradesh,Kanpur Nagar,31.05,20,5,1,1,2,68.47,1,15.7,10,71,30.74,35.21,5,0,0,15,Objections,88,46.93,0.4788,159,54,1,208
BG-42-001179,Irrigation,Madhya Pradesh,Bhopal,92.42,187,6,3,3,3,72.86,4,12.56,136,86,3.7,12.2,6,2,54,163,Survey,73,19.6,0.5998,453,59,1,295
BG-42-001180,Industrial Corridor,Rajasthan,Jaipur,85.73,200,5,1,6,1,79.56,6,15.12,112,93,28.08,25.34,55,0,2,172,Survey,31,9.12,0.1511,104,47,0,0
BG-42-001181,Highway,Uttar Pradesh,Lucknow,20.06,93,4,0,2,0,97.77,0,69.01,26,7,64.74,61.23,56,0,13,113,Rehabilitation & Resettlement,71,95.6,0.3551,33,33,0,0
BG-42-001182,Highway,Uttar Pradesh,Kanpur Nagar,86.88,163,5,1,7,2,61.85,7,0.0,119,104,0.0,0.0,0,0,26,164,Survey,73,0.0,0.6337,35,99,1,297
BG-42-001183,Industrial Corridor,Rajasthan,Kota,32.64,14,3,1,1,3,82.15,3,0.0,10,86,0.2,5.7,0,0,8,0,Notification,37,3.01,0.3507,388,101,1,218
BG-42-001184,Power Transmission,Telangana,Hyderabad,86.44,256,7,1,4,3,100.0,4,0.0,190,114,3.24,0.0,8,2,26,159,Survey,74,0.86,0.2581,151,34,1,324
BG-42-001185,Highway,Tamil Nadu,Chennai,236.42,391,10,0,6,1,71.24,3,8.49,270,64,30.45,24.88,116,2,55,200,Survey,62,14.64,0.304,497,48,1,255
BG-42-001186,Railway,Rajasthan,Jodhpur,124.02,182,4,1,2,3,99.18,0,74.87,43,40,87.69,100.0,159,6,97,169,Rehabilitation & Resettlement,129,88.62,0.8357,179,86,0,0
BG-42-001187,Irrigation,Rajasthan,Udaipur,98.69,200,7,0,2,2,84.48,5,44.49,63,57,57.02,38.19,112,2,34,118,Award,53,88.27,0.0731,7,188,1,219
BG-42-001188,Metro,Maharashtra,Thane,56.09,97,6,0,4,1,78.56,1,95.14,4,0,72.54,77.79,68,3,48,101,Possession,70,100.0,0.3928,70,66,1,206
BG-42-001189,Highway,Madhya Pradesh,Indore,90.33,205,4,2,7,2,71.5,6,0.0,177,100,0.0,7.57,0,3,75,249,Survey,157,0.0,0.8311,211,94,1,436
BG-42-001190,Railway,Rajasthan,Jaipur,134.37,169,6,1,5,2,69.49,7,60.77,49,53,58.24,63.9,98,1,19,125,Compensation,73,90.48,0.4233,7,51,1,194
BG-42-001191,Railway,Karnataka,Bengaluru Urban,124.13,309,6,0,6,0,94.7,4,64.75,94,24,54.44,48.37,158,1,39,261,Award,26,84.04,0.3088,340,57,0,0
BG-42-001192,Highway,Gujarat,Rajkot,79.09,148,8,2,6,4,86.86,6,34.98,67,91,29.34,35.61,43,1,46,107,Award,89,30.37,0.3324,149,67,0,0
BG-42-001193,Industrial Corridor,Gujarat,Surat,101.89,305,8,3,3,1,78.27,5,63.59,69,26,82.92,85.84,249,4,105,166,Possession,111,100.0,0.3232,275,91,0,0
BG-42-001194,Industrial Corridor,Madhya Pradesh,Bhopal,29.87,9,3,0,0,0,89.23,2,75.5,1,3,100.0,100.0,8,4,85,43,Possession,75,100.0,0.5921,7,3,0,0
BG-42-001195,Industrial Corridor,Maharashtra,Thane,47.59,85,3,3,2,6,78.92,3,100.0,0,9,67.18,56.43,51,3,78,100,Possession,106,100.0,0.771,151,83,0,0
BG-42-001196,Industrial Corridor,Uttar Pradesh,Varanasi,150.81,320,8,1,7,3,88.22,2,0.0,256,75,0.0,0.0,0,1,49,208,Survey,65,0.0,0.3837,318,63,1,309
BG-42-001197,Highway,Karnataka,Mysuru,167.94,261,8,1,5,1,77.56,2,6.05,151,91,3.11,1.88,8,0,16,145,Survey,53,0.0,0.4737,139,98,0,0
BG-42-001198,Highway,Rajasthan,Jodhpur,92.28,145,7,0,4,0,90.09,2,68.47,27,44,50.11,68.56,71,2,47,87,Compensation,50,73.86,0.4673,207,37,0,0
BG-42-001199,Highway,Rajasthan,Jaipur,279.55,472,7,0,3,1,96.08,0,54.08,205,20,27.95,16.2,122,2,9,282,Objections,58,33.13,0.2425,260,19,0,0
BG-42-001200,Highway,Uttar Pradesh,Agra,128.56,280,7,0,0,0,89.7,2,76.85,39,14,93.36,90.7,243,0,32,138,Rehabilitation & Resettlement,16,100.0,0.4025,46,95,0,0
BG-42-001201,Power Transmission,Madhya Pradesh,Gwalior,71.06,128,4,0,7,2,72.55,9,27.31,56,57,53.18,54.35,66,1,24,169,Compensation,74,52.13,0.3641,88,73,1,217
BG-42-001202,Highway,Rajasthan,Jaipur,32.27,72,5,0,3,2,81.13,3,43.32,27,58,50.15,48.43,35,1,1,72,Compensation,25,73.56,0.1411,96,99,1,222
BG-42-001203,Industrial Corridor,Uttar Pradesh,Varanasi,270.69,489,9,0,8,1,65.44,7,59.19,150,16,40.89,40.21,184,4,72,248,Rehabilitation & Resettlement,115,67.18,0.7375,153,65,1,298
BG-42-001204,Highway,Maharashtra,Pune,158.58,184,9,2,2,1,66.92,2,68.86,32,16,80.22,65.23,141,4,92,57,Rehabilitation & Resettlement,164,100.0,0.4002,96,42,1,263
BG-42-001205,Highway,Tamil Nadu,Coimbatore,360.92,524,10,1,3,3,63.39,4,0.0,305,90,0.0,0.25,0,1,32,230,Notification,53,0.0,0.3533,487,42,1,266
BG-42-001206,Highway,Madhya Pradesh,Jabalpur,484.67,1010,10,3,21,6,88.43,10,0.0,883,104,0.0,0.0,0,6,97,500,Notification,123,0.0,0.726,123,162,1,604
BG-42-001207,Metro,Uttar Pradesh,Lucknow,30.58,57,4,1,4,2,97.51,2,75.36,13,45,53.16,50.75,27,4,29,49,Compensation,95,84.33,0.2175,70,35,1,182
BG-42-001208,Industrial Corridor,Madhya Pradesh,Jabalpur,30.65,57,4,1,1,1,69.53,3,41.14,32,101,31.48,28.89,17,2,39,63,Award,172,66.25,0.3343,48,31,1,161
BG-42-001209,Power Transmission,Rajasthan,Jaipur,8.67,36,2,0,5,4,61.58,4,39.46,16,42,36.25,45.04,12,1,50,120,Objections,45,35.09,0.3374,217,47,0,0
BG-42-001210,Highway,Rajasthan,Kota,178.52,248,10,3,6,4,72.29,5,5.48,188,82,25.27,4.27,57,1,32,144,Award,94,34.39,0.3704,329,88,1,372
BG-42-001211,Industrial Corridor,Uttar Pradesh,Kanpur Nagar,144.78,302,9,1,5,0,75.71,5,70.05,51,42,58.97,40.12,161,2,30,174,Rehabilitation & Resettlement,63,80.98,0.4549,238,48,0,0
BG-42-001212,Power Transmission,Rajasthan,Jaipur,92.59,72,5,3,2,4,80.97,4,60.56,23,54,49.32,42.22,33,7,134,89,Rehabilitation & Resettlement,128,89.34,0.2568,159,42,1,287
BG-42-001213,Railway,Maharashtra,Thane,32.11,112,5,0,0,1,100.0,0,57.6,39,57,59.06,64.24,61,0,0,77,Compensation,34,84.14,0.1272,139,15,0,0
BG-42-001214,Highway,Maharashtra,Nashik,79.74,163,8,1,2,0,71.38,2,71.92,35,25,70.24,70.74,106,2,30,95,Award,79,76.86,0.3701,179,32,1,212
BG-42-001215,Highway,Uttar Pradesh,Agra,99.26,218,7,3,5,1,75.79,4,52.19,70,43,53.78,51.68,115,3,78,140,Objections,101,50.6,0.2836,391,88,0,0
BG-42-001216,Highway,Rajasthan,Udaipur,160.16,397,7,0,7,1,67.88,6,88.88,38,28,58.62,67.55,223,3,59,301,Compensation,98,77.38,0.3043,274,46,0,0
BG-42-001217,Irrigation,Rajasthan,Jaipur,106.53,146,6,0,4,0,85.93,1,70.98,39,29,54.84,46.34,77,1,0,159,Objections,84,65.65,0.4243,60,115,0,0
BG-42-001218,Railway,Uttar Pradesh,Varanasi,145.63,267,5,0,4,0,100.0,1,41.65,100,71,33.22,26.71,86,1,36,203,Compensation,74,70.24,0.1207,233,89,1,202
BG-42-001219,Metro,Tamil Nadu,Coimbatore,77.53,134,6,0,9,1,72.64,6,47.04,57,48,44.85,47.22,57,2,48,159,Compensation,56,78.18,0.4013,159,66,0,0
BG-42-001220,Power Transmission,Gujarat,Vadodara,220.34,220,9,0,2,0,65.15,0,0.0,143,88,0.0,0.81,0,3,33,87,Notification,71,0.0,0.7187,96,28,0,0
BG-42-001221,Railway,Rajasthan,Kota,141.94,271,8,0,7,3,63.58,6,0.0,183,56,0.0,0.0,0,2,33,206,Notification,52,0.0,0.3709,243,65,1,266
BG-42-001222,Industrial Corridor,Maharashtra,Nashik,33.13,54,5,0,3,1,61.67,4,0.0,36,71,0.0,0.0,0,0,25,77,Survey,91,7.07,0.6366,371,34,1,321
BG-42-001223,Highway,Uttar Pradesh,Varanasi,260.18,598,9,0,14,1,100.0,7,94.98,21,24,76.4,68.26,446,2,28,349,Possession,104,100.0,0.6345,148,95,1,244
BG-42-001224,Metro,Gujarat,Surat,228.25,415,7,3,7,4,67.19,4,4.88,268,134,17.01,4.7,69,3,37,280,Compensation,125,45.78,0.4308,31,104,1,399
BG-42-001225,Highway,Telangana,Karimnagar,124.26,313,7,0,8,0,64.96,6,14.96,178,99,16.5,10.01,49,3,58,211,Survey,48,0.0,0.4231,363,64,1,307
BG-42-001226,Highway,Tamil Nadu,Salem,107.19,203,5,2,4,5,81.9,3,84.1,26,59,91.51,73.39,171,3,81,166,Possession,115,100.0,0.3198,139,63,0,0
BG-42-001227,Railway,Madhya Pradesh,Bhopal,322.75,537,10,4,5,3,86.7,2,36.49,305,73,56.42,53.26,299,5,102,211,Award,168,41.79,0.3717,269,69,1,391
BG-42-001228,Industrial Corridor,Gujarat,Vadodara,23.18,44,3,0,1,0,86.41,0,75.06,6,33,55.96,52.46,24,3,37,85,Award,54,68.99,0.0781,26,28,0,0
BG-42-001229,Industrial Corridor,Uttar Pradesh,Agra,231.13,356,9,1,9,1,77.24,5,90.74,22,24,100.0,98.85,355,4,64,202,Possession,77,100.0,0.3749,7,80,1,192
BG-42-001230,Power Transmission,Gujarat,Ahmedabad,58.5,121,6,1,4,1,69.0,1,0.0,83,81,0.0,8.0,0,4,47,89,Notification,76,0.0,0.5328,348,50,1,278
BG-42-001231,Highway,Telangana,Nizamabad,205.64,153,8,2,3,3,61.06,3,0.0,121,96,0.0,0.0,0,7,73,113,Survey,112,0.0,0.7524,256,66,1,312
BG-42-001232,Irrigation,Karnataka,Kalaburagi,94.28,213,6,1,8,2,96.09,5,27.48,91,73,39.64,30.75,78,1,42,147,Compensation,40,58.18,0.4831,252,126,1,269
BG-42-001233,Highway,Karnataka,Bengaluru Urban,31.68,14,5,1,1,1,81.77,0,14.66,7,63,33.67,29.62,4,0,33,27,Survey,53,47.15,0.364,270,26,1,225
BG-42-001234,Power Transmission,Uttar Pradesh,Varanasi,57.56,128,7,2,4,0,75.35,2,11.06,70,94,0.0,0.0,0,2,62,109,Compensation,69,19.21,0.6835,254,55,1,372
BG-42-001235,Power Transmission,Maharashtra,Thane,193.91,153,7,2,3,3,67.01,3,0.0,102,104,22.36,24.15,33,1,36,115,Survey,85,12.29,0.1567,7,101,1,313
BG-42-001236,Industrial Corridor,Telangana,Warangal,72.37,62,6,1,1,4,83.3,3,0.0,41,75,18.2,22.56,11,1,54,24,Survey,92,43.95,0.7846,177,32,1,313
BG-42-001237,Metro,Madhya Pradesh,Bhopal,52.08,132,7,1,1,0,89.47,0,11.04,81,66,33.13,37.76,39,1,29,91,Survey,53,46.85,0.6834,244,23,0,0
BG-42-001238,Power Transmission,Rajasthan,Jodhpur,51.8,87,6,2,3,2,87.82,1,46.81,43,57,60.11,68.64,49,4,72,36,Award,168,78.89,0.4509,337,43,0,0
BG-42-001239,Power Transmission,Madhya Pradesh,Indore,143.14,152,4,0,3,0,90.47,4,3.92,93,85,0.0,0.0,0,1,0,148,Survey,122,12.88,0.3061,210,30,1,180
BG-42-001240,Highway,Maharashtra,Nagpur,347.41,290,9,1,5,1,62.17,5,0.0,209,79,0.0,0.0,0,2,34,151,Survey,90,0.0,0.5836,276,55,0,0
BG-42-001241,Power Transmission,Gujarat,Surat,15.45,60,4,2,4,3,80.58,4,35.2,31,92,47.3,66.5,28,3,22,121,Rehabilitation & Resettlement,130,67.5,0.6385,239,67,1,236
BG-42-001242,Highway,Uttar Pradesh,Kanpur Nagar,804.76,1693,13,3,20,6,50.62,11,3.02,1162,147,0.0,6.17,0,6,126,500,Objections,171,13.14,0.5887,98,158,1,576
BG-42-001243,Metro,Tamil Nadu,Salem,100.79,211,8,1,3,3,77.69,2,29.57,107,129,18.84,20.93,38,0,16,149,Objections,40,32.48,0.5443,185,31,0,0
BG-42-001244,Industrial Corridor,Tamil Nadu,Madurai,136.21,230,9,0,2,0,95.15,3,16.02,139,65,0.0,0.0,0,0,32,119,Notification,81,0.0,0.0034,214,51,1,140
BG-42-001245,Power Transmission,Rajasthan,Udaipur,60.4,89,4,0,3,2,91.32,3,27.76,60,54,41.81,49.76,37,1,0,158,Objections,18,57.32,0.2745,174,60,1,226
BG-42-001246,Metro,Gujarat,Vadodara,85.39,249,4,1,7,4,69.85,6,18.29,121,61,22.42,17.87,50,6,88,265,Objections,107,65.35,0.7233,97,64,1,286
BG-42-001247,Highway,Karnataka,Kalaburagi,99.88,187,5,0,1,0,82.0,3,30.62,90,77,34.64,28.23,61,1,13,133,Compensation,45,74.37,0.6407,60,51,0,0
BG-42-001248,Metro,Rajasthan,Jaipur,36.99,89,4,1,2,2,88.33,3,0.0,76,75,20.77,20.8,18,3,10,121,Survey,66,23.2,0.1999,401,49,0,0
BG-42-001249,Highway,Madhya Pradesh,Gwalior,44.95,82,6,1,0,1,96.17,0,83.73,12,34,87.84,85.0,64,1,51,69,Possession,59,100.0,0.1949,45,21,0,0
BG-42-001250,Metro,Maharashtra,Thane,220.89,558,7,1,6,3,99.2,1,86.23,50,31,100.0,92.51,544,2,57,339,Possession,106,100.0,0.2209,7,61,0,0
BG-42-001251,Metro,Madhya Pradesh,Bhopal,24.73,97,5,2,5,1,100.0,1,17.42,62,102,18.18,11.4,16,1,39,126,Survey,72,28.16,0.3403,243,76,1,226
BG-42-001252,Power Transmission,Rajasthan,Jodhpur,121.85,192,8,2,2,3,55.32,4,0.0,113,111,0.0,6.22,0,3,71,103,Survey,108,0.0,0.2657,190,83,1,295
BG-42-001253,Highway,Tamil Nadu,Coimbatore,63.66,148,6,1,3,3,76.77,0,9.37,120,89,4.06,14.44,6,4,49,85,Survey,120,6.71,0.7194,308,33,1,309
BG-42-001254,Highway,Gujarat,Surat,39.7,23,5,0,1,1,85.71,2,99.87,0,0,77.08,79.12,16,0,0,2,Compensation,41,92.88,0.2332,323,18,0,0
BG-42-001255,Metro,Rajasthan,Udaipur,414.7,569,10,1,12,2,66.33,9,0.0,402,106,0.0,0.0,0,4,50,309,Survey,85,5.46,0.5315,371,88,1,412
BG-42-001256,Highway,Telangana,Nizamabad,39.9,134,7,0,3,2,100.0,1,100.0,0,33,100.0,96.92,120,0,0,70,Rehabilitation & Resettlement,14,100.0,0.4353,237,78,0,0
BG-42-001257,Highway,Maharashtra,Pune,34.67,131,4,0,1,1,85.58,1,38.2,65,59,72.02,62.17,93,1,15,135,Rehabilitation & Resettlement,50,79.38,0.2759,95,24,0,0
BG-42-001258,Railway,Maharashtra,Nagpur,73.73,89,6,1,1,0,84.36,2,73.33,14,37,75.57,64.03,66,5,79,59,Rehabilitation & Resettlement,70,100.0,0.3258,363,46,0,0
BG-42-001259,Metro,Gujarat,Rajkot,46.3,3,4,0,3,0,81.23,0,59.02,1,13,43.06,42.89,1,2,28,60,Compensation,67,51.7,0.5089,180,95,0,0
BG-42-001260,Highway,Tamil Nadu,Coimbatore,86.07,187,3,2,3,1,80.97,0,86.86,20,13,79.06,76.15,141,6,124,250,Possession,149,100.0,0.4708,106,53,0,0
BG-42-001261,Industrial Corridor,Karnataka,Kalaburagi,96.96,204,5,0,1,0,45.59,7,8.02,167,67,0.0,7.59,0,0,0,134,Notification,41,0.0,0.452,295,39,0,0
BG-42-001262,Irrigation,Uttar Pradesh,Varanasi,103.31,186,6,1,2,1,100.0,0,48.86,79,42,66.29,70.78,115,1,39,142,Award,140,45.64,0.3965,232,56,0,0
BG-42-001263,Metro,Gujarat,Rajkot,77.55,103,5,0,6,2,57.78,7,11.6,57,106,16.2,0.0,17,5,54,140,Objections,89,47.69,0.1904,215,58,0,0
BG-42-001264,Railway,Karnataka,Kalaburagi,48.83,73,4,1,2,2,93.48,3,99.92,0,3,86.1,96.04,62,1,21,86,Possession,87,100.0,0.3159,101,98,0,0
BG-42-001265,Highway,Madhya Pradesh,Bhopal,143.27,186,7,3,1,2,52.77,4,50.46,58,64,64.05,58.59,116,3,95,119,Compensation,113,74.52,0.4339,130,75,1,337
BG-42-001266,Highway,Uttar Pradesh,Agra,78.31,103,6,1,5,1,81.78,3,50.78,37,48,52.54,46.36,51,3,42,92,Rehabilitation & Resettlement,96,65.75,0.4797,7,54,0,0
BG-42-001267,Industrial Corridor,Karnataka,Bengaluru Urban,57.6,130,4,1,3,0,72.67,4,23.18,59,83,0.0,0.0,0,0,4,128,Survey,133,7.05,0.2544,131,32,0,0
BG-42-001268,Industrial Corridor,Maharashtra,Thane,279.78,522,8,2,5,2,100.0,0,87.76,58,16,87.7,84.93,438,2,36,247,Possession,137,100.0,0.3695,94,107,1,295
BG-42-001269,Highway,Telangana,Karimnagar,77.71,234,4,0,2,0,83.12,1,41.0,122,26,16.09,2.73,37,0,4,175,Award,97,47.86,0.3091,341,89,0,0
BG-42-001270,Highway,Maharashtra,Nashik,205.12,197,8,2,5,3,79.4,6,35.62,96,86,73.9,76.3,140,2,47,104,Award,103,66.77,0.4665,68,61,1,356
BG-42-001271,Railway,Uttar Pradesh,Lucknow,228.49,219,10,0,9,4,90.48,5,75.92,41,31,63.17,57.06,132,3,41,151,Possession,49,100.0,0.3378,353,88,0,0
BG-42-001272,Railway,Gujarat,Surat,239.88,541,10,2,8,2,68.44,6,24.1,313,93,0.45,0.0,2,1,1,252,Award,80,37.44,0.2584,88,75,0,0
BG-42-001273,Irrigation,Rajasthan,Jodhpur,148.85,131,6,0,4,1,62.53,5,81.37,20,40,92.69,98.87,112,1,3,130,Award,23,84.56,0.6134,334,70,0,0
BG-42-001274,Highway,Tamil Nadu,Madurai,85.58,122,8,2,2,4,62.35,3,75.74,25,20,100.0,88.68,113,3,76,44,Compensation,96,96.2,0.1575,221,54,0,0
BG-42-001275,Highway,Maharashtra,Pune,81.35,103,5,2,2,2,75.28,1,18.13,73,86,0.0,0.89,0,3,74,72,Survey,124,8.88,0.625,166,83,1,287
BG-42-001276,Railway,Gujarat,Ahmedabad,70.44,103,4,1,4,2,61.29,6,0.0,69,77,0.0,0.0,0,2,43,119,Objections,72,0.0,0.3993,119,92,1,318
BG-42-001277,Highway,Uttar Pradesh,Kanpur Nagar,15.13,28,2,2,2,2,68.42,2,33.82,13,27,72.42,80.49,18,0,14,67,Survey,84,29.83,0.6677,310,52,1,171
BG-42-001278,Highway,Maharashtra,Thane,152.18,228,6,0,5,3,91.93,6,36.52,128,46,24.09,27.27,52,1,21,188,Survey,124,55.03,0.1907,304,50,0,0
BG-42-001279,Railway,Karnataka,Mysuru,104.12,234,6,0,5,0,88.11,3,79.63,29,8,43.06,49.18,99,2,18,149,Rehabilitation & Resettlement,88,76.36,0.3812,342,70,0,0
BG-42-001280,Railway,Rajasthan,Jodhpur,165.74,122,7,1,4,1,66.48,5,8.62,82,97,30.74,12.77,36,3,73,131,Compensation,153,51.26,0.6674,332,49,1,408
BG-42-001281,Highway,Karnataka,Bengaluru Urban,77.98,151,5,3,3,4,81.14,5,29.92,68,72,2.98,0.0,4,1,60,126,Objections,115,24.07,0.3718,305,75,1,342
BG-42-001282,Industrial Corridor,Uttar Pradesh,Kanpur Nagar,145.75,241,6,0,6,0,92.78,4,52.64,79,55,72.61,68.95,162,2,35,222,Award,61,77.82,0.2856,241,47,1,144
BG-42-001283,Metro,Maharashtra,Nashik,28.45,4,3,2,0,1,72.88,0,51.8,1,65,70.83,71.44,3,3,47,25,Award,188,70.26,0.5456,206,35,0,0
BG-42-001284,Highway,Telangana,Warangal,33.6,51,3,5,4,4,52.81,4,6.6,40,84,2.43,10.36,1,4,98,72,Compensation,169,36.19,0.9541,7,74,1,380
BG-42-001285,Power Transmission,Gujarat,Surat,11.81,112,4,0,2,1,100.0,0,87.5,8,0,84.97,69.41,89,2,43,101,Possession,89,100.0,0.1397,7,35,0,0
BG-42-001286,Railway,Telangana,Warangal,76.9,20,8,3,2,1,89.97,1,45.42,8,72,53.92,54.0,10,4,79,0,Possession,126,95.68,0.4891,167,65,1,246
BG-42-001287,Irrigation,Maharashtra,Nagpur,46.15,95,7,0,0,0,89.88,0,83.77,12,0,58.13,49.1,50,2,16,26,Award,51,61.27,0.3189,360,26,0,0
BG-42-001288,Irrigation,Uttar Pradesh,Kanpur Nagar,41.57,106,5,0,4,0,64.66,4,33.89,61,44,27.3,23.3,26,1,38,106,Objections,103,27.41,0.2169,240,69,0,0
BG-42-001289,Metro,Tamil Nadu,Salem,111.91,223,6,1,4,1,100.0,4,78.41,39,47,95.58,84.94,197,2,50,150,Award,64,85.66,0.266,7,81,1,166
BG-42-001290,Highway,Rajasthan,Kota,60.92,73,4,1,4,4,76.06,6,61.66,22,38,62.25,81.69,44,1,8,76,Compensation,63,95.79,0.3622,373,111,0,0
BG-42-001291,Power Transmission,Telangana,Nizamabad,27.21,84,5,1,1,1,78.43,0,51.66,27,13,46.81,50.61,38,1,29,58,Award,37,68.59,0.5723,275,59,0,0
BG-42-001292,Railway,Karnataka,Belagavi,655.77,1333,12,2,18,5,88.49,6,62.67,468,19,86.29,82.53,1060,4,54,500,Compensation,79,100.0,0.7624,136,147,0,0
BG-42-001293,Highway,Telangana,Karimnagar,83.13,175,6,0,4,0,77.86,4,34.03,97,80,50.86,43.54,81,1,15,119,Compensation,58,49.06,0.629,359,35,0,0
BG-42-001294,Industrial Corridor,Rajasthan,Jodhpur,36.0,49,7,3,3,2,71.27,3,46.73,15,74,12.81,16.39,6,2,48,58,Objections,111,34.09,0.4636,57,70,1,266
BG-42-001295,Metro,Telangana,Karimnagar,50.11,126,5,1,4,2,70.59,2,0.0,80,80,7.06,3.32,9,3,29,88,Objections,93,6.64,0.3361,156,61,1,239
BG-42-001296,Power Transmission,Maharashtra,Pune,74.55,131,8,1,10,2,64.61,7,52.02,51,52,30.2,31.19,37,2,23,165,Award,118,73.97,0.3007,103,115,1,357
BG-42-001297,Industrial Corridor,Madhya Pradesh,Bhopal,74.43,140,4,1,2,3,86.94,2,39.29,65,75,32.4,32.92,42,1,49,136,Survey,97,47.73,0.3386,186,69,0,0
BG-42-001298,Irrigation,Uttar Pradesh,Agra,242.68,529,9,1,9,2,71.03,6,18.45,337,59,45.41,39.58,223,1,0,287,Survey,79,30.02,0.308,300,130,1,279
BG-42-001299,Power Transmission,Tamil Nadu,Salem,80.36,138,6,0,2,1,100.0,3,75.8,24,33,69.81,72.69,95,2,43,94,Rehabilitation & Resettlement,48,100.0,0.3698,134,37,1,176
BG-42-001300,Industrial Corridor,Karnataka,Bengaluru Urban,377.73,892,9,0,10,1,71.24,8,34.37,543,42,54.64,47.43,430,1,24,414,Award,36,40.45,0.6222,153,97,1,274
BG-42-001301,Metro,Madhya Pradesh,Jabalpur,60.59,169,6,2,3,2,67.6,4,44.04,59,68,33.29,22.28,50,3,76,90,Survey,107,62.06,0.4539,410,112,1,254
BG-42-001302,Irrigation,Madhya Pradesh,Jabalpur,120.44,245,8,2,7,7,86.57,6,46.24,83,77,69.81,69.81,154,6,70,223,Compensation,147,51.41,0.3184,7,79,1,398
BG-42-001303,Irrigation,Karnataka,Bengaluru Urban,193.95,256,10,3,5,0,79.73,5,56.1,77,77,61.81,67.93,157,3,73,148,Rehabilitation & Resettlement,101,64.6,0.1754,370,84,0,0
BG-42-001304,Power Transmission,Uttar Pradesh,Varanasi,222.77,448,8,1,7,2,59.67,6,27.52,285,64,15.04,2.73,64,3,71,250,Objections,90,37.37,0.5538,241,100,0,0
BG-42-001305,Power Transmission,Gujarat,Vadodara,244.57,335,6,1,6,2,89.5,0,75.54,76,43,70.81,86.98,215,2,88,253,Rehabilitation & Resettlement,48,100.0,0.6459,7,53,1,180
BG-42-001306,Industrial Corridor,Rajasthan,Kota,68.88,91,6,0,5,1,100.0,0,89.36,7,22,91.39,80.84,79,0,15,96,Possession,28,94.56,0.3517,180,44,0,0
BG-42-001307,Highway,Karnataka,Belagavi,85.25,18,6,2,4,2,68.73,3,54.24,5,42,58.39,58.79,10,4,77,29,Compensation,105,73.27,0.4439,161,69,1,198
BG-42-001308,Irrigation,Tamil Nadu,Salem,11.78,97,3,1,1,0,56.46,4,43.85,46,32,36.83,53.85,33,5,69,99,Compensation,80,71.28,0.3315,51,47,1,193
BG-42-001309,Highway,Tamil Nadu,Chennai,73.2,175,6,0,5,1,81.35,2,27.58,110,86,21.3,8.66,35,1,46,177,Notification,99,24.92,0.5393,213,74,1,288
BG-42-001310,Highway,Tamil Nadu,Madurai,205.0,192,7,0,0,0,92.06,2,100.0,0,5,86.75,75.7,166,0,0,91,Possession,43,100.0,0.0495,111,4,0,0
BG-42-001311,Railway,Madhya Pradesh,Indore,175.47,314,7,0,8,0,74.65,8,50.16,92,41,37.19,46.15,104,0,5,242,Award,22,37.98,0.1469,201,81,1,174
BG-42-001312,Industrial Corridor,Karnataka,Kalaburagi,79.9,149,7,0,0,0,100.0,1,86.14,15,26,90.14,100.0,125,2,1,91,Possession,24,100.0,0.3185,146,19,0,0
BG-42-001313,Industrial Corridor,Gujarat,Surat,333.39,275,11,2,3,1,81.53,3,41.44,130,100,56.48,40.83,143,1,3,109,Compensation,62,54.73,0.3356,46,70,0,0
BG-42-001314,Highway,Madhya Pradesh,Gwalior,62.98,105,3,2,5,1,61.48,6,0.0,58,58,0.0,0.0,0,4,59,163,Notification,183,0.0,0.5505,229,51,1,388
BG-42-001315,Highway,Telangana,Nizamabad,48.28,66,4,1,2,0,56.0,5,0.0,36,124,0.0,0.0,0,2,36,64,Notification,63,15.03,0.4059,348,55,1,216
BG-42-001316,Highway,Telangana,Hyderabad,58.88,130,3,0,3,1,100.0,1,94.41,5,7,84.69,78.09,103,1,21,177,Compensation,56,100.0,0.4588,213,49,0,0
BG-42-001317,Railway,Karnataka,Kalaburagi,34.88,48,6,0,1,0,80.85,2,79.85,6,23,96.38,97.52,45,2,0,59,Compensation,80,95.89,0.2773,247,23,0,0
BG-42-001318,Highway,Karnataka,Bengaluru Urban,140.88,177,8,1,3,0,66.56,5,0.0,160,72,0.0,0.0,0,3,66,126,Notification,60,0.0,0.3998,288,70,1,352
BG-42-001319,Industrial Corridor,Telangana,Warangal,107.85,161,4,1,3,1,78.71,4,23.89,88,42,28.59,14.39,45,3,15,136,Rehabilitation & Resettlement,53,48.38,0.6657,147,34,1,265
BG-42-001320,Highway,Gujarat,Surat,139.49,205,7,2,5,1,86.05,1,79.69,34,40,74.93,84.29,144,0,2,139,Rehabilitation & Resettlement,53,84.41,0.5443,302,94,0,0
BG-42-001321,Railway,Gujarat,Vadodara,61.47,83,5,1,3,1,60.29,4,29.87,55,60,20.38,7.63,15,6,82,65,Award,108,28.1,0.722,175,50,0,0
BG-42-001322,Railway,Uttar Pradesh,Kanpur Nagar,81.74,151,5,0,5,0,93.77,3,45.63,49,38,29.6,32.39,44,6,85,177,Award,114,47.82,0.3764,391,39,1,189
BG-42-001323,Metro,Rajasthan,Kota,14.99,18,5,1,0,0,100.0,0,39.04,10,43,0.0,0.0,0,0,9,17,Notification,35,35.79,0.5068,156,91,1,149
BG-42-001324,Power Transmission,Maharashtra,Nagpur,115.7,245,7,0,1,1,72.83,3,75.42,36,0,67.75,57.52,154,0,6,137,Rehabilitation & Resettlement,47,100.0,0.4447,23,19,1,94
BG-42-001325,Highway,Tamil Nadu,Chennai,92.67,213,6,0,7,0,72.72,5,14.54,169,71,23.0,12.43,47,1,0,185,Objections,24,16.41,0.7054,429,52,1,304
BG-42-001326,Railway,Rajasthan,Jaipur,35.5,67,3,1,3,1,91.86,5,100.0,0,12,72.27,87.26,47,3,64,92,Possession,80,100.0,0.405,26,38,1,170
BG-42-001327,Industrial Corridor,Karnataka,Mysuru,78.75,105,5,0,5,1,77.37,5,13.16,59,87,20.59,13.56,19,2,11,157,Award,24,0.0,0.1729,115,59,1,273
BG-42-001328,Highway,Karnataka,Bengaluru Urban,69.67,210,5,0,4,0,98.21,2,89.38,14,18,80.78,82.08,159,1,26,204,Compensation,60,90.9,0.1892,48,89,0,0
BG-42-001329,Power Transmission,Maharashtra,Thane,351.23,718,9,1,10,2,88.41,6,61.02,218,42,54.66,58.9,388,1,46,365,Objections,94,58.73,0.2965,329,76,0,0
BG-42-001330,Irrigation,Karnataka,Mysuru,36.64,75,4,0,0,0,54.18,4,12.78,44,55,19.62,22.77,13,2,19,47,Survey,60,24.24,0.4639,350,4,0,0
BG-42-001331,Industrial Corridor,Madhya Pradesh,Indore,111.62,113,7,4,3,3,70.99,1,57.81,45,75,71.85,65.84,77,6,98,79,Rehabilitation & Resettlement,197,100.0,0.4611,200,114,0,0
BG-42-001332,Irrigation,Gujarat,Vadodara,35.78,62,2,3,0,3,70.43,2,49.42,27,54,32.9,28.25,19,4,93,112,Award,145,58.65,0.6448,176,33,1,218
BG-42-001333,Railway,Madhya Pradesh,Gwalior,54.8,62,4,0,2,1,64.09,1,45.09,31,52,42.83,46.2,25,2,34,66,Compensation,75,65.87,0.4267,31,66,1,170
BG-42-001334,Railway,Tamil Nadu,Madurai,106.85,229,6,0,4,0,100.0,1,94.59,7,0,93.9,93.39,199,1,31,148,Possession,95,100.0,0.6049,7,92,0,0
BG-42-001335,Highway,Rajasthan,Kota,72.31,209,7,1,4,0,95.38,2,68.04,57,51,72.92,84.2,137,2,46,137,Possession,104,100.0,0.3949,57,67,0,0
BG-42-001336,Highway,Madhya Pradesh,Gwalior,85.22,175,7,0,3,1,93.48,0,93.51,7,32,100.0,79.49,162,0,9,105,Rehabilitation & Resettlement,42,100.0,0.383,161,28,0,0
BG-42-001337,Highway,Tamil Nadu,Salem,111.74,229,6,1,1,2,80.12,2,7.25,153,74,0.0,6.86,0,3,46,106,Survey,104,2.85,0.4975,249,59,1,190
BG-42-001338,Metro,Gujarat,Ahmedabad,57.69,135,5,0,3,2,100.0,4,60.05,38,66,51.39,51.43,63,2,33,87,Compensation,43,69.27,0.5621,259,68,0,0
BG-42-001339,Metro,Gujarat,Ahmedabad,173.7,345,7,0,4,2,99.32,1,75.22,75,43,88.78,100.0,278,2,53,207,Possession,51,100.0,0.6897,97,57,1,174
BG-42-001340,Highway,Telangana,Warangal,67.06,74,6,1,3,1,80.94,1,54.95,31,83,31.73,48.66,21,2,49,73,Award,59,40.11,0.6777,334,44,1,205
BG-42-001341,Industrial Corridor,Madhya Pradesh,Gwalior,79.2,87,6,0,4,1,74.97,5,0.0,64,109,0.0,0.0,0,2,11,101,Survey,45,0.0,0.3331,85,99,0,0
BG-42-001342,Highway,Rajasthan,Udaipur,114.33,220,8,0,4,0,79.3,4,82.65,25,19,70.05,71.7,141,1,0,157,Rehabilitation & Resettlement,64,91.3,0.1336,116,80,1,118
BG-42-001343,Railway,Rajasthan,Kota,102.68,133,4,1,1,1,100.0,0,43.62,61,33,51.98,47.0,66,1,36,91,Award,57,49.61,0.7739,130,58,1,206
BG-42-001344,Highway,Telangana,Nizamabad,143.36,371,6,0,3,1,82.93,3,51.31,140,52,79.23,85.72,273,2,0,220,Compensation,33,45.67,0.5381,168,117,1,248
BG-42-001345,Industrial Corridor,Gujarat,Ahmedabad,110.34,96,6,0,8,3,72.57,6,88.45,10,0,100.0,100.0,90,3,17,96,Possession,86,100.0,0.4228,275,60,0,0
BG-42-001346,Metro,Tamil Nadu,Madurai,124.61,62,7,1,4,2,73.22,3,50.83,20,68,50.86,46.31,30,5,57,105,Compensation,186,75.15,0.6442,22,67,1,286
BG-42-001347,Power Transmission,Gujarat,Ahmedabad,66.0,143,8,1,3,3,87.96,0,10.9,98,86,0.0,4.25,0,0,26,89,Award,63,55.15,0.4722,257,50,1,294
BG-42-001348,Highway,Rajasthan,Kota,36.42,166,2,0,4,0,86.14,5,17.9,101,61,0.66,0.0,1,2,51,284,Objections,51,23.65,0.3154,428,35,0,0
BG-42-001349,Railway,Karnataka,Bengaluru Urban,27.33,102,4,1,1,2,79.91,3,15.6,55,74,41.85,33.2,42,1,24,100,Award,104,41.29,0.3609,237,19,1,256
BG-42-001350,Irrigation,Rajasthan,Jaipur,22.5,19,4,0,3,0,64.99,6,7.5,13,103,11.23,11.74,2,3,31,25,Survey,144,20.44,0.333,405,34,0,0
BG-42-001351,Highway,Rajasthan,Udaipur,350.79,472,10,2,7,3,86.4,4,63.88,152,52,48.81,51.43,218,3,55,241,Rehabilitation & Resettlement,122,74.3,0.6816,27,67,1,251
BG-42-001352,Railway,Madhya Pradesh,Gwalior,14.58,64,5,0,2,1,72.58,5,51.79,25,43,63.36,66.49,40,3,99,51,Rehabilitation & Resettlement,282,87.94,0.5526,238,38,0,0
BG-42-001353,Highway,Rajasthan,Kota,222.51,457,9,0,4,2,57.25,4,43.3,226,44,48.98,39.97,204,6,95,201,Objections,90,80.51,0.3151,7,89,1,285
BG-42-001354,Highway,Karnataka,Belagavi,44.4,39,3,1,1,3,78.61,0,1.13,30,93,0.0,0.0,0,4,49,25,Objections,104,0.85,0.5082,283,32,0,0
BG-42-001355,Metro,Madhya Pradesh,Bhopal,221.22,400,10,1,2,1,84.66,3,100.0,0,25,99.98,85.13,368,2,34,143,Possession,93,100.0,0.3441,7,55,1,99
BG-42-001356,Highway,Rajasthan,Kota,14.7,79,5,2,4,0,60.11,6,0.0,56,105,9.01,8.28,7,1,7,87,Notification,60,0.0,0.2139,163,110,1,305
BG-42-001357,Metro,Tamil Nadu,Madurai,70.95,141,6,0,5,1,92.24,4,21.14,88,50,54.52,53.38,75,2,32,130,Compensation,67,29.49,0.0827,7,57,0,0
BG-42-001358,Irrigation,Telangana,Nizamabad,274.03,303,7,0,4,2,87.57,3,24.31,180,75,28.47,15.27,77,3,34,221,Award,70,24.27,0.4024,229,31,0,0
BG-42-001359,Highway,Uttar Pradesh,Kanpur Nagar,151.5,351,7,3,5,5,77.1,3,61.47,83,35,59.72,46.28,199,2,50,153,Compensation,135,83.86,0.5317,102,78,1,331
BG-42-001360,Highway,Tamil Nadu,Coimbatore,65.38,3,6,1,2,2,88.74,2,23.3,2,73,11.11,13.84,0,0,0,37,Survey,81,22.78,0.2912,381,41,0,0
BG-42-001361,Power Transmission,Telangana,Karimnagar,18.09,73,5,0,0,0,100.0,0,100.0,0,0,100.0,100.0,72,0,15,41,Compensation,28,100.0,0.0623,259,23,0,0
BG-42-001362,Metro,Telangana,Warangal,29.73,93,2,2,0,2,68.0,2,4.64,67,86,46.75,38.16,39,2,51,152,Award,101,40.52,0.293,258,24,1,262
BG-42-001363,Irrigation,Rajasthan,Udaipur,260.17,323,7,0,4,1,78.58,3,72.37,66,17,97.36,94.37,295,6,100,177,Compensation,103,73.5,0.5465,286,34,1,156
BG-42-001364,Railway,Tamil Nadu,Salem,64.81,109,6,1,3,1,77.65,1,0.0,84,70,0.0,0.0,0,1,5,79,Notification,42,0.0,0.1524,300,51,0,0
BG-42-001365,Industrial Corridor,Telangana,Karimnagar,80.85,158,7,1,4,5,95.12,2,40.86,84,51,54.64,59.88,84,4,50,82,Award,66,32.52,0.5188,418,51,0,0
BG-42-001366,Irrigation,Karnataka,Belagavi,107.43,195,7,2,4,1,89.39,3,33.46,78,86,39.73,49.71,77,1,51,151,Compensation,125,66.82,0.2119,189,73,1,202
BG-42-001367,Highway,Gujarat,Ahmedabad,30.2,68,5,0,1,0,70.64,0,58.92,17,26,51.7,40.65,31,1,29,51,Survey,78,34.94,0.1448,313,20,0,0
BG-42-001368,Power Transmission,Rajasthan,Jaipur,118.61,198,7,0,4,2,100.0,5,5.87,126,55,31.02,17.75,56,0,15,171,Survey,26,26.03,0.1533,355,43,0,0
BG-42-001369,Industrial Corridor,Telangana,Nizamabad,61.21,64,6,0,1,0,71.43,0,0.0,61,114,2.67,0.0,2,2,41,68,Survey,55,0.0,0.2392,104,26,1,217
BG-42-001370,Power Transmission,Uttar Pradesh,Kanpur Nagar,108.31,204,6,2,2,4,73.96,2,4.22,136,85,6.41,6.07,12,2,59,150,Objections,101,19.76,0.6398,274,93,1,332
BG-42-001371,Highway,Telangana,Hyderabad,53.92,32,5,1,2,1,73.3,3,47.68,13,75,32.89,20.65,10,1,60,93,Survey,172,55.86,0.6385,187,41,0,0
BG-42-001372,Metro,Maharashtra,Thane,24.33,52,2,1,3,0,91.0,3,100.0,0,0,86.49,74.71,41,3,82,107,Possession,104,100.0,0.5073,106,33,1,187
BG-42-001373,Highway,Telangana,Karimnagar,60.83,85,6,1,2,2,81.53,1,4.01,63,107,36.33,42.68,28,1,19,85,Award,37,36.95,0.7044,142,26,0,0
BG-42-001374,Irrigation,Maharashtra,Nashik,142.97,273,5,0,7,3,89.37,2,70.25,47,45,42.1,26.68,107,1,34,213,Rehabilitation & Resettlement,49,79.5,0.6698,166,104,1,261
BG-42-001375,Highway,Gujarat,Vadodara,117.36,118,7,0,2,0,93.98,1,61.87,37,51,62.22,48.07,65,0,0,89,Possession,23,96.42,0.5126,36,32,0,0
BG-42-001376,Highway,Karnataka,Mysuru,87.77,107,5,0,4,0,46.97,6,0.0,78,96,9.67,6.39,9,1,28,124,Notification,29,0.0,0.178,162,35,1,141
BG-42-001377,Irrigation,Madhya Pradesh,Indore,175.65,302,8,0,11,1,80.97,8,65.48,82,52,60.27,73.16,164,0,14,245,Compensation,58,100.0,0.37,56,74,1,175
BG-42-001378,Railway,Telangana,Nizamabad,72.76,36,4,0,0,2,91.02,0,73.31,8,25,87.61,81.52,31,1,26,19,Possession,42,100.0,0.1069,170,14,0,0
BG-42-001379,Industrial Corridor,Maharashtra,Nashik,89.57,234,5,1,8,5,65.9,6,51.01,73,46,69.76,58.26,160,0,62,239,Compensation,43,77.89,0.4677,322,91,0,0
BG-42-001380,Railway,Madhya Pradesh,Gwalior,58.33,65,5,0,1,1,59.24,3,58.77,15,52,38.11,40.37,22,2,49,46,Award,80,46.13,0.6279,262,8,0,0
BG-42-001381,Industrial Corridor,Tamil Nadu,Chennai,184.07,196,8,0,4,0,92.04,3,49.66,91,77,55.74,62.75,99,1,21,113,Award,57,75.99,0.1835,312,73,0,0
BG-42-001382,Highway,Rajasthan,Kota,108.12,126,7,0,2,0,85.98,1,2.7,104,137,15.25,24.17,17,4,23,76,Notification,158,0.0,0.2689,375,37,0,0
BG-42-001383,Metro,Maharashtra,Thane,54.84,157,3,0,5,1,90.13,5,83.18,22,23,51.5,52.55,74,3,50,225,Compensation,84,70.99,0.2248,130,61,0,0
BG-42-001384,Metro,Maharashtra,Thane,26.02,82,2,0,2,1,66.58,4,63.93,23,21,76.71,79.48,60,3,76,162,Possession,143,88.18,0.4115,152,88,0,0
BG-42-001385,Railway,Karnataka,Bengaluru Urban,207.26,269,7,0,3,1,80.27,5,100.0,0,4,100.0,100.0,255,0,0,183,Possession,39,100.0,0.6825,123,28,0,0
BG-42-001386,Highway,Rajasthan,Jaipur,47.22,41,3,0,0,1,79.04,2,40.15,21,41,34.65,34.32,14,0,19,72,Notification,43,26.16,0.0396,337,13,0,0
BG-42-001387,Highway,Rajasthan,Kota,90.71,137,8,1,4,1,81.03,3,8.13,71,84,17.7,30.35,24,1,20,95,Compensation,33,38.26,0.6113,72,44,0,0
BG-42-001388,Industrial Corridor,Telangana,Karimnagar,562.32,949,13,1,14,3,51.35,9,21.25,632,73,1.72,0.28,15,5,91,385,Objections,88,20.94,0.2773,391,142,1,438
BG-42-001389,Highway,Karnataka,Kalaburagi,162.59,345,6,0,5,1,100.0,0,100.0,0,11,98.43,95.84,323,0,0,243,Possession,125,100.0,0.4914,198,35,0,0
BG-42-001390,Railway,Gujarat,Rajkot,310.73,668,11,1,8,2,80.56,6,5.7,547,93,1.36,6.38,8,1,19,264,Notification,62,11.82,0.6514,134,80,1,366
BG-42-001391,Railway,Maharashtra,Pune,55.67,161,6,1,4,3,82.13,4,38.19,93,66,66.9,66.61,107,2,54,128,Possession,66,84.84,0.6239,58,52,0,0
BG-42-001392,Metro,Tamil Nadu,Madurai,201.7,345,6,1,8,1,90.05,5,98.3,4,0,95.25,100.0,324,0,17,277,Rehabilitation & Resettlement,40,100.0,0.6183,283,78,0,0
BG-42-001393,Industrial Corridor,Karnataka,Belagavi,87.47,188,4,1,2,3,91.01,1,23.83,129,58,18.37,32.3,32,3,64,198,Survey,171,6.36,0.4818,262,57,1,314
BG-42-001394,Railway,Maharashtra,Nagpur,114.76,82,4,0,2,0,64.55,2,0.0,68,67,14.81,5.22,12,4,70,98,Notification,103,9.13,0.5553,515,25,1,194
BG-42-001395,Irrigation,Rajasthan,Udaipur,431.24,701,10,1,15,5,97.03,6,87.1,80,33,76.44,80.98,526,1,28,389,Rehabilitation & Resettlement,105,100.0,0.622,13,117,0,0
BG-42-001396,Industrial Corridor,Madhya Pradesh,Bhopal,68.52,82,5,1,2,1,75.69,3,19.82,38,40,20.09,18.45,16,3,96,97,Survey,136,57.02,0.1881,253,57,1,270
BG-42-001397,Power Transmission,Gujarat,Surat,86.96,191,6,0,1,0,94.49,2,73.83,28,50,53.38,54.1,91,0,0,133,Compensation,27,73.28,0.407,387,23,0,0
BG-42-001398,Industrial Corridor,Telangana,Warangal,41.57,92,2,1,1,1,98.3,0,100.0,0,22,100.0,100.0,88,2,48,163,Possession,116,100.0,0.1384,164,64,1,259
BG-42-001399,Highway,Rajasthan,Udaipur,174.3,198,5,2,2,0,96.98,3,26.41,112,79,32.48,28.29,63,0,59,151,Compensation,43,58.32,0.0565,219,63,1,307
BG-42-001400,Irrigation,Maharashtra,Pune,54.68,97,5,0,4,0,60.81,2,59.76,23,18,56.83,48.33,52,0,0,91,Award,23,85.85,0.4169,299,33,0,0
BG-42-001401,Power Transmission,Tamil Nadu,Coimbatore,194.06,474,8,3,13,2,64.25,11,52.67,140,58,38.31,31.69,172,5,88,328,Award,99,28.55,0.4178,493,130,0,0
BG-42-001402,Industrial Corridor,Telangana,Hyderabad,22.88,56,1,0,2,1,72.33,1,0.0,34,59,0.0,0.0,0,2,42,179,Notification,27,0.0,0.5859,330,53,1,205
BG-42-001403,Highway,Maharashtra,Pune,132.81,278,5,0,7,2,56.6,9,71.08,51,44,73.04,55.02,185,5,30,285,Possession,57,100.0,0.3104,7,63,1,204
BG-42-001404,Highway,Maharashtra,Thane,51.16,138,6,1,5,1,66.65,4,16.02,110,78,54.23,49.35,74,3,42,123,Objections,70,53.15,0.5572,170,65,1,307
BG-42-001405,Industrial Corridor,Telangana,Karimnagar,153.61,333,5,4,6,5,80.05,6,35.92,163,105,31.04,28.89,97,0,48,254,Survey,117,45.49,0.4572,333,76,1,367
BG-42-001406,Railway,Maharashtra,Nashik,84.7,168,6,1,5,1,92.63,0,36.28,101,89,36.72,41.88,59,3,71,161,Objections,90,49.76,0.3345,225,72,1,279
BG-42-001407,Industrial Corridor,Madhya Pradesh,Jabalpur,55.8,106,3,0,1,0,100.0,1,97.09,2,13,100.0,93.13,101,0,9,118,Possession,97,100.0,0.5682,171,27,0,0
BG-42-001408,Railway,Telangana,Nizamabad,62.85,182,6,1,5,0,55.44,7,0.0,134,106,0.0,1.26,0,3,68,154,Survey,107,0.0,0.4479,271,52,1,401
BG-42-001409,Metro,Gujarat,Rajkot,43.37,136,2,2,4,0,87.61,3,53.52,48,83,29.31,27.86,36,1,35,246,Rehabilitation & Resettlement,205,78.79,0.5382,17,70,1,357
BG-42-001410,Highway,Rajasthan,Jodhpur,167.37,240,7,0,6,0,75.6,5,9.84,190,51,0.0,4.76,0,2,19,158,Compensation,35,56.92,0.517,138,102,1,314
BG-42-001411,Highway,Maharashtra,Thane,37.01,130,5,0,2,1,87.34,3,64.03,26,30,57.68,64.98,72,2,27,135,Rehabilitation & Resettlement,54,100.0,0.1336,254,30,1,178
BG-42-001412,Highway,Uttar Pradesh,Kanpur Nagar,69.15,107,6,1,2,2,75.86,3,97.48,2,11,88.45,83.07,89,0,10,78,Possession,62,100.0,0.1091,7,49,0,0
BG-42-001413,Power Transmission,Telangana,Nizamabad,112.86,216,6,0,10,2,98.1,4,64.32,49,49,80.05,87.38,158,4,63,224,Rehabilitation & Resettlement,137,100.0,0.321,301,75,0,0
BG-42-001414,Industrial Corridor,Madhya Pradesh,Indore,311.31,442,8,0,4,1,85.7,1,100.0,0,10,93.31,99.14,405,4,61,224,Possession,78,100.0,0.4653,76,84,0,0
BG-42-001415,Irrigation,Uttar Pradesh,Varanasi,84.99,192,5,0,1,0,80.11,3,0.0,140,89,0.0,0.0,0,1,12,138,Survey,57,14.27,0.0,286,25,1,216
BG-42-001416,Power Transmission,Telangana,Warangal,70.53,132,4,2,6,1,90.99,5,85.14,11,3,88.16,94.65,111,4,46,156,Rehabilitation & Resettlement,148,100.0,0.5137,163,128,1,277
BG-42-001417,Power Transmission,Telangana,Karimnagar,106.58,132,6,1,3,2,88.57,3,83.05,13,11,83.38,83.43,97,1,56,80,Compensation,50,100.0,0.3884,59,120,1,249
BG-42-001418,Metro,Maharashtra,Nagpur,16.3,3,3,4,3,4,89.26,3,38.67,1,86,42.72,46.42,1,3,85,44,Compensation,157,67.0,0.2717,229,97,1,427
BG-42-001419,Power Transmission,Rajasthan,Jodhpur,32.82,65,4,1,4,1,77.63,4,77.99,8,28,93.74,96.33,58,1,30,96,Possession,27,100.0,0.5651,32,41,0,0
BG-42-001420,Irrigation,Rajasthan,Udaipur,63.42,104,6,0,1,1,100.0,0,100.0,0,0,100.0,93.81,93,0,24,61,Possession,9,100.0,0.4178,267,13,0,0
BG-42-001421,Industrial Corridor,Rajasthan,Kota,48.41,48,3,0,0,0,78.12,3,92.55,3,7,92.18,85.29,42,5,85,51,Compensation,72,68.65,0.5258,245,32,0,0
BG-42-001422,Highway,Telangana,Warangal,23.79,79,2,0,7,1,87.26,3,51.66,31,61,31.46,39.99,24,2,39,222,Award,67,77.81,0.1802,219,68,1,229
BG-42-001423,Industrial Corridor,Madhya Pradesh,Bhopal,170.07,127,7,1,2,0,80.49,3,42.91,47,65,46.15,40.48,52,0,0,98,Award,46,61.39,0.4754,435,36,0,0
BG-42-001424,Highway,Rajasthan,Udaipur,105.4,47,6,1,1,0,61.29,4,12.12,24,70,16.13,0.0,7,2,30,44,Award,84,44.15,0.2382,65,26,0,0
BG-42-001425,Highway,Tamil Nadu,Salem,95.8,126,6,0,3,1,94.77,4,5.6,78,116,17.81,10.12,22,0,33,85,Objections,41,23.34,0.3952,260,37,0,0
BG-42-001426,Industrial Corridor,Madhya Pradesh,Jabalpur,49.15,81,4,5,1,3,75.25,0,1.38,69,110,25.3,33.13,19,1,33,89,Award,187,41.16,0.8968,321,72,1,358
BG-42-001427,Power Transmission,Madhya Pradesh,Gwalior,91.24,214,4,0,8,4,79.3,6,0.0,133,73,18.28,27.99,39,0,2,239,Notification,11,0.0,0.2371,328,91,0,0
BG-42-001428,Highway,Gujarat,Vadodara,129.23,195,5,0,1,0,86.32,1,0.0,165,72,14.64,21.76,27,1,38,135,Notification,77,1.65,0.4443,438,22,0,0
BG-42-001429,Highway,Gujarat,Ahmedabad,69.27,161,5,3,5,5,71.2,5,71.35,41,53,68.44,63.32,105,4,64,183,Rehabilitation & Resettlement,133,93.82,0.4523,155,129,1,315
BG-42-001430,Irrigation,Maharashtra,Pune,122.2,188,6,0,2,1,100.0,0,45.07,86,67,52.11,47.43,92,0,8,105,Award,40,92.43,0.5287,197,24,0,0
BG-42-001431,Highway,Uttar Pradesh,Lucknow,45.29,91,6,3,1,0,98.35,0,85.16,10,56,84.39,85.51,73,2,43,52,Possession,148,100.0,0.2269,249,53,0,0
BG-42-001432,Highway,Karnataka,Bengaluru Urban,92.57,143,6,1,4,2,86.86,5,38.95,57,75,51.97,54.71,68,0,23,134,Compensation,88,66.38,0.359,47,44,0,0
BG-42-001433,Industrial Corridor,Rajasthan,Kota,213.58,521,7,0,8,0,62.93,8,0.0,422,93,5.0,0.0,24,1,0,344,Notification,26,32.11,0.2004,639,69,0,0
BG-42-001434,Power Transmission,Telangana,Karimnagar,229.43,230,9,0,7,7,66.87,5,30.35,123,43,4.94,0.0,11,2,47,135,Survey,48,34.47,0.4119,267,47,1,252
BG-42-001435,Metro,Karnataka,Bengaluru Urban,247.66,269,9,3,5,2,81.81,6,15.22,126,106,9.07,7.94,24,2,58,143,Survey,160,51.03,0.3963,327,70,1,354
BG-42-001436,Metro,Madhya Pradesh,Jabalpur,107.6,248,4,1,2,2,89.37,2,77.68,52,34,100.0,95.74,231,1,11,258,Possession,56,87.24,0.2982,118,44,0,0
BG-42-001437,Railway,Karnataka,Bengaluru Urban,87.82,73,2,2,3,5,58.92,5,18.75,51,95,0.0,0.0,0,3,33,182,Survey,60,0.0,0.3942,83,48,1,263
BG-42-001438,Highway,Maharashtra,Nashik,59.8,85,3,1,2,1,100.0,0,59.09,20,48,79.66,81.22,65,0,34,106,Award,39,85.73,0.1656,157,74,0,0
BG-42-001439,Power Transmission,Madhya Pradesh,Gwalior,20.17,13,4,3,2,2,86.97,1,91.51,1,25,95.23,88.77,11,1,38,32,Possession,114,100.0,0.5976,7,72,0,0
BG-42-001440,Power Transmission,Maharashtra,Thane,29.2,26,5,0,2,1,100.0,2,70.77,6,28,100.0,83.02,24,1,0,46,Possession,39,100.0,0.4819,77,36,0,0
BG-42-001441,Railway,Gujarat,Rajkot,74.86,77,3,0,0,1,98.3,0,0.0,69,91,0.0,5.95,0,1,10,108,Objections,80,1.52,0.2512,427,24,0,0
BG-42-001442,Railway,Telangana,Warangal,78.52,191,6,0,5,0,56.5,6,0.0,153,83,0.0,0.0,0,3,79,147,Notification,79,0.0,0.5408,316,190,1,310
BG-42-001443,Highway,Tamil Nadu,Salem,265.01,288,9,2,6,0,58.6,7,32.49,122,44,43.8,44.48,126,3,34,159,Survey,73,38.07,0.1545,229,93,1,341
BG-42-001444,Highway,Maharashtra,Thane,245.14,372,10,1,2,2,54.76,4,4.71,287,123,0.0,0.0,0,3,52,214,Notification,118,1.83,0.629,473,56,1,317
BG-42-001445,Railway,Tamil Nadu,Coimbatore,49.44,102,6,1,7,3,64.08,8,0.0,77,75,15.9,6.08,16,5,90,146,Survey,92,23.9,0.5149,375,65,1,231
BG-42-001446,Highway,Maharashtra,Nashik,164.79,306,9,0,6,0,100.0,2,58.97,91,5,42.43,26.5,122,2,21,183,Compensation,44,81.81,0.4336,311,48,0,0
BG-42-001447,Power Transmission,Gujarat,Ahmedabad,58.46,144,5,2,6,5,81.15,4,79.67,23,23,82.28,83.36,112,0,0,143,Possession,152,100.0,0.4095,349,86,0,0
BG-42-001448,Highway,Madhya Pradesh,Gwalior,147.83,310,7,1,7,3,83.33,4,42.85,161,36,25.3,21.62,74,1,29,219,Compensation,82,67.84,0.2299,117,82,1,330
BG-42-001449,Industrial Corridor,Madhya Pradesh,Bhopal,163.17,298,7,1,6,2,84.07,3,70.24,51,87,67.95,75.45,188,1,22,197,Compensation,48,64.86,0.2361,227,87,0,0
BG-42-001450,Metro,Telangana,Warangal,231.29,514,9,0,10,3,82.15,6,27.74,263,60,21.6,14.55,108,0,0,275,Survey,59,24.29,0.1127,140,92,1,292
BG-42-001451,Power Transmission,Telangana,Warangal,57.74,108,3,0,7,2,82.33,4,97.44,2,24,82.48,72.58,84,4,63,174,Rehabilitation & Resettlement,94,100.0,0.4798,7,52,0,0
BG-42-001452,Irrigation,Madhya Pradesh,Bhopal,192.76,269,7,1,3,5,95.13,3,54.31,94,49,26.71,16.56,70,9,151,144,Compensation,107,39.16,0.51,318,37,0,0
BG-42-001453,Railway,Telangana,Karimnagar,19.14,45,4,0,3,1,97.59,4,78.04,9,0,100.0,100.0,45,2,16,68,Rehabilitation & Resettlement,58,100.0,0.691,245,19,0,0
BG-42-001454,Highway,Gujarat,Vadodara,241.52,278,10,0,7,4,74.07,7,71.7,62,46,89.72,100.0,237,0,9,135,Possession,37,100.0,0.3046,9,51,0,0
BG-42-001455,Power Transmission,Madhya Pradesh,Bhopal,83.93,169,5,1,4,0,60.63,6,39.78,59,37,29.52,24.61,47,3,61,112,Objections,77,30.3,0.4015,183,97,1,295
BG-42-001456,Highway,Tamil Nadu,Chennai,85.37,80,7,2,4,0,88.58,1,15.5,48,91,12.1,14.93,9,4,73,62,Survey,114,27.77,0.3277,211,75,1,372
BG-42-001457,Highway,Uttar Pradesh,Lucknow,16.78,68,3,1,2,1,77.93,2,7.29,48,58,0.0,0.0,0,4,35,99,Survey,67,0.0,0.3086,227,28,1,278
BG-42-001458,Highway,Madhya Pradesh,Gwalior,62.74,153,6,0,3,1,69.49,7,76.58,28,27,57.37,52.14,84,5,57,90,Award,129,75.85,0.8129,7,51,1,130
BG-42-001459,Irrigation,Tamil Nadu,Coimbatore,253.25,509,7,0,5,1,86.57,3,100.0,0,3,91.64,80.27,443,2,26,257,Possession,71,100.0,0.5839,40,73,1,185
BG-42-001460,Highway,Tamil Nadu,Madurai,60.86,78,6,0,1,1,100.0,1,55.67,30,37,46.75,45.63,34,1,15,35,Award,124,78.26,0.4813,264,13,0,0
BG-42-001461,Metro,Karnataka,Bengaluru Urban,151.53,219,7,1,7,3,94.76,1,77.83,43,27,93.74,86.63,194,1,56,177,Rehabilitation & Resettlement,113,90.84,0.3454,237,84,0,0
BG-42-001462,Railway,Tamil Nadu,Chennai,88.03,178,4,0,4,0,88.4,3,78.4,33,12,100.0,90.56,175,2,0,191,Compensation,50,100.0,0.5224,48,62,0,0
BG-42-001463,Industrial Corridor,Rajasthan,Kota,200.36,489,7,1,6,3,84.29,3,13.67,339,37,30.01,37.33,134,0,44,271,Survey,96,0.0,0.2552,209,53,1,374
BG-42-001464,Railway,Madhya Pradesh,Bhopal,99.8,179,7,2,8,5,69.26,6,0.0,127,109,44.76,49.72,78,4,51,145,Objections,111,30.63,0.8309,109,89,1,337
BG-42-001465,Irrigation,Karnataka,Belagavi,40.63,43,3,0,0,0,80.83,0,53.99,17,62,38.26,45.81,15,1,1,52,Compensation,73,74.89,0.341,201,25,0,0
BG-42-001466,Power Transmission,Gujarat,Rajkot,89.58,88,4,1,1,3,100.0,0,45.82,32,59,69.89,69.88,61,2,27,89,Compensation,69,81.46,0.5182,198,19,0,0
BG-42-001467,Metro,Telangana,Warangal,308.27,453,9,1,11,3,68.49,9,34.6,200,36,41.25,32.92,169,4,81,262,Award,85,57.28,0.682,126,112,1,369
BG-42-001468,Railway,Madhya Pradesh,Jabalpur,127.5,117,4,0,4,3,83.86,4,48.41,38,39,56.35,57.14,64,0,24,160,Survey,48,41.15,0.2719,310,42,0,0
BG-42-001469,Power Transmission,Telangana,Karimnagar,78.01,206,7,0,3,1,99.93,1,82.94,33,23,73.44,73.6,140,1,14,123,Rehabilitation & Resettlement,54,100.0,0.1841,133,40,0,0
BG-42-001470,Power Transmission,Karnataka,Kalaburagi,520.4,788,13,0,11,2,68.86,8,25.12,470,46,22.34,13.49,167,3,37,323,Survey,38,35.16,0.215,609,111,0,0
BG-42-001471,Railway,Uttar Pradesh,Lucknow,216.45,320,9,0,6,1,100.0,4,63.66,69,45,84.91,97.93,243,3,41,196,Possession,85,100.0,0.5665,79,82,0,0
BG-42-001472,Railway,Madhya Pradesh,Bhopal,164.58,243,7,1,2,0,78.38,1,0.0,230,106,0.0,0.0,0,1,25,104,Survey,88,11.9,0.3702,351,51,0,0
BG-42-001473,Highway,Madhya Pradesh,Gwalior,110.37,82,8,1,1,1,78.79,4,23.19,58,58,23.42,22.81,19,1,25,64,Survey,93,25.25,0.4935,429,57,0,0
BG-42-001474,Highway,Rajasthan,Udaipur,153.58,236,8,1,8,6,85.45,4,23.6,125,93,22.76,22.16,50,2,59,193,Award,71,69.0,0.1891,266,80,1,293
BG-42-001475,Highway,Madhya Pradesh,Indore,157.62,226,6,2,8,2,89.96,2,5.97,149,80,34.13,36.03,72,1,39,216,Award,47,48.33,0.5048,257,98,1,349
BG-42-001476,Highway,Gujarat,Vadodara,14.94,41,5,2,4,6,84.47,2,80.76,5,27,64.52,60.45,24,7,121,39,Award,125,90.09,0.588,228,50,1,227
BG-42-001477,Highway,Maharashtra,Nagpur,117.44,260,5,0,5,0,77.02,4,49.21,115,45,32.65,40.77,79,1,5,213,Award,51,57.8,0.4851,153,47,1,229
BG-42-001478,Power Transmission,Madhya Pradesh,Jabalpur,75.29,155,5,3,0,4,92.37,0,75.1,28,61,85.82,95.43,128,2,27,97,Possession,213,100.0,0.3279,7,92,0,0
BG-42-001479,Power Transmission,Karnataka,Kalaburagi,57.41,77,3,0,4,2,83.11,0,47.49,31,43,37.85,20.48,27,0,6,155,Award,55,60.81,0.2337,240,121,0,0
BG-42-001480,Power Transmission,Uttar Pradesh,Kanpur Nagar,73.23,170,5,0,3,0,72.83,4,32.86,90,83,57.52,53.72,88,1,37,170,Award,36,67.67,0.7051,192,55,0,0
BG-42-001481,Industrial Corridor,Karnataka,Kalaburagi,24.66,3,3,0,3,0,93.63,2,43.8,2,35,75.5,82.43,2,1,23,23,Award,62,66.78,0.2917,265,27,0,0
BG-42-001482,Industrial Corridor,Gujarat,Ahmedabad,20.21,48,3,1,3,0,73.38,3,3.36,43,129,10.42,12.08,5,2,41,78,Notification,50,13.25,0.2804,245,35,1,243
BG-42-001483,Highway,Maharashtra,Pune,232.11,528,8,2,3,2,83.76,3,96.25,16,0,85.4,74.75,448,3,59,219,Compensation,109,89.22,0.4321,138,49,1,269
BG-42-001484,Industrial Corridor,Gujarat,Rajkot,123.93,221,6,0,4,1,63.25,6,5.65,115,91,42.09,36.97,87,0,0,161,Survey,70,30.32,0.4761,42,69,0,0
BG-42-001485,Railway,Telangana,Hyderabad,12.42,3,3,0,0,0,89.96,0,51.13,1,37,34.84,44.94,1,1,41,45,Compensation,40,77.0,0.5112,176,27,0,0
BG-42-001486,Metro,Telangana,Karimnagar,54.0,94,6,0,1,1,66.52,0,6.27,67,38,0.0,0.0,0,0,17,28,Notification,34,0.0,0.1418,312,29,1,142
BG-42-001487,Irrigation,Tamil Nadu,Coimbatore,173.2,309,6,0,7,3,100.0,4,43.36,102,58,73.19,72.2,215,0,0,204,Possession,103,78.16,0.4112,7,64,0,0
BG-42-001488,Irrigation,Madhya Pradesh,Indore,68.44,123,6,0,6,2,67.68,6,13.73,68,85,28.83,26.06,32,2,52,111,Award,36,60.58,0.4934,181,57,1,284
BG-42-001489,Highway,Tamil Nadu,Chennai,231.83,359,8,0,5,0,100.0,3,100.0,0,23,100.0,94.88,327,1,8,199,Possession,135,100.0,0.2357,153,114,0,0
BG-42-001490,Power Transmission,Gujarat,Rajkot,198.3,327,8,1,6,2,89.35,2,40.52,124,49,56.65,52.12,176,5,72,196,Award,157,52.48,0.1661,7,70,0,0
BG-42-001491,Highway,Rajasthan,Jodhpur,28.92,3,4,1,1,1,66.15,3,0.0,3,92,0.0,3.04,0,3,21,0,Notification,103,0.0,0.3388,526,39,0,0
BG-42-001492,Highway,Maharashtra,Pune,76.35,97,4,2,4,2,100.0,3,85.56,9,41,100.0,100.0,89,0,32,133,Rehabilitation & Resettlement,132,88.16,0.4124,188,66,1,168
BG-42-001493,Highway,Maharashtra,Nashik,59.83,75,5,0,4,1,91.33,3,56.17,27,37,54.86,55.43,40,3,43,94,Compensation,57,47.91,0.2552,134,77,0,0
BG-42-001494,Highway,Karnataka,Bengaluru Urban,28.18,87,5,2,4,0,75.86,3,37.52,41,55,41.28,44.26,36,1,19,124,Rehabilitation & Resettlement,80,90.62,0.1993,91,98,1,265
BG-42-001495,Industrial Corridor,Madhya Pradesh,Gwalior,26.75,62,3,0,1,1,83.58,2,46.36,30,51,45.29,42.19,26,0,57,80,Award,12,53.07,0.3853,45,37,0,0
BG-42-001496,Railway,Madhya Pradesh,Bhopal,44.93,50,3,0,1,1,85.07,4,54.6,20,70,46.29,55.37,21,0,19,60,Compensation,55,68.35,0.2987,224,34,0,0
BG-42-001497,Highway,Uttar Pradesh,Kanpur Nagar,51.28,16,5,1,2,2,82.7,2,91.25,1,7,82.09,85.86,12,1,58,50,Rehabilitation & Resettlement,79,82.61,0.5402,263,49,0,0
BG-42-001498,Irrigation,Madhya Pradesh,Indore,107.4,186,7,0,5,2,91.19,1,74.38,30,22,41.66,35.1,75,0,18,169,Compensation,91,55.97,0.7412,17,110,0,0
BG-42-001499,Metro,Maharashtra,Pune,197.43,404,9,2,13,1,67.49,11,0.0,327,77,10.23,12.25,39,4,68,239,Objections,97,15.69,0.3522,355,112,1,413
BG-42-001500,Railway,Madhya Pradesh,Bhopal,129.14,153,8,1,6,3,76.71,4,46.18,77,55,25.8,32.19,37,4,41,143,Compensation,57,41.52,0.6957,147,65,0,0
BG-42-001501,Metro,Karnataka,Belagavi,156.07,312,7,0,5,1,88.76,2,34.33,124,76,43.03,42.72,129,2,29,170,Compensation,53,62.89,0.3052,144,44,0,0
BG-42-001502,Metro,Maharashtra,Nashik,69.18,58,5,0,1,1,83.32,1,90.5,4,0,81.53,71.86,46,0,43,81,Possession,54,100.0,0.3365,363,25,0,0
BG-42-001503,Metro,Telangana,Hyderabad,138.71,176,7,1,2,1,88.15,3,5.75,128,81,46.04,29.49,73,0,13,71,Award,54,72.59,0.6052,184,40,0,0
BG-42-001504,Industrial Corridor,Uttar Pradesh,Lucknow,76.04,131,4,0,3,0,91.64,1,82.14,22,38,53.83,57.06,68,2,32,154,Award,20,67.83,0.3204,286,34,0,0
BG-42-001505,Irrigation,Tamil Nadu,Salem,60.15,190,4,2,1,3,79.28,0,89.59,15,15,82.03,71.36,143,3,61,183,Rehabilitation & Resettlement,88,100.0,0.2756,170,98,1,167
BG-42-001506,Railway,Telangana,Nizamabad,390.6,531,10,2,8,4,88.53,5,65.68,156,31,42.68,34.04,212,2,86,250,Award,118,54.28,0.5374,7,86,1,308
BG-42-001507,Metro,Tamil Nadu,Madurai,13.27,34,3,4,3,5,61.84,5,57.72,11,48,49.13,40.74,16,7,101,83,Rehabilitation & Resettlement,221,99.21,0.5744,21,150,1,518
BG-42-001508,Highway,Telangana,Karimnagar,19.13,48,4,1,2,0,97.05,1,7.52,32,96,17.43,7.62,8,2,37,78,Award,56,39.53,0.4883,242,27,0,0
BG-42-001509,Power Transmission,Karnataka,Bengaluru Urban,116.3,206,5,2,2,0,77.24,1,19.71,135,82,8.68,3.98,17,5,91,169,Survey,82,12.44,0.4308,218,58,1,316
BG-42-001510,Railway,Maharashtra,Nagpur,69.27,55,4,1,1,0,96.13,0,58.45,18,63,61.98,60.62,32,2,56,41,Rehabilitation & Resettlement,89,100.0,0.4276,126,53,1,170
BG-42-001511,Railway,Tamil Nadu,Salem,27.12,73,5,2,0,0,62.89,3,22.55,35,69,19.93,12.07,13,2,48,35,Survey,88,0.0,0.4208,296,43,1,258
BG-42-001512,Irrigation,Rajasthan,Jaipur,36.83,83,3,0,4,1,86.91,3,52.31,24,45,29.42,20.54,24,1,0,146,Survey,64,47.04,0.5067,27,28,1,183
BG-42-001513,Industrial Corridor,Karnataka,Belagavi,40.87,69,4,0,0,0,92.84,1,77.2,15,22,92.18,87.28,61,1,39,39,Compensation,67,100.0,0.6192,49,22,0,0
BG-42-001514,Highway,Karnataka,Kalaburagi,174.84,331,7,0,8,5,87.24,7,85.33,39,24,75.95,72.13,224,2,36,191,Rehabilitation & Resettlement,21,98.4,0.4831,128,79,0,0
BG-42-001515,Highway,Gujarat,Vadodara,225.86,269,7,1,6,0,100.0,3,71.72,48,4,74.3,74.46,194,2,53,174,Possession,65,100.0,0.4489,46,69,1,258
BG-42-001516,Railway,Uttar Pradesh,Lucknow,317.87,314,10,0,6,3,71.24,6,26.1,131,65,1.69,1.44,5,1,11,145,Objections,43,36.29,0.3849,151,43,0,0
BG-42-001517,Irrigation,Uttar Pradesh,Varanasi,24.02,84,2,0,4,2,84.54,2,4.33,72,90,0.0,0.0,0,1,47,194,Survey,88,25.85,0.5331,358,92,1,278
BG-42-001518,Metro,Karnataka,Kalaburagi,28.68,53,4,0,3,3,98.04,0,100.0,0,0,100.0,100.0,50,2,34,81,Possession,40,100.0,0.6319,80,23,0,0
BG-42-001519,Highway,Maharashtra,Pune,27.15,104,3,1,2,1,65.58,5,0.0,77,80,0.0,0.0,0,0,4,162,Survey,160,3.28,0.1588,101,69,0,0
BG-42-001520,Industrial Corridor,Maharashtra,Nagpur,240.11,405,8,1,4,0,95.97,1,0.0,371,90,0.0,0.0,0,1,61,232,Survey,92,26.12,0.4124,459,73,0,0
BG-42-001521,Railway,Gujarat,Vadodara,119.56,247,6,2,8,1,65.04,4,35.75,102,75,42.94,39.85,94,5,76,229,Objections,115,71.4,0.4497,313,71,1,298
BG-42-001522,Highway,Maharashtra,Nashik,91.3,132,6,0,0,0,89.46,2,57.73,52,63,72.86,84.31,85,2,37,55,Compensation,122,84.61,0.3356,310,18,0,0
BG-42-001523,Power Transmission,Karnataka,Bengaluru Urban,102.89,195,7,0,3,1,92.26,3,53.08,71,83,55.39,49.72,104,2,41,141,Possession,26,77.9,0.3542,13,68,0,0
BG-42-001524,Highway,Madhya Pradesh,Bhopal,81.82,97,5,1,3,1,74.91,2,71.19,19,36,31.24,29.61,28,0,28,141,Rehabilitation & Resettlement,34,72.02,0.5042,121,38,0,0
BG-42-001525,Irrigation,Tamil Nadu,Salem,34.92,28,3,0,0,0,94.04,0,52.98,8,54,31.21,29.78,9,0,0,37,Compensation,10,75.59,0.6086,7,9,0,0
BG-42-001526,Power Transmission,Gujarat,Rajkot,129.09,178,6,0,6,1,64.41,8,0.0,104,82,1.79,4.58,3,2,80,173,Survey,187,0.0,0.5111,321,44,1,306
BG-42-001527,Highway,Tamil Nadu,Coimbatore,73.78,164,7,1,4,0,65.94,6,36.56,66,75,39.59,47.04,64,2,51,112,Objections,54,34.84,0.6959,377,47,0,0
BG-42-001528,Industrial Corridor,Madhya Pradesh,Gwalior,32.78,83,4,1,1,0,61.59,5,69.08,19,33,26.96,27.09,20,3,78,31,Award,62,66.04,0.5399,104,58,1,261
BG-42-001529,Power Transmission,Telangana,Karimnagar,135.56,233,8,1,7,1,58.42,5,23.92,99,107,29.26,45.75,62,1,9,151,Survey,52,28.54,0.3293,93,70,0,0
BG-42-001530,Industrial Corridor,Uttar Pradesh,Varanasi,60.91,105,5,2,5,2,60.69,5,48.52,40,83,67.48,63.43,67,1,32,148,Objections,62,53.53,0.4305,86,77,1,273
BG-42-001531,Industrial Corridor,Gujarat,Vadodara,102.72,215,7,0,3,1,89.49,3,16.07,167,76,16.16,23.77,33,1,21,128,Objections,25,36.54,0.447,298,31,1,179
BG-42-001532,Highway,Uttar Pradesh,Agra,77.48,140,6,2,0,2,44.6,6,0.0,121,89,0.0,0.0,0,5,86,101,Survey,131,0.0,0.2462,418,23,0,0
BG-42-001533,Highway,Madhya Pradesh,Jabalpur,174.71,205,8,0,8,3,90.57,4,48.12,101,50,42.63,41.76,82,1,55,191,Compensation,35,82.6,0.3342,318,50,0,0
BG-42-001534,Industrial Corridor,Tamil Nadu,Salem,102.12,212,4,1,2,2,77.79,7,88.46,21,12,86.2,74.51,167,2,61,187,Compensation,56,100.0,0.2476,164,65,0,0
BG-42-001535,Highway,Telangana,Karimnagar,42.23,19,3,1,0,1,88.17,2,13.28,12,83,12.37,15.07,2,4,48,14,Notification,94,18.3,0.5522,53,11,1,160
BG-42-001536,Highway,Rajasthan,Jaipur,110.79,140,7,1,2,1,83.92,2,35.38,60,41,70.95,67.16,92,1,61,79,Award,36,57.81,0.2114,393,51,0,0
BG-42-001537,Metro,Gujarat,Vadodara,113.72,133,7,1,6,4,71.61,5,53.63,58,73,76.78,74.57,91,2,16,98,Rehabilitation & Resettlement,58,80.22,0.8467,7,56,0,0
BG-42-001538,Highway,Tamil Nadu,Madurai,128.9,209,9,1,7,2,83.85,5,74.74,41,20,86.64,84.54,174,5,76,143,Rehabilitation & Resettlement,108,99.64,0.3282,130,61,0,0
BG-42-001539,Power Transmission,Telangana,Karimnagar,196.11,329,6,1,2,2,80.74,3,39.88,138,70,53.12,55.48,157,3,31,170,Rehabilitation & Resettlement,58,65.77,0.3515,205,57,0,0
BG-42-001540,Power Transmission,Gujarat,Surat,52.31,178,5,2,2,0,87.82,0,36.63,99,25,31.39,38.77,51,1,55,90,Award,102,73.93,0.5947,7,70,1,255
BG-42-001541,Power Transmission,Telangana,Karimnagar,146.11,225,6,1,5,1,91.83,1,89.46,21,4,73.95,70.45,165,4,55,182,Rehabilitation & Resettlement,172,100.0,0.3567,274,61,0,0
BG-42-001542,Highway,Telangana,Warangal,21.55,73,3,1,4,1,72.63,3,27.89,39,100,4.1,0.0,3,2,27,111,Objections,39,36.22,0.6563,391,67,1,223
BG-42-001543,Railway,Karnataka,Mysuru,77.79,128,5,1,0,1,77.6,1,49.32,47,58,68.07,68.05,78,3,66,75,Objections,104,66.74,0.2587,190,100,1,213
BG-42-001544,Power Transmission,Madhya Pradesh,Bhopal,68.74,167,6,0,3,3,70.57,4,16.43,127,102,21.21,10.8,34,1,30,142,Survey,76,20.4,0.2381,178,81,1,227
BG-42-001545,Railway,Telangana,Warangal,272.67,294,8,2,5,1,69.55,4,51.8,96,53,46.97,38.1,135,2,38,176,Award,116,56.49,0.5179,289,62,1,306
BG-42-001546,Industrial Corridor,Karnataka,Kalaburagi,75.56,101,5,0,1,2,86.34,1,24.59,69,60,13.22,15.4,12,2,38,57,Award,77,41.93,0.623,228,50,1,130
BG-42-001547,Industrial Corridor,Madhya Pradesh,Jabalpur,139.27,210,8,2,9,4,48.8,6,38.76,113,82,31.8,25.26,66,0,22,179,Objections,53,28.97,0.2177,372,108,1,355
BG-42-001548,Railway,Rajasthan,Kota,20.92,90,5,1,4,1,92.06,4,100.0,0,13,91.09,95.45,78,3,62,125,Rehabilitation & Resettlement,69,100.0,0.5247,217,71,0,0
BG-42-001549,Railway,Tamil Nadu,Salem,64.62,105,6,1,3,0,75.23,1,15.74,54,75,36.0,33.18,34,6,79,110,Objections,112,34.28,0.4334,432,32,1,261
BG-42-001550,Industrial Corridor,Karnataka,Mysuru,43.51,113,5,0,1,0,71.96,3,23.58,51,98,26.74,21.95,29,2,44,110,Objections,28,33.57,0.1988,214,16,0,0
BG-42-001551,Highway,Tamil Nadu,Madurai,620.43,798,12,2,7,7,57.9,5,0.0,725,126,2.49,9.61,19,2,41,288,Survey,130,0.0,0.3111,206,70,1,425
BG-42-001552,Power Transmission,Maharashtra,Nashik,50.23,86,4,1,2,0,70.81,4,65.17,25,64,23.55,16.28,19,0,26,86,Award,168,79.8,0.188,249,31,0,0
BG-42-001553,Industrial Corridor,Gujarat,Rajkot,90.8,106,6,1,3,2,96.74,4,0.0,70,83,21.44,19.45,21,1,0,110,Objections,143,28.86,0.4079,214,28,1,331
BG-42-001554,Highway,Gujarat,Surat,94.75,171,4,2,5,2,76.92,5,3.46,125,34,25.52,18.45,42,1,25,228,Objections,84,18.88,0.4513,235,89,1,317
BG-42-001555,Industrial Corridor,Gujarat,Rajkot,24.01,30,4,0,0,0,86.18,0,7.94,19,67,39.91,37.79,11,2,11,25,Objections,39,41.02,0.2244,272,51,0,0
BG-42-001556,Metro,Rajasthan,Kota,56.21,102,4,0,1,0,100.0,1,100.0,0,2,98.59,100.0,92,0,0,88,Rehabilitation & Resettlement,8,100.0,0.0915,207,73,0,0
BG-42-001557,Highway,Tamil Nadu,Salem,118.37,246,6,1,7,2,100.0,3,71.64,47,18,84.66,83.88,189,6,90,236,Possession,128,88.04,0.7052,32,64,1,189
BG-42-001558,Irrigation,Gujarat,Rajkot,91.71,77,4,0,0,0,82.95,0,59.38,20,29,32.48,30.16,25,3,53,65,Award,59,73.74,0.1784,73,34,0,0
BG-42-001559,Industrial Corridor,Telangana,Karimnagar,13.59,67,3,0,7,0,75.88,6,29.22,35,76,12.85,9.79,8,4,76,134,Compensation,83,39.3,0.7731,7,55,1,295
BG-42-001560,Industrial Corridor,Maharashtra,Nashik,54.4,58,4,2,0,1,80.74,5,71.32,9,16,79.53,79.66,41,1,48,42,Rehabilitation & Resettlement,48,100.0,0.8196,200,50,0,0
BG-42-001561,Power Transmission,Uttar Pradesh,Varanasi,193.77,218,7,2,7,0,79.52,7,66.38,65,24,73.27,74.85,149,5,64,183,Possession,106,96.73,0.3689,176,68,0,0
BG-42-001562,Metro,Madhya Pradesh,Indore,137.08,305,6,1,4,1,66.57,3,55.3,110,39,59.7,61.16,162,2,43,208,Compensation,47,88.6,0.3144,222,47,1,205
BG-42-001563,Metro,Telangana,Hyderabad,226.88,391,5,0,7,0,100.0,6,91.96,26,11,100.0,99.39,383,0,8,317,Possession,46,100.0,0.4062,121,87,0,0
BG-42-001564,Highway,Madhya Pradesh,Jabalpur,38.92,121,2,1,4,1,90.84,2,69.35,25,69,79.92,73.24,89,0,0,239,Possession,69,80.3,0.6351,157,48,0,0
BG-42-001565,Highway,Karnataka,Mysuru,238.59,266,9,0,6,5,93.57,3,94.74,11,1,76.26,73.17,187,2,25,151,Rehabilitation & Resettlement,80,100.0,0.4014,25,61,0,0
BG-42-001566,Metro,Uttar Pradesh,Kanpur Nagar,82.64,218,6,1,5,1,68.58,4,53.72,65,72,59.94,54.41,117,0,30,161,Award,44,73.29,0.2156,432,58,0,0
BG-42-001567,Metro,Karnataka,Bengaluru Urban,306.06,610,8,0,7,0,83.41,5,5.01,530,81,0.0,1.04,0,5,75,327,Notification,119,0.0,0.5596,280,70,1,338
BG-42-001568,Power Transmission,Telangana,Nizamabad,85.85,206,7,1,3,1,57.98,2,0.0,166,100,0.0,0.0,0,5,56,132,Notification,100,0.0,0.4208,346,54,1,307
BG-42-001569,Metro,Rajasthan,Kota,16.64,14,3,0,2,0,100.0,0,25.11,9,82,26.99,23.11,3,0,0,45,Award,62,35.49,0.2674,246,16,0,0
BG-42-001570,Industrial Corridor,Karnataka,Bengaluru Urban,168.92,212,6,0,4,2,81.03,5,60.89,46,80,53.22,62.75,100,2,35,178,Award,55,79.99,0.3334,91,60,0,0
BG-42-001571,Power Transmission,Maharashtra,Nagpur,60.05,102,4,1,6,3,80.72,8,34.25,49,49,28.63,25.9,28,3,13,118,Award,67,43.84,0.2088,299,79,0,0
BG-42-001572,Irrigation,Gujarat,Ahmedabad,63.37,119,7,0,2,0,86.11,0,44.55,52,58,79.99,63.53,84,0,0,48,Compensation,62,46.01,0.3287,42,42,0,0
BG-42-001573,Railway,Telangana,Hyderabad,26.78,101,4,2,3,4,88.17,4,61.86,27,60,40.35,51.63,40,2,53,98,Compensation,88,98.76,0.4693,251,47,0,0
BG-42-001574,Irrigation,Madhya Pradesh,Indore,313.49,654,9,3,13,4,74.29,6,68.17,143,23,85.67,83.66,519,2,40,362,Rehabilitation & Resettlement,159,100.0,0.2127,176,129,1,365
BG-42-001575,Power Transmission,Madhya Pradesh,Indore,56.44,140,5,2,6,6,88.98,3,28.22,82,44,30.16,25.66,38,1,40,154,Survey,58,42.42,0.2122,285,75,1,299
BG-42-001576,Highway,Telangana,Karimnagar,301.88,610,7,1,12,0,88.53,4,16.47,482,45,21.16,16.62,129,1,0,387,Survey,50,46.82,0.6644,152,88,1,324
BG-42-001577,Railway,Telangana,Hyderabad,60.64,82,4,2,3,4,69.16,5,68.17,16,4,78.63,73.96,59,4,81,98,Rehabilitation & Resettlement,98,100.0,0.6693,180,66,0,0
BG-42-001578,Highway,Telangana,Warangal,40.76,67,5,0,1,0,100.0,1,74.18,13,13,100.0,100.0,63,0,0,43,Rehabilitation & Resettlement,80,100.0,0.2179,103,36,0,0
BG-42-001579,Industrial Corridor,Madhya Pradesh,Jabalpur,246.07,434,8,4,7,4,89.29,4,39.71,164,86,87.16,80.62,344,5,106,216,Possession,166,95.53,0.4849,53,145,1,492
BG-42-001580,Industrial Corridor,Uttar Pradesh,Lucknow,80.75,103,8,0,1,3,100.0,2,39.62,34,43,29.2,22.65,29,0,30,29,Possession,54,94.49,0.2213,100,80,0,0
BG-42-001581,Metro,Telangana,Karimnagar,81.38,82,5,0,0,1,100.0,1,87.73,6,11,92.92,89.56,69,0,15,70,Possession,32,100.0,0.3322,167,42,0,0
BG-42-001582,Power Transmission,Telangana,Nizamabad,30.71,88,5,0,2,0,89.27,0,19.68,42,62,19.14,4.74,16,2,22,48,Objections,88,26.35,0.2936,322,49,0,0
BG-42-001583,Railway,Maharashtra,Thane,59.38,98,6,0,3,1,90.5,3,35.94,41,72,25.82,20.5,24,1,44,107,Award,51,40.17,0.2167,7,25,0,0
BG-42-001584,Railway,Gujarat,Rajkot,120.66,159,6,3,4,0,59.11,4,1.16,113,111,0.0,5.79,0,3,58,130,Objections,97,33.27,0.3673,53,81,1,328
BG-42-001585,Power Transmission,Tamil Nadu,Chennai,30.29,56,4,0,0,0,97.68,0,78.72,11,28,75.35,75.79,38,0,0,32,Compensation,52,81.95,0.2252,394,39,0,0
BG-42-001586,Irrigation,Karnataka,Mysuru,55.63,102,4,1,2,2,75.08,4,57.34,40,72,32.9,35.22,33,4,54,104,Possession,81,84.26,0.3626,7,49,1,241
BG-42-001587,Power Transmission,Karnataka,Belagavi,61.17,162,3,1,5,0,100.0,4,0.0,102,86,25.44,18.7,38,2,32,208,Objections,56,20.73,0.2088,315,84,0,0
BG-42-001588,Highway,Maharashtra,Pune,90.3,223,6,1,3,0,93.57,2,32.18,88,75,41.6,26.86,89,1,6,187,Compensation,41,38.14,0.2167,225,59,0,0
BG-42-001589,Highway,Madhya Pradesh,Indore,279.68,309,9,0,4,2,94.09,5,41.72,167,44,23.78,26.92,68,0,0,146,Objections,57,38.18,0.1044,230,29,0,0
BG-42-001590,Highway,Telangana,Nizamabad,67.36,184,6,1,3,1,80.54,2,10.87,119,61,33.17,23.45,57,0,38,111,Survey,110,12.96,0.2892,248,37,0,0
BG-42-001591,Railway,Maharashtra,Thane,49.28,118,5,0,1,0,87.63,0,30.52,63,70,0.0,0.0,0,0,38,145,Survey,30,16.44,0.8063,254,13,1,188
BG-42-001592,Highway,Gujarat,Surat,770.54,1523,14,1,21,5,61.36,10,0.0,1051,90,0.0,0.0,0,1,17,500,Notification,92,0.0,0.4877,130,157,1,601
BG-42-001593,Irrigation,Gujarat,Rajkot,60.55,152,4,1,4,1,100.0,0,78.39,31,24,82.47,75.3,123,3,64,180,Possession,53,100.0,0.3749,222,60,0,0
BG-42-001594,Industrial Corridor,Rajasthan,Kota,73.51,83,7,2,0,1,72.92,3,34.55,51,72,59.72,48.92,47,9,131,47,Award,200,72.44,0.323,271,41,1,305
BG-42-001595,Railway,Rajasthan,Jaipur,64.31,110,4,0,4,2,96.64,5,47.56,53,50,60.26,58.48,62,1,8,137,Rehabilitation & Resettlement,66,95.55,0.4108,152,59,0,0
BG-42-001596,Railway,Madhya Pradesh,Indore,68.62,85,5,0,0,0,78.57,3,70.28,21,26,53.63,68.68,42,3,59,76,Compensation,84,86.99,0.2263,260,69,1,188
BG-42-001597,Railway,Rajasthan,Udaipur,91.12,186,6,2,8,1,68.03,7,7.84,143,54,0.0,0.0,0,2,39,196,Survey,96,2.32,0.2998,231,93,0,0
BG-42-001598,Metro,Gujarat,Ahmedabad,178.87,270,7,0,3,0,91.0,5,0.0,170,71,0.0,0.0,0,2,51,144,Survey,33,12.61,0.5908,300,34,1,225
BG-42-001599,Industrial Corridor,Rajasthan,Jaipur,118.3,156,7,1,5,0,100.0,3,91.36,9,14,77.62,76.11,114,3,46,122,Rehabilitation & Resettlement,143,97.37,0.5067,38,65,0,0
BG-42-001600,Highway,Uttar Pradesh,Kanpur Nagar,202.69,303,7,1,8,5,77.47,7,25.34,148,74,34.05,39.47,92,3,62,220,Objections,184,38.29,0.4181,233,63,1,393
BG-42-001601,Power Transmission,Madhya Pradesh,Gwalior,197.4,447,8,0,9,4,78.13,6,100.0,0,9,100.0,80.86,419,2,27,264,Possession,63,100.0,0.4031,206,70,0,0
BG-42-001602,Highway,Uttar Pradesh,Varanasi,101.17,171,6,0,4,1,56.4,4,15.13,82,55,22.57,17.25,37,2,44,162,Survey,56,47.81,0.7202,272,65,1,310
BG-42-001603,Highway,Telangana,Hyderabad,115.71,158,5,1,8,1,85.58,3,69.58,43,29,55.38,55.41,80,0,0,206,Compensation,53,61.07,0.3712,234,104,0,0
BG-42-001604,Irrigation,Rajasthan,Jodhpur,207.89,465,10,0,3,2,100.0,1,88.3,52,0,95.99,96.78,434,0,0,137,Rehabilitation & Resettlement,41,100.0,0.0879,159,44,0,0
BG-42-001605,Highway,Gujarat,Rajkot,35.2,65,3,0,1,2,77.17,0,5.27,47,87,19.27,13.51,12,2,47,100,Objections,48,43.78,0.3776,282,50,0,0
BG-42-001606,Highway,Telangana,Hyderabad,631.8,422,9,2,5,2,77.91,3,11.18,267,103,20.56,8.03,82,1,37,215,Objections,67,50.3,0.2508,109,94,0,0
BG-42-001607,Industrial Corridor,Gujarat,Vadodara,56.82,168,4,3,3,0,87.83,2,85.46,21,55,89.08,88.62,144,5,82,182,Possession,130,100.0,0.3521,144,88,0,0
BG-42-001608,Railway,Rajasthan,Jodhpur,64.67,167,5,1,1,1,100.0,2,19.2,100,54,49.83,41.75,80,1,33,133,Objections,60,42.34,0.1725,178,21,0,0
BG-42-001609,Highway,Rajasthan,Udaipur,32.48,54,4,3,1,0,77.3,2,41.62,23,47,34.04,10.82,18,3,43,50,Award,142,52.9,0.3985,198,94,1,267
BG-42-001610,Highway,Rajasthan,Udaipur,33.26,83,5,1,1,3,90.7,3,37.35,45,79,30.87,29.76,25,5,94,101,Award,92,72.66,0.6572,176,44,0,0
BG-42-001611,Highway,Tamil Nadu,Salem,186.65,323,9,0,0,1,78.02,1,0.0,180,106,16.06,15.96,50,1,5,70,Objections,83,17.71,0.5694,129,14,1,214
BG-42-001612,Metro,Gujarat,Ahmedabad,526.45,1091,11,0,9,1,90.82,3,75.64,223,19,75.8,72.08,814,3,42,374,Rehabilitation & Resettlement,71,100.0,0.4462,230,64,0,0
BG-42-001613,Highway,Madhya Pradesh,Indore,54.39,157,3,1,7,0,90.35,7,35.69,62,64,59.78,71.2,85,2,35,216,Rehabilitation & Resettlement,101,70.12,0.5313,144,149,1,288
BG-42-001614,Power Transmission,Gujarat,Vadodara,113.05,130,5,0,5,2,90.9,5,32.32,63,70,14.48,16.15,17,0,34,142,Award,29,53.68,0.3535,103,35,1,186
BG-42-001615,Power Transmission,Telangana,Warangal,102.12,271,6,5,5,6,83.57,4,48.18,98,48,45.35,44.4,114,3,47,183,Rehabilitation & Resettlement,242,78.72,0.6879,64,101,1,356
BG-42-001616,Highway,Telangana,Nizamabad,190.6,363,6,3,10,1,76.02,5,0.0,343,110,0.0,9.76,0,4,49,296,Survey,100,0.0,0.4756,443,91,1,455
BG-42-001617,Railway,Tamil Nadu,Madurai,505.21,368,11,0,6,1,69.09,9,0.0,322,103,0.0,12.7,0,0,0,154,Notification,28,0.0,0.2957,186,46,0,0
BG-42-001618,Highway,Maharashtra,Nashik,289.1,209,10,1,7,1,85.37,4,10.86,115,77,32.94,37.96,62,3,55,117,Compensation,98,36.51,0.2565,213,135,1,373
BG-42-001619,Railway,Tamil Nadu,Chennai,70.74,75,6,0,1,0,100.0,2,85.93,6,48,100.0,94.41,70,1,14,63,Possession,45,100.0,0.723,234,52,0,0
BG-42-001620,Highway,Telangana,Karimnagar,130.71,324,7,1,9,5,47.9,10,0.0,210,84,0.0,1.4,0,6,117,249,Notification,100,0.0,0.2984,292,106,1,431
BG-42-001621,Power Transmission,Telangana,Karimnagar,141.52,214,5,0,4,0,68.0,5,0.0,176,55,0.0,4.43,0,1,29,226,Survey,71,0.0,0.9201,7,77,1,238
BG-42-001622,Railway,Rajasthan,Udaipur,84.26,85,6,1,5,0,69.31,3,35.5,49,60,24.57,3.48,19,2,13,102,Award,97,61.7,0.7316,179,80,1,226
BG-42-001623,Metro,Telangana,Warangal,35.63,62,4,0,1,0,100.0,0,91.0,4,0,82.43,71.0,49,0,4,56,Rehabilitation & Resettlement,15,92.8,0.4005,157,16,0,0
BG-42-001624,Industrial Corridor,Maharashtra,Nashik,45.19,81,5,2,2,0,61.72,3,0.0,70,103,4.95,7.41,4,2,58,68,Notification,116,2.86,0.5278,376,80,1,307
BG-42-001625,Power Transmission,Gujarat,Surat,214.55,354,9,0,8,3,80.26,5,76.8,53,43,58.55,55.7,204,1,19,166,Award,70,89.25,0.0887,382,69,0,0
BG-42-001626,Railway,Gujarat,Ahmedabad,233.0,586,9,1,7,1,81.22,5,91.57,44,0,75.9,78.05,406,1,21,295,Rehabilitation & Resettlement,79,91.09,0.4754,7,81,1,187
BG-42-001627,Highway,Rajasthan,Jaipur,72.53,122,5,1,4,6,66.67,4,0.0,103,104,16.0,19.37,19,2,29,125,Award,98,11.3,0.6537,265,81,0,0
BG-42-001628,Irrigation,Gujarat,Surat,105.51,241,7,0,1,0,67.91,2,7.91,190,90,46.58,37.43,100,0,7,124,Survey,76,54.16,0.5343,223,32,0,0
BG-42-001629,Railway,Uttar Pradesh,Agra,223.14,403,7,0,10,3,78.1,6,0.0,243,72,0.0,0.0,0,5,49,286,Survey,63,2.53,0.6523,299,69,1,342
BG-42-001630,Industrial Corridor,Rajasthan,Jaipur,21.9,67,5,1,4,2,90.76,0,72.67,11,29,34.75,33.83,21,1,28,66,Award,65,80.54,0.7568,390,87,1,207
BG-42-001631,Industrial Corridor,Rajasthan,Kota,59.91,157,4,0,4,0,67.41,4,41.63,68,54,25.97,30.71,37,3,51,126,Award,107,41.61,0.9321,188,57,1,195
BG-42-001632,Metro,Telangana,Nizamabad,430.22,645,10,1,9,5,92.9,5,85.87,78,24,91.67,96.43,545,4,57,295,Rehabilitation & Resettlement,82,100.0,0.253,77,84,0,0
BG-42-001633,Highway,Karnataka,Mysuru,108.79,227,8,0,2,0,90.55,2,59.06,62,31,67.93,52.98,150,1,22,110,Compensation,67,74.04,0.6556,209,37,0,0
BG-42-001634,Highway,Tamil Nadu,Salem,34.7,90,4,0,4,3,100.0,1,91.32,5,0,94.99,75.96,81,1,21,120,Compensation,26,84.49,0.1954,111,34,0,0
BG-42-001635,Metro,Uttar Pradesh,Lucknow,94.05,197,4,0,3,1,100.0,1,82.37,21,0,100.0,93.46,186,1,14,197,Possession,35,100.0,0.6007,180,105,0,0
BG-42-001636,Metro,Karnataka,Kalaburagi,193.86,469,7,1,2,1,85.85,0,54.37,144,30,64.08,71.17,279,3,70,246,Award,142,83.05,0.1852,194,88,0,0
BG-42-001637,Power Transmission,Tamil Nadu,Madurai,11.16,54,5,2,5,1,100.0,1,24.28,37,65,12.19,5.71,6,2,6,73,Award,92,79.36,0.3371,199,99,1,359
BG-42-001638,Industrial Corridor,Tamil Nadu,Coimbatore,98.6,193,3,0,3,0,70.21,1,64.26,49,49,49.61,64.89,87,3,18,284,Possession,76,73.84,0.4021,225,31,0,0
BG-42-001639,Irrigation,Tamil Nadu,Salem,63.57,83,5,3,2,0,97.65,1,15.29,43,56,0.0,0.0,0,4,86,101,Objections,138,17.68,0.6465,307,54,1,273
BG-42-001640,Irrigation,Uttar Pradesh,Kanpur Nagar,23.02,67,3,2,2,2,77.46,3,68.9,14,38,82.53,72.4,51,1,49,78,Rehabilitation & Resettlement,80,70.22,0.2599,305,65,0,0
BG-42-001641,Industrial Corridor,Rajasthan,Udaipur,91.43,145,5,2,7,5,62.72,5,68.21,32,66,67.67,60.25,87,2,39,191,Rehabilitation & Resettlement,93,100.0,0.232,176,80,1,270
BG-42-001642,Highway,Gujarat,Ahmedabad,76.77,229,5,0,7,1,89.07,1,12.54,113,32,0.0,0.0,0,1,36,227,Survey,63,40.46,0.3775,280,60,0,0
BG-42-001643,Railway,Tamil Nadu,Chennai,83.99,189,7,0,3,0,90.08,3,34.19,82,63,50.94,42.04,92,2,20,90,Award,33,37.21,0.1384,7,54,0,0
BG-42-001644,Industrial Corridor,Telangana,Nizamabad,64.81,81,5,1,1,4,77.23,3,10.87,41,74,0.0,0.0,0,1,15,91,Survey,51,1.07,0.2335,209,18,1,235
BG-42-001645,Industrial Corridor,Uttar Pradesh,Agra,37.82,72,5,0,3,1,80.11,2,9.61,42,78,12.4,10.61,8,2,38,70,Survey,82,22.78,0.6898,373,42,1,280
BG-42-001646,Highway,Gujarat,Ahmedabad,26.74,18,5,2,0,0,73.58,1,50.56,5,53,34.91,24.84,6,3,69,8,Award,127,45.98,0.3108,103,31,0,0
BG-42-001647,Industrial Corridor,Maharashtra,Thane,49.28,53,5,0,1,1,88.7,3,34.25,30,80,31.89,30.46,16,3,44,45,Objections,41,33.34,0.5119,279,15,0,0
BG-42-001648,Railway,Karnataka,Kalaburagi,170.27,198,7,2,5,2,84.07,4,8.64,131,80,0.0,0.0,0,5,111,146,Rehabilitation & Resettlement,125,31.29,0.6309,114,82,1,381
BG-42-001649,Railway,Uttar Pradesh,Kanpur Nagar,103.18,170,6,1,2,1,96.71,2,80.52,21,21,77.31,81.09,124,1,39,111,Possession,62,100.0,0.1055,62,27,0,0
BG-42-001650,Power Transmission,Tamil Nadu,Salem,81.02,129,6,1,5,1,79.51,2,36.89,61,53,79.27,79.57,97,6,40,140,Rehabilitation & Resettlement,115,84.96,0.5119,7,69,0,0
BG-42-001651,Railway,Uttar Pradesh,Agra,37.27,127,3,2,3,1,99.86,2,19.92,95,87,24.68,26.86,29,2,47,205,Objections,80,51.79,0.3209,46,49,0,0
BG-42-001652,Metro,Karnataka,Bengaluru Urban,63.49,99,5,2,7,5,62.79,4,37.48,35,59,15.79,14.25,16,8,128,127,Objections,133,46.1,0.6097,85,71,1,355
BG-42-001653,Industrial Corridor,Uttar Pradesh,Agra,154.43,219,7,1,2,3,60.46,2,33.6,103,68,61.11,58.06,134,3,70,96,Objections,88,40.5,0.4213,337,51,0,0
BG-42-001654,Industrial Corridor,Gujarat,Vadodara,128.23,99,6,1,1,1,70.68,3,1.26,69,104,41.44,40.92,37,2,63,59,Survey,114,36.13,0.5826,415,62,1,215
BG-42-001655,Highway,Gujarat,Ahmedabad,58.45,130,4,1,8,0,78.8,6,61.4,34,39,77.13,96.27,93,4,72,166,Possession,102,93.75,0.3853,96,90,1,303
BG-42-001656,Industrial Corridor,Karnataka,Belagavi,10.6,41,2,0,1,1,93.71,1,25.82,23,49,19.19,13.08,8,0,11,71,Award,34,40.23,0.4471,334,32,0,0
BG-42-001657,Railway,Tamil Nadu,Madurai,49.91,50,6,0,0,1,73.71,2,22.25,34,24,32.27,35.43,16,5,75,5,Survey,71,21.24,0.246,350,2,0,0
BG-42-001658,Industrial Corridor,Rajasthan,Udaipur,58.2,35,4,1,1,0,74.8,1,94.67,2,38,77.44,80.55,25,2,44,52,Rehabilitation & Resettlement,172,100.0,0.4373,245,20,0,0
BG-42-001659,Highway,Rajasthan,Udaipur,41.44,83,6,0,5,2,93.1,0,46.0,31,60,56.58,73.47,45,4,9,67,Award,122,60.72,0.2772,99,33,1,198
BG-42-001660,Irrigation,Telangana,Warangal,61.53,117,5,2,4,2,60.31,6,0.0,94,78,0.0,7.53,0,6,104,95,Notification,125,0.0,0.2041,270,71,1,355
BG-42-001661,Power Transmission,Uttar Pradesh,Kanpur Nagar,164.55,269,6,2,2,2,80.6,3,41.87,97,57,32.81,16.66,82,2,20,203,Survey,93,39.3,0.2205,207,59,1,237
BG-42-001662,Railway,Gujarat,Ahmedabad,83.11,141,6,0,1,0,68.65,2,28.4,84,97,74.99,70.25,93,3,82,62,Compensation,84,43.43,0.5854,260,16,0,0
BG-42-001663,Railway,Madhya Pradesh,Bhopal,189.0,331,6,0,5,0,86.63,3,93.68,18,0,99.1,79.81,317,2,27,207,Rehabilitation & Resettlement,57,100.0,0.4464,7,54,0,0
BG-42-001664,Railway,Tamil Nadu,Madurai,25.62,73,5,0,4,2,82.23,3,0.0,43,104,0.0,0.87,0,1,29,120,Survey,29,0.0,0.4796,242,56,1,259
BG-42-001665,Industrial Corridor,Telangana,Karimnagar,67.08,173,5,2,4,3,70.86,3,84.93,21,57,100.0,100.0,167,3,71,153,Possession,66,100.0,0.2113,7,133,1,274
BG-42-001666,Industrial Corridor,Tamil Nadu,Chennai,18.15,30,5,0,0,0,85.43,2,98.92,0,0,94.99,90.46,25,5,84,2,Rehabilitation & Resettlement,52,100.0,0.2023,196,46,0,0
BG-42-001667,Industrial Corridor,Tamil Nadu,Madurai,60.87,43,7,0,3,2,85.62,4,62.31,14,15,62.56,62.87,25,3,53,31,Rehabilitation & Resettlement,64,85.68,0.6979,17,38,0,0
BG-42-001668,Irrigation,Gujarat,Vadodara,37.09,85,2,0,3,0,79.45,3,33.86,38,62,25.77,29.55,22,3,47,227,Survey,76,38.11,0.3378,117,41,1,324
BG-42-001669,Metro,Rajasthan,Jaipur,238.65,531,8,0,7,3,64.71,6,12.68,276,70,17.8,11.43,93,2,77,303,Notification,48,10.39,0.2007,17,48,1,248
BG-42-001670,Industrial Corridor,Rajasthan,Jaipur,118.84,301,5,1,2,3,86.93,2,78.11,61,32,100.0,89.72,270,3,74,227,Rehabilitation & Resettlement,71,97.46,0.4221,363,107,0,0
BG-42-001671,Metro,Karnataka,Mysuru,192.84,325,10,0,4,2,75.11,0,41.57,123,41,16.22,9.65,51,2,15,165,Objections,24,16.73,0.2587,223,54,0,0
BG-42-001672,Industrial Corridor,Maharashtra,Nagpur,60.74,99,4,0,2,1,86.45,2,41.83,43,41,60.53,62.39,59,3,39,98,Compensation,60,92.7,0.4177,216,47,1,141
BG-42-001673,Metro,Madhya Pradesh,Indore,37.87,98,3,2,7,1,73.42,3,99.29,0,26,77.9,75.86,68,2,94,179,Rehabilitation & Resettlement,95,100.0,0.6305,15,96,0,0
BG-42-001674,Power Transmission,Telangana,Karimnagar,36.92,116,7,1,6,2,71.09,6,12.78,94,44,2.23,7.09,2,2,0,123,Survey,79,0.0,0.4283,302,85,0,0
BG-42-001675,Highway,Madhya Pradesh,Indore,105.88,177,5,3,4,1,77.32,5,41.72,89,72,48.59,36.05,80,3,59,146,Rehabilitation & Resettlement,106,66.76,0.7705,79,59,1,375
BG-42-001676,Highway,Rajasthan,Jaipur,364.36,435,8,1,10,1,91.15,1,99.62,1,0,100.0,100.0,407,0,0,276,Possession,84,96.54,0.2472,7,92,0,0
BG-42-001677,Railway,Madhya Pradesh,Bhopal,119.09,237,5,0,1,3,100.0,1,99.8,0,6,100.0,100.0,210,1,5,201,Rehabilitation & Resettlement,75,100.0,0.1706,123,53,0,0
BG-42-001678,Irrigation,Uttar Pradesh,Kanpur Nagar,63.45,233,5,0,6,2,83.35,4,59.34,54,8,51.08,64.5,115,1,0,190,Award,21,80.49,0.197,112,116,0,0
BG-42-001679,Metro,Maharashtra,Nashik,73.62,46,5,2,3,3,76.2,4,83.94,5,62,84.96,85.33,35,2,57,52,Possession,102,100.0,0.4126,104,69,0,0
BG-42-001680,Railway,Karnataka,Belagavi,83.51,130,5,0,4,1,100.0,3,85.58,16,20,67.61,66.83,79,2,49,115,Compensation,26,100.0,0.478,7,47,0,0
BG-42-001681,Railway,Tamil Nadu,Coimbatore,433.25,671,10,0,14,5,83.31,8,76.9,108,41,72.85,77.04,488,3,47,367,Rehabilitation & Resettlement,62,62.13,0.356,258,114,0,0
BG-42-001682,Metro,Uttar Pradesh,Lucknow,229.73,462,8,1,9,4,79.66,6,66.55,98,17,69.98,67.68,287,1,27,299,Rehabilitation & Resettlement,93,99.04,0.7957,194,69,1,258
BG-42-001683,Power Transmission,Madhya Pradesh,Bhopal,105.42,256,8,0,7,3,63.44,4,77.68,41,11,81.85,73.21,209,2,21,144,Rehabilitation & Resettlement,66,100.0,0.4873,208,46,0,0
BG-42-001684,Irrigation,Tamil Nadu,Madurai,93.48,104,6,2,2,2,88.64,0,0.0,84,96,3.79,0.0,4,2,65,74,Objections,67,30.82,0.1367,244,84,0,0
BG-42-001685,Power Transmission,Rajasthan,Jodhpur,108.8,158,5,2,4,5,67.41,7,4.61,131,91,17.03,9.1,25,2,66,130,Survey,91,0.0,0.5851,246,119,1,282
BG-42-001686,Power Transmission,Tamil Nadu,Madurai,127.16,249,6,1,4,4,86.68,4,8.36,158,90,5.45,15.03,13,3,80,188,Objections,70,6.06,0.4784,265,115,1,367
BG-42-001687,Highway,Gujarat,Rajkot,61.52,9,6,1,1,1,90.96,2,16.47,4,75,34.63,35.11,3,3,28,19,Award,97,46.95,0.328,125,42,0,0
BG-42-001688,Highway,Rajasthan,Jodhpur,43.59,102,6,0,2,2,63.8,2,30.68,64,59,15.89,2.64,15,3,34,97,Award,123,75.93,0.6407,125,48,1,205
BG-42-001689,Industrial Corridor,Karnataka,Belagavi,195.54,328,6,0,8,3,77.96,6,67.98,84,32,58.95,57.41,184,4,55,295,Compensation,165,76.64,0.6366,236,70,1,401
BG-42-001690,Industrial Corridor,Uttar Pradesh,Agra,87.15,111,7,0,3,2,82.07,2,48.71,47,44,34.34,36.39,38,2,46,42,Award,62,39.63,0.3324,16,26,0,0
BG-42-001691,Highway,Maharashtra,Pune,182.91,372,7,2,4,5,99.9,5,44.15,155,53,44.82,50.38,156,2,41,174,Rehabilitation & Resettlement,65,64.53,0.2838,104,71,1,264
BG-42-001692,Power Transmission,Madhya Pradesh,Jabalpur,319.55,268,7,0,1,0,100.0,3,90.87,18,2,97.58,89.34,254,0,20,140,Possession,37,100.0,0.542,111,49,0,0
BG-42-001693,Highway,Gujarat,Surat,129.86,250,4,1,2,0,86.96,1,45.84,103,70,49.94,47.07,112,5,44,238,Objections,120,37.48,0.3948,188,35,0,0
BG-42-001694,Highway,Madhya Pradesh,Jabalpur,114.07,229,8,1,7,1,82.7,3,46.91,75,36,81.65,66.54,171,3,63,145,Rehabilitation & Resettlement,59,93.38,0.5062,122,74,1,242
BG-42-001695,Railway,Madhya Pradesh,Jabalpur,1107.87,1729,17,1,13,5,91.79,6,56.38,606,22,82.9,85.01,1353,0,3,459,Compensation,55,93.48,0.5053,7,159,1,384
BG-42-001696,Power Transmission,Karnataka,Bengaluru Urban,101.05,295,5,2,3,5,98.8,3,64.32,82,43,87.47,67.49,227,3,37,232,Compensation,102,96.69,0.7877,510,68,0,0
BG-42-001697,Power Transmission,Gujarat,Ahmedabad,35.79,96,4,0,0,0,100.0,2,20.07,65,78,17.27,12.98,16,4,55,57,Survey,124,26.11,0.4014,139,18,1,262
BG-42-001698,Metro,Maharashtra,Pune,68.38,160,3,0,5,1,86.88,0,74.79,38,88,77.7,71.02,110,1,31,232,Rehabilitation & Resettlement,25,98.27,0.6851,60,90,0,0
BG-42-001699,Power Transmission,Madhya Pradesh,Bhopal,296.29,313,10,5,7,6,84.8,5,67.62,62,44,90.84,100.0,283,4,69,184,Possession,130,96.82,0.4864,41,101,1,306
BG-42-001700,Power Transmission,Telangana,Hyderabad,30.41,77,4,1,4,1,100.0,4,74.06,17,33,41.54,50.16,31,2,66,105,Rehabilitation & Resettlement,58,81.52,0.1277,293,53,0,0
BG-42-001701,Railway,Gujarat,Vadodara,46.9,37,3,3,2,1,81.46,2,81.94,5,27,100.0,90.39,34,2,40,34,Possession,87,100.0,0.6607,215,55,0,0
BG-42-001702,Power Transmission,Madhya Pradesh,Gwalior,207.5,374,8,1,6,0,100.0,4,49.89,146,51,63.14,58.8,235,3,95,194,Possession,83,84.82,0.3328,178,75,1,275
BG-42-001703,Highway,Telangana,Warangal,68.9,73,3,0,1,0,100.0,3,19.25,36,81,17.63,0.0,13,1,1,103,Objections,100,28.25,0.3857,139,46,0,0
BG-42-001704,Metro,Telangana,Karimnagar,78.4,134,6,2,7,3,94.26,6,62.75,42,30,67.7,57.9,86,1,18,177,Compensation,57,86.55,0.3748,245,83,0,0
BG-42-001705,Highway,Maharashtra,Nagpur,202.09,171,6,0,7,0,78.39,6,43.81,78,56,55.27,44.76,94,2,14,171,Award,36,55.96,0.411,243,55,0,0
BG-42-001706,Railway,Maharashtra,Thane,48.26,106,5,0,0,0,100.0,1,91.07,8,0,100.0,100.0,96,0,7,69,Possession,15,100.0,0.6731,270,25,0,0
BG-42-001707,Metro,Madhya Pradesh,Jabalpur,26.45,28,3,3,6,2,68.11,5,0.0,25,92,0.0,2.83,0,4,98,94,Survey,141,0.0,0.7884,391,67,1,425
BG-42-001708,Highway,Tamil Nadu,Chennai,28.19,69,1,0,4,1,75.2,5,0.0,41,100,15.94,5.33,11,8,93,263,Award,149,27.43,0.7047,278,79,1,405
BG-42-001709,Metro,Uttar Pradesh,Varanasi,136.38,252,8,1,4,1,89.16,2,49.72,96,44,97.36,100.0,222,1,24,152,Possession,68,89.99,0.6417,103,46,0,0
BG-42-001710,Industrial Corridor,Maharashtra,Nagpur,105.35,145,7,0,3,1,74.64,5,0.0,105,82,0.0,13.4,0,1,10,110,Objections,40,5.76,0.3231,138,32,1,288
BG-42-001711,Industrial Corridor,Rajasthan,Kota,49.2,94,4,0,9,3,100.0,3,43.31,46,69,10.87,3.54,10,4,66,132,Rehabilitation & Resettlement,53,24.85,0.4261,36,75,1,240
BG-42-001712,Highway,Telangana,Karimnagar,33.88,75,4,0,3,0,73.52,2,45.45,24,87,65.9,57.91,48,2,36,119,Award,120,90.93,0.2457,66,62,0,0
BG-42-001713,Highway,Telangana,Hyderabad,68.96,94,6,0,6,1,74.99,4,100.0,0,24,85.16,90.56,71,6,131,145,Possession,149,100.0,0.2793,145,45,1,207
BG-42-001714,Railway,Rajasthan,Kota,209.18,217,8,2,6,5,81.6,6,98.73,3,17,86.08,82.7,181,3,64,124,Possession,130,100.0,0.3407,350,90,0,0
BG-42-001715,Power Transmission,Gujarat,Rajkot,43.88,105,7,3,3,0,94.93,3,33.18,58,59,34.09,31.94,35,7,122,68,Objections,145,60.32,0.3549,489,108,0,0
BG-42-001716,Power Transmission,Rajasthan,Jaipur,50.39,115,5,1,4,3,86.72,3,53.9,32,33,32.42,31.63,35,7,113,131,Rehabilitation & Resettlement,138,65.65,0.4756,203,57,1,255
BG-42-001717,Railway,Uttar Pradesh,Kanpur Nagar,33.04,49,4,4,5,7,64.03,6,9.96,42,78,26.61,28.26,12,4,52,84,Objections,152,28.85,0.7023,339,89,1,452
BG-42-001718,Industrial Corridor,Rajasthan,Udaipur,63.82,134,6,1,5,1,100.0,0,61.15,38,29,64.25,82.17,79,1,11,101,Compensation,44,55.4,0.2551,44,44,0,0
BG-42-001719,Industrial Corridor,Madhya Pradesh,Bhopal,112.22,224,6,1,7,7,54.31,8,68.48,55,35,74.31,69.33,160,6,94,160,Compensation,158,65.14,0.9368,99,90,1,237
BG-42-001720,Irrigation,Tamil Nadu,Chennai,465.05,1134,9,1,14,2,79.44,6,91.18,62,13,65.47,67.21,664,7,126,500,Rehabilitation & Resettlement,109,45.44,0.4087,7,130,1,376
BG-42-001721,Highway,Uttar Pradesh,Agra,101.92,208,7,1,5,3,46.71,5,12.61,151,75,0.0,0.0,0,3,45,123,Notification,90,0.0,0.656,279,68,1,255
BG-42-001722,Metro,Rajasthan,Jaipur,82.03,226,6,1,4,4,81.69,8,6.75,147,93,0.0,0.0,0,2,35,176,Survey,112,5.28,0.762,263,63,1,260
BG-42-001723,Industrial Corridor,Rajasthan,Kota,170.78,315,5,0,5,0,100.0,3,72.45,58,36,42.39,49.16,127,2,24,258,Rehabilitation & Resettlement,34,95.79,0.5566,70,54,0,0
BG-42-001724,Railway,Maharashtra,Thane,149.45,352,6,1,10,2,70.75,7,28.64,203,71,9.6,3.46,32,2,44,324,Compensation,51,40.72,0.5448,106,85,1,350
BG-42-001725,Highway,Tamil Nadu,Coimbatore,53.94,86,6,1,1,0,91.83,1,18.95,46,85,3.48,6.61,3,3,80,85,Award,132,20.87,0.2955,269,47,0,0
BG-42-001726,Highway,Gujarat,Surat,540.04,1042,10,1,14,3,64.66,11,10.25,744,134,0.0,2.06,0,6,79,474,Notification,152,4.51,0.3367,481,96,1,441
BG-42-001727,Metro,Gujarat,Surat,83.97,61,5,0,4,3,81.1,2,4.23,46,92,4.29,8.28,2,3,68,105,Objections,67,35.3,0.4627,437,36,0,0
BG-42-001728,Industrial Corridor,Gujarat,Surat,103.45,132,9,0,6,2,95.86,2,100.0,0,24,79.93,73.93,103,0,0,95,Rehabilitation & Resettlement,35,97.78,0.6586,234,57,0,0
BG-42-001729,Industrial Corridor,Madhya Pradesh,Indore,133.1,148,6,1,3,0,99.38,3,23.36,83,86,31.56,34.33,47,3,68,98,Notification,54,32.23,0.3894,366,65,0,0
BG-42-001730,Highway,Gujarat,Vadodara,112.92,153,7,0,3,1,86.92,2,48.12,69,41,36.95,48.41,56,1,25,129,Award,103,55.6,0.6781,333,32,1,187
BG-42-001731,Power Transmission,Rajasthan,Udaipur,290.13,657,11,0,5,0,86.47,4,94.24,27,26,80.05,79.33,502,7,89,286,Possession,101,100.0,0.407,189,85,0,0
BG-42-001732,Railway,Tamil Nadu,Salem,53.41,118,4,0,2,1,99.07,0,17.89,68,59,34.85,41.42,40,0,24,142,Notification,27,27.47,0.2427,238,64,0,0
BG-42-001733,Irrigation,Tamil Nadu,Salem,160.25,164,7,1,3,2,72.72,4,62.58,35,19,67.16,62.14,102,2,39,85,Rehabilitation & Resettlement,40,71.02,0.7838,103,76,0,0
BG-42-001734,Highway,Telangana,Hyderabad,97.68,183,8,0,3,1,86.09,2,33.22,93,78,11.5,7.7,19,1,0,82,Objections,77,35.68,0.6477,139,35,1,234
BG-42-001735,Power Transmission,Uttar Pradesh,Kanpur Nagar,187.95,189,8,2,4,0,76.35,1,42.44,66,99,38.88,47.37,71,2,43,133,Rehabilitation & Resettlement,177,66.42,0.7105,7,84,1,315
BG-42-001736,Irrigation,Gujarat,Rajkot,72.1,162,8,0,7,2,79.6,6,78.79,29,14,90.96,84.89,145,1,20,117,Rehabilitation & Resettlement,51,100.0,0.257,198,73,0,0
BG-42-001737,Power Transmission,Maharashtra,Nagpur,64.69,125,4,0,1,0,82.27,0,75.72,23,35,79.89,74.45,100,2,27,100,Possession,47,100.0,0.6259,145,38,1,123
BG-42-001738,Power Transmission,Karnataka,Mysuru,153.8,168,9,0,6,1,87.23,2,41.28,60,27,30.74,24.68,49,1,13,117,Survey,130,37.01,0.5925,128,48,1,192
BG-42-001739,Railway,Karnataka,Mysuru,114.02,167,6,3,4,3,82.26,2,38.99,72,103,32.17,23.04,52,1,33,120,Compensation,81,75.58,0.3014,288,92,0,0
BG-42-001740,Industrial Corridor,Karnataka,Bengaluru Urban,44.42,151,4,0,5,0,89.61,3,69.25,36,25,83.51,86.07,121,2,26,212,Rehabilitation & Resettlement,186,100.0,0.2887,27,39,0,0
BG-42-001741,Industrial Corridor,Rajasthan,Jodhpur,251.26,462,9,0,3,1,73.55,2,0.0,264,90,11.29,8.4,51,3,31,235,Objections,122,13.41,0.2442,62,131,1,288
BG-42-001742,Railway,Gujarat,Surat,153.85,332,7,0,8,1,71.03,9,40.53,152,48,51.75,52.57,168,0,3,266,Objections,61,58.76,0.7805,70,81,1,321
BG-42-001743,Irrigation,Rajasthan,Jodhpur,80.69,112,5,1,2,1,77.26,4,0.28,104,88,0.48,0.0,0,1,36,91,Notification,52,2.94,0.3495,368,30,0,0
BG-42-001744,Railway,Tamil Nadu,Madurai,58.87,129,5,0,1,0,94.69,1,100.0,0,0,92.18,85.61,109,6,43,134,Possession,75,100.0,0.2613,119,18,0,0
BG-42-001745,Railway,Rajasthan,Jodhpur,114.58,180,4,0,3,0,95.02,0,64.68,60,18,77.74,81.0,123,1,15,178,Rehabilitation & Resettlement,118,70.41,0.5166,7,53,0,0
BG-42-001746,Irrigation,Maharashtra,Pune,145.24,128,6,0,5,1,76.71,5,55.91,46,41,60.9,54.62,73,2,31,135,Compensation,40,82.34,0.3046,126,40,0,0
BG-42-001747,Railway,Uttar Pradesh,Agra,23.92,69,5,0,2,1,96.14,2,84.88,7,24,90.23,93.68,59,2,33,85,Rehabilitation & Resettlement,113,93.79,0.426,7,13,0,0
BG-42-001748,Highway,Karnataka,Mysuru,115.65,222,7,0,4,1,71.97,3,41.26,89,71,48.77,45.93,104,4,35,133,Compensation,43,53.67,0.3758,7,50,1,213
BG-42-001749,Railway,Maharashtra,Nashik,144.32,201,7,4,4,8,61.44,5,3.36,122,104,6.2,6.74,11,4,90,152,Award,125,35.28,0.4502,221,103,1,531
BG-42-001750,Power Transmission,Karnataka,Belagavi,13.04,36,4,0,3,0,87.42,3,52.57,10,86,51.07,66.98,16,2,31,57,Award,93,77.67,0.3174,165,33,1,163
BG-42-001751,Power Transmission,Maharashtra,Nagpur,100.18,227,6,0,5,1,66.58,4,57.19,65,49,46.81,51.53,103,4,45,186,Compensation,142,91.6,0.3363,307,47,1,201
BG-42-001752,Highway,Uttar Pradesh,Varanasi,149.26,356,8,2,5,3,88.23,1,5.72,197,103,0.0,9.07,0,2,32,182,Survey,86,17.02,0.389,229,63,1,323
BG-42-001753,Industrial Corridor,Rajasthan,Jaipur,136.28,185,5,1,4,1,81.13,5,72.38,36,19,73.99,64.08,136,5,81,174,Possession,91,83.51,0.1235,189,62,0,0
BG-42-001754,Industrial Corridor,Rajasthan,Kota,162.71,304,6,1,7,3,83.26,5,54.18,121,66,99.58,100.0,298,2,11,249,Rehabilitation & Resettlement,138,84.79,0.3266,388,84,0,0
BG-42-001755,Industrial Corridor,Uttar Pradesh,Lucknow,65.89,88,5,2,2,2,60.41,4,34.94,35,77,37.05,47.17,30,0,28,96,Objections,45,47.73,0.1812,226,42,0,0
BG-42-001756,Industrial Corridor,Karnataka,Kalaburagi,37.27,47,4,1,2,2,70.53,4,51.8,21,76,12.14,14.77,5,3,57,104,Compensation,74,57.01,0.5164,250,54,1,223
BG-42-001757,Irrigation,Maharashtra,Nashik,20.29,35,1,1,2,1,99.01,2,52.66,13,23,35.27,32.14,11,0,0,167,Survey,32,53.93,0.3861,363,81,0,0
BG-42-001758,Railway,Gujarat,Surat,205.16,219,6,2,2,1,94.33,1,91.76,16,0,100.0,96.56,193,0,23,130,Possession,67,100.0,0.3426,107,38,0,0
BG-42-001759,Railway,Madhya Pradesh,Indore,150.27,340,7,0,9,2,76.01,5,89.83,24,15,70.59,61.88,223,5,48,230,Possession,90,94.17,0.6439,231,87,1,207
BG-42-001760,Industrial Corridor,Tamil Nadu,Coimbatore,218.06,499,9,1,8,1,92.46,7,100.0,0,23,100.0,95.38,443,3,83,283,Possession,68,100.0,0.1606,314,68,0,0
BG-42-001761,Railway,Karnataka,Belagavi,47.94,97,4,0,1,0,94.91,0,63.88,30,51,41.53,34.46,40,1,0,124,Objections,46,78.87,0.3162,201,18,1,187
BG-42-001762,Metro,Tamil Nadu,Coimbatore,162.89,193,6,2,4,0,87.78,6,4.57,165,93,25.79,18.23,49,5,109,104,Survey,123,33.26,0.6401,156,52,0,0
BG-42-001763,Highway,Karnataka,Bengaluru Urban,25.74,83,4,1,3,4,56.98,10,0.0,76,129,0.0,2.65,0,3,46,109,Survey,56,0.0,0.5247,317,81,1,226
BG-42-001764,Highway,Karnataka,Belagavi,42.71,162,4,0,3,2,68.27,4,0.0,151,83,0.1,0.0,0,3,49,128,Survey,50,38.24,0.135,366,52,1,217
BG-42-001765,Irrigation,Uttar Pradesh,Kanpur Nagar,94.71,181,7,2,3,0,76.35,1,0.0,123,94,0.0,2.64,0,0,28,128,Survey,123,0.0,0.6496,193,76,1,290
BG-42-001766,Highway,Telangana,Hyderabad,145.56,133,6,2,0,0,88.89,1,0.0,94,101,14.96,13.62,19,1,6,97,Notification,57,2.73,0.1256,152,21,1,250
BG-42-001767,Industrial Corridor,Gujarat,Rajkot,328.06,722,8,2,5,1,83.61,4,73.79,172,18,73.93,88.82,478,3,48,350,Possession,76,86.38,0.444,50,90,1,245
BG-42-001768,Power Transmission,Madhya Pradesh,Indore,70.66,164,7,0,6,3,86.0,4,13.91,133,74,3.39,0.0,6,2,24,136,Notification,73,20.63,0.5188,341,40,1,233
BG-42-001769,Highway,Tamil Nadu,Madurai,42.84,107,6,0,5,1,92.86,5,11.68,68,65,0.0,2.95,0,3,15,104,Survey,53,0.0,0.369,192,60,1,202
BG-42-001770,Highway,Uttar Pradesh,Lucknow,41.11,124,3,2,3,1,69.99,3,34.17,62,79,38.72,31.48,45,3,54,181,Rehabilitation & Resettlement,90,55.05,0.4093,7,43,0,0
BG-42-001771,Railway,Uttar Pradesh,Kanpur Nagar,49.39,48,5,1,3,0,80.35,4,39.65,21,55,33.68,28.94,14,1,28,76,Compensation,84,67.2,0.3795,172,51,1,300
BG-42-001772,Metro,Maharashtra,Nashik,506.14,1062,11,0,12,4,80.52,7,87.77,113,13,89.88,87.35,898,1,0,452,Rehabilitation & Resettlement,16,100.0,0.5047,213,136,1,164
BG-42-001773,Railway,Uttar Pradesh,Lucknow,156.88,279,8,1,5,2,65.96,6,80.24,46,20,62.39,62.26,169,3,75,174,Compensation,57,80.47,0.1789,282,81,0,0
BG-42-001774,Industrial Corridor,Tamil Nadu,Salem,208.52,141,7,1,7,0,73.89,4,87.72,10,27,80.66,77.94,109,1,11,111,Possession,83,100.0,0.531,331,78,0,0
BG-42-001775,Highway,Uttar Pradesh,Kanpur Nagar,70.73,221,6,2,8,3,74.48,7,5.5,143,115,11.53,3.36,23,2,21,162,Compensation,68,41.66,0.3826,229,111,1,363
BG-42-001776,Highway,Karnataka,Belagavi,85.51,216,7,0,0,0,86.05,0,73.46,44,12,91.41,96.08,191,2,50,89,Compensation,199,81.94,0.2168,321,7,0,0
BG-42-001777,Highway,Gujarat,Vadodara,149.82,148,6,0,7,1,83.72,5,100.0,0,6,100.0,100.0,133,0,0,146,Rehabilitation & Resettlement,66,100.0,0.4043,122,82,0,0
BG-42-001778,Railway,Telangana,Warangal,57.13,173,5,3,3,3,51.64,6,12.93,140,104,35.35,41.53,60,3,51,177,Award,185,11.35,0.4762,137,59,1,399
BG-42-001779,Railway,Madhya Pradesh,Jabalpur,67.83,194,7,1,6,2,66.12,4,31.67,80,72,35.92,34.12,69,1,43,167,Objections,71,20.24,0.8223,270,95,0,0
BG-42-001780,Irrigation,Maharashtra,Nagpur,49.91,144,3,1,3,1,78.78,1,52.05,44,75,38.56,47.49,51,1,14,228,Award,58,30.83,0.6896,161,55,1,314
BG-42-001781,Highway,Maharashtra,Pune,59.86,117,4,1,3,2,67.38,3,15.85,55,42,1.97,0.0,2,3,70,142,Survey,65,17.83,0.4492,460,41,1,253
BG-42-001782,Metro,Madhya Pradesh,Jabalpur,89.05,104,6,1,3,2,84.86,4,68.64,19,24,81.7,67.96,84,0,15,113,Rehabilitation & Resettlement,66,97.43,0.7549,7,29,0,0
BG-42-001783,Industrial Corridor,Telangana,Hyderabad,44.37,114,4,0,0,0,85.29,2,4.18,73,80,20.24,19.28,22,1,8,62,Objections,46,11.95,0.4178,471,15,1,193
BG-42-001784,Industrial Corridor,Rajasthan,Jodhpur,107.64,176,4,2,8,1,62.54,8,0.0,110,105,0.0,0.0,0,0,29,193,Survey,126,0.0,0.619,148,107,1,336
BG-42-001785,Industrial Corridor,Tamil Nadu,Coimbatore,107.52,161,6,1,6,4,80.85,6,26.6,104,65,15.01,14.86,23,1,15,176,Objections,56,24.76,0.4718,319,69,0,0
BG-42-001786,Highway,Rajasthan,Jodhpur,74.19,155,7,1,4,1,84.87,4,100.0,0,5,76.92,77.11,118,3,71,118,Rehabilitation & Resettlement,116,100.0,0.2112,247,54,0,0
BG-42-001787,Industrial Corridor,Rajasthan,Jaipur,44.17,99,7,0,2,1,68.27,3,41.0,44,50,35.87,17.36,32,1,19,67,Objections,19,51.83,0.5999,264,50,0,0
BG-42-001788,Railway,Telangana,Nizamabad,93.13,126,5,1,2,2,100.0,0,86.22,11,15,76.03,58.47,84,2,51,69,Compensation,44,76.45,0.3063,281,80,0,0
BG-42-001789,Power Transmission,Rajasthan,Jodhpur,57.17,146,4,0,2,2,76.09,4,93.15,7,34,100.0,89.82,142,0,0,157,Rehabilitation & Resettlement,40,100.0,0.4996,163,33,0,0
BG-42-001790,Highway,Maharashtra,Pune,88.88,109,5,1,2,0,89.32,5,7.99,59,91,23.79,21.22,24,2,25,91,Notification,62,11.79,0.6269,202,71,0,0
BG-42-001791,Industrial Corridor,Gujarat,Ahmedabad,206.13,358,10,2,8,1,88.87,3,57.22,101,47,71.1,58.69,254,2,20,154,Rehabilitation & Resettlement,64,88.2,0.4066,7,83,1,250
BG-42-001792,Industrial Corridor,Telangana,Nizamabad,31.43,104,5,4,4,5,70.25,4,0.0,99,111,0.0,8.14,0,5,121,123,Objections,127,12.57,0.34,167,96,1,508
BG-42-001793,Industrial Corridor,Tamil Nadu,Madurai,487.26,726,13,1,9,3,74.36,9,8.28,516,61,0.0,0.0,0,2,32,267,Survey,177,6.21,0.5554,315,136,0,0
BG-42-001794,Highway,Maharashtra,Nagpur,80.8,143,7,1,5,3,75.11,5,64.82,41,28,62.53,67.36,83,3,33,113,Compensation,110,80.88,0.1076,93,67,0,0
BG-42-001795,Industrial Corridor,Karnataka,Belagavi,119.04,140,5,0,6,1,100.0,3,81.44,22,10,78.7,60.29,105,4,46,167,Possession,53,96.68,0.6296,7,49,1,183
BG-42-001796,Power Transmission,Telangana,Karimnagar,46.89,30,3,0,1,3,73.64,2,61.02,7,57,44.85,53.79,12,3,29,33,Objections,33,74.28,0.4329,292,14,0,0
BG-42-001797,Metro,Uttar Pradesh,Agra,213.53,287,7,1,3,1,62.9,5,39.73,157,83,35.78,40.09,102,0,46,142,Compensation,82,46.79,0.6066,241,60,1,153
BG-42-001798,Railway,Rajasthan,Udaipur,77.44,150,5,0,1,0,73.59,3,34.2,93,46,29.44,14.08,39,0,16,100,Objections,73,39.69,0.2005,225,8,0,0
BG-42-001799,Highway,Madhya Pradesh,Gwalior,62.47,85,4,2,4,2,63.76,5,29.47,47,94,32.17,30.91,26,3,35,129,Compensation,91,37.9,0.3524,7,43,1,241
BG-42-001800,Railway,Maharashtra,Thane,54.03,184,4,2,2,0,71.92,1,72.76,35,41,75.79,78.16,125,1,25,154,Compensation,91,68.85,0.8102,191,49,1,241
BG-42-001801,Power Transmission,Karnataka,Mysuru,69.08,98,6,3,4,4,67.06,8,78.58,19,33,62.38,72.17,58,1,44,98,Compensation,72,70.66,0.5663,46,97,0,0
BG-42-001802,Railway,Telangana,Nizamabad,119.66,174,6,0,3,0,75.41,3,55.3,61,32,54.4,40.33,84,0,14,149,Compensation,67,94.02,0.3646,74,41,0,0
BG-42-001803,Industrial Corridor,Rajasthan,Kota,98.32,233,7,0,4,2,75.94,2,7.9,199,74,0.0,11.54,0,3,44,152,Survey,82,0.0,0.2637,236,29,0,0
BG-42-001804,Power Transmission,Maharashtra,Pune,82.94,233,6,2,8,1,75.34,4,45.03,97,56,19.71,15.76,44,0,3,194,Compensation,53,52.31,0.5943,37,67,1,319
BG-42-001805,Industrial Corridor,Gujarat,Vadodara,48.47,67,4,1,6,1,83.19,2,73.89,12,6,68.84,84.91,43,0,25,126,Compensation,156,86.83,0.4167,77,64,0,0
BG-42-001806,Industrial Corridor,Karnataka,Belagavi,46.28,56,5,4,1,4,84.54,1,57.8,14,55,100.0,100.0,52,3,72,50,Compensation,111,100.0,0.6693,96,132,0,0
BG-42-001807,Industrial Corridor,Telangana,Nizamabad,59.22,88,3,4,3,2,69.58,3,0.0,54,106,0.0,0.0,0,4,92,124,Notification,238,30.88,0.7084,401,63,1,396
BG-42-001808,Metro,Telangana,Karimnagar,123.74,165,4,0,1,1,67.09,4,10.55,101,54,17.89,21.22,29,3,5,137,Award,46,32.71,0.4108,342,13,0,0
BG-42-001809,Highway,Telangana,Nizamabad,145.45,247,7,0,3,0,81.96,1,41.61,124,43,18.48,14.98,42,2,35,150,Award,56,54.38,0.2427,190,38,0,0
BG-42-001810,Power Transmission,Uttar Pradesh,Agra,162.01,293,8,1,5,0,67.93,3,2.55,206,80,0.0,5.26,0,2,60,187,Notification,72,3.99,0.211,261,136,1,319
BG-42-001811,Irrigation,Tamil Nadu,Salem,85.53,121,6,2,6,3,61.99,3,9.38,90,63,16.55,19.14,19,4,68,115,Survey,107,15.41,0.3652,270,72,1,308
BG-42-001812,Metro,Madhya Pradesh,Gwalior,116.38,249,6,1,4,1,90.13,3,88.44,24,41,92.52,93.0,212,0,10,174,Award,40,85.62,0.6187,278,56,0,0
BG-42-001813,Irrigation,Rajasthan,Jodhpur,74.83,112,4,0,3,0,100.0,2,87.57,8,15,75.31,79.05,77,0,0,142,Rehabilitation & Resettlement,45,100.0,0.4722,43,42,0,0
BG-42-001814,Irrigation,Gujarat,Ahmedabad,21.25,62,5,0,2,0,84.94,0,35.89,22,26,33.54,23.53,20,1,0,63,Objections,46,41.97,0.3628,109,46,0,0
BG-42-001815,Metro,Karnataka,Mysuru,72.04,126,6,1,3,3,90.49,3,74.65,28,42,70.74,53.98,83,3,50,99,Rehabilitation & Resettlement,63,93.33,0.3868,90,81,1,194
BG-42-001816,Industrial Corridor,Rajasthan,Kota,63.42,163,5,0,4,0,68.75,3,51.54,67,31,31.75,34.81,50,7,81,122,Compensation,66,52.11,0.4449,225,74,1,120
BG-42-001817,Industrial Corridor,Rajasthan,Udaipur,37.29,104,4,1,6,4,75.65,6,81.9,15,1,66.15,66.54,63,1,49,146,Rehabilitation & Resettlement,90,71.89,0.5976,159,73,1,176
BG-42-001818,Highway,Tamil Nadu,Salem,54.38,95,4,0,2,0,83.15,5,42.42,36,49,40.71,48.29,38,1,0,112,Award,20,81.16,0.4235,206,96,0,0
BG-42-001819,Highway,Telangana,Nizamabad,95.4,94,4,2,2,2,77.97,0,44.41,34,91,71.76,74.43,60,0,22,94,Award,58,73.48,0.4077,203,47,0,0
BG-42-001820,Metro,Karnataka,Belagavi,34.58,59,4,2,2,3,80.97,1,55.52,15,50,55.43,49.76,30,1,40,76,Compensation,120,98.72,0.6516,395,84,0,0
BG-42-001821,Power Transmission,Gujarat,Rajkot,48.49,111,4,0,3,2,93.73,3,83.77,12,7,97.64,98.19,100,0,13,115,Possession,55,100.0,0.0223,143,37,0,0
BG-42-001822,Railway,Madhya Pradesh,Jabalpur,295.4,497,8,2,8,3,74.33,7,10.24,421,99,59.09,68.03,267,2,30,252,Award,86,42.21,0.3237,178,100,1,322
BG-42-001823,Power Transmission,Rajasthan,Jaipur,23.76,50,6,0,1,1,100.0,0,59.68,15,23,41.99,41.56,19,0,0,1,Compensation,65,71.87,0.1917,222,17,0,0
BG-42-001824,Industrial Corridor,Maharashtra,Nagpur,73.95,110,5,0,2,1,98.39,2,37.85,41,82,58.7,40.02,61,2,38,114,Compensation,38,73.67,0.4831,73,48,0,0
BG-42-001825,Industrial Corridor,Rajasthan,Jodhpur,33.68,15,1,1,0,0,94.82,1,94.49,1,13,81.76,91.27,12,2,34,92,Rehabilitation & Resettlement,99,100.0,0.2384,98,77,0,0
BG-42-001826,Railway,Rajasthan,Kota,46.93,120,4,1,2,0,76.3,4,0.0,96,102,0.0,0.0,0,2,44,149,Notification,104,0.0,0.4905,442,52,0,0
BG-42-001827,Metro,Rajasthan,Kota,73.1,143,4,0,3,1,100.0,3,37.13,61,25,62.45,55.69,81,0,0,135,Award,26,55.55,0.3379,283,40,0,0
BG-42-001828,Highway,Tamil Nadu,Coimbatore,38.86,65,4,0,1,0,73.86,2,47.04,21,48,52.45,42.09,31,1,14,85,Award,30,56.23,0.3595,322,64,1,199
BG-42-001829,Highway,Gujarat,Surat,135.52,119,5,2,1,2,99.63,2,66.39,30,22,72.61,72.16,82,2,57,81,Possession,53,100.0,0.2103,84,73,0,0
BG-42-001830,Highway,Tamil Nadu,Chennai,252.38,547,9,0,4,2,87.28,3,28.37,342,57,25.45,20.33,134,0,4,226,Award,39,44.02,0.3007,355,37,1,189
BG-42-001831,Highway,Rajasthan,Jodhpur,167.9,217,7,2,3,2,81.11,4,0.0,158,99,0.0,3.24,0,2,8,160,Award,55,7.01,0.5111,122,38,1,282
BG-42-001832,Highway,Rajasthan,Udaipur,194.36,253,7,0,7,4,100.0,2,85.2,30,9,70.23,75.34,173,5,70,173,Possession,88,100.0,0.1966,7,106,0,0
BG-42-001833,Industrial Corridor,Gujarat,Vadodara,28.39,137,4,1,4,2,98.48,3,43.35,48,47,68.01,53.24,88,3,46,149,Award,147,90.29,0.1977,126,43,0,0
BG-42-001834,Metro,Telangana,Karimnagar,70.5,127,5,1,6,0,64.38,6,36.64,51,86,9.87,0.0,12,1,11,137,Survey,109,2.26,0.3514,179,46,1,224
BG-42-001835,Highway,Madhya Pradesh,Gwalior,124.45,137,6,3,2,2,76.65,4,0.0,79,59,4.51,0.0,6,4,93,85,Survey,171,0.0,0.6776,426,40,0,0
BG-42-001836,Power Transmission,Telangana,Karimnagar,171.91,286,7,0,4,1,76.11,3,0.0,245,99,0.0,5.36,0,3,58,206,Survey,64,0.0,0.2833,130,38,1,269
BG-42-001837,Metro,Telangana,Hyderabad,348.17,582,9,0,11,0,72.72,6,0.0,424,81,0.0,0.88,0,3,33,345,Notification,127,10.39,0.4007,389,81,1,386
BG-42-001838,Irrigation,Telangana,Warangal,201.39,370,8,1,5,3,82.56,3,75.78,75,17,73.6,77.55,264,4,66,172,Award,74,93.13,0.3135,228,75,0,0
BG-42-001839,Industrial Corridor,Karnataka,Bengaluru Urban,175.42,177,7,1,2,2,96.92,0,68.97,50,25,80.35,68.43,138,0,14,115,Rehabilitation & Resettlement,46,100.0,0.2169,47,83,0,0
BG-42-001840,Highway,Tamil Nadu,Chennai,704.07,1355,14,0,18,2,78.38,9,91.26,68,17,80.48,68.6,1073,2,18,483,Rehabilitation & Resettlement,50,89.33,0.255,237,205,1,415
BG-42-001841,Irrigation,Rajasthan,Jaipur,92.49,135,5,1,7,1,61.91,4,11.51,88,90,7.18,11.03,9,3,72,143,Notification,142,41.2,0.2703,260,59,1,280
BG-42-001842,Power Transmission,Uttar Pradesh,Kanpur Nagar,67.95,165,5,2,5,3,50.21,6,62.76,42,34,56.83,45.62,85,5,71,151,Compensation,113,61.76,0.4622,214,55,1,195
BG-42-001843,Industrial Corridor,Gujarat,Ahmedabad,98.68,153,9,3,3,0,75.07,5,16.23,86,92,8.96,9.49,13,1,37,92,Survey,108,2.82,0.314,283,69,1,235
BG-42-001844,Metro,Maharashtra,Thane,41.18,39,4,0,4,1,95.53,4,71.84,7,0,81.56,66.77,28,2,25,75,Possession,25,58.77,0.4208,238,50,0,0
BG-42-001845,Metro,Karnataka,Belagavi,90.39,165,6,1,7,4,100.0,1,0.0,129,107,33.7,29.89,53,3,55,171,Survey,107,2.41,0.5042,315,91,1,379
BG-42-001846,Metro,Gujarat,Vadodara,21.51,10,2,0,0,0,100.0,0,100.0,0,9,80.81,72.88,8,0,37,35,Compensation,38,98.97,0.2493,29,37,0,0
BG-42-001847,Power Transmission,Telangana,Nizamabad,56.06,106,4,3,6,2,98.62,7,7.56,88,68,7.53,10.25,8,0,47,117,Objections,56,13.71,0.1547,200,105,1,343
BG-42-001848,Metro,Tamil Nadu,Salem,78.08,164,5,0,1,0,86.31,1,67.51,34,51,100.0,84.7,152,1,55,120,Compensation,84,98.54,0.3901,7,9,0,0
BG-42-001849,Highway,Tamil Nadu,Chennai,183.04,243,8,0,7,1,72.01,6,18.87,177,76,4.22,9.46,10,7,107,164,Award,93,44.25,0.7855,326,47,1,258
BG-42-001850,Highway,Rajasthan,Jodhpur,208.28,230,8,2,5,1,74.23,6,62.62,66,49,77.69,76.52,177,1,43,162,Rehabilitation & Resettlement,86,85.93,0.6157,59,107,0,0
BG-42-001851,Highway,Uttar Pradesh,Kanpur Nagar,39.61,59,5,0,2,1,77.8,0,7.41,33,64,17.66,22.52,10,3,0,16,Objections,70,5.03,0.4097,411,23,0,0
BG-42-001852,Highway,Karnataka,Belagavi,450.71,349,12,1,6,3,79.33,5,69.33,67,13,57.2,48.95,183,0,22,190,Possession,40,100.0,0.4934,149,73,1,201
BG-42-001853,Railway,Rajasthan,Kota,96.42,153,5,0,1,1,79.92,3,57.24,60,25,47.04,51.49,67,4,46,115,Award,95,68.52,0.6364,210,50,1,132
BG-42-001854,Irrigation,Telangana,Karimnagar,103.76,104,7,5,6,6,99.0,2,23.68,62,142,73.64,67.01,76,3,60,115,Rehabilitation & Resettlement,185,67.31,0.4385,182,107,1,409
BG-42-001855,Highway,Gujarat,Vadodara,23.47,75,4,1,6,1,93.62,1,84.09,8,16,89.48,98.86,60,2,31,83,Rehabilitation & Resettlement,45,90.47,0.698,84,134,1,240
BG-42-001856,Railway,Telangana,Hyderabad,52.14,146,5,3,5,2,73.9,6,81.5,19,47,74.26,59.17,102,3,58,140,Possession,219,100.0,0.206,160,80,0,0
BG-42-001857,Highway,Gujarat,Vadodara,198.32,210,7,0,4,0,75.06,1,6.14,173,94,0.0,0.0,0,4,34,118,Survey,68,25.85,0.3488,374,63,1,307
BG-42-001858,Metro,Madhya Pradesh,Gwalior,98.08,105,5,0,1,2,85.99,0,31.17,62,92,0.73,0.0,1,3,37,104,Objections,128,42.01,0.4165,57,17,0,0
BG-42-001859,Industrial Corridor,Karnataka,Belagavi,93.34,57,4,0,2,2,71.29,1,17.65,26,80,29.79,28.98,15,0,47,60,Objections,126,29.61,0.5421,276,63,1,235
BG-42-001860,Metro,Maharashtra,Nagpur,102.69,146,6,1,6,2,94.54,2,22.8,96,49,40.01,39.48,56,2,13,136,Objections,58,42.32,0.4389,233,65,0,0
BG-42-001861,Irrigation,Maharashtra,Pune,26.99,52,4,2,6,2,90.57,1,10.27,31,80,38.93,41.65,20,2,52,88,Compensation,91,23.79,0.2827,251,69,1,295
BG-42-001862,Irrigation,Madhya Pradesh,Bhopal,79.26,63,5,0,0,1,88.46,0,80.41,7,7,74.4,61.14,45,1,26,27,Possession,62,98.38,0.4729,7,9,0,0
BG-42-001863,Power Transmission,Gujarat,Ahmedabad,264.19,651,8,0,10,2,100.0,3,99.74,1,13,88.4,100.0,563,2,39,378,Possession,128,100.0,0.8185,256,62,0,0
BG-42-001864,Power Transmission,Karnataka,Bengaluru Urban,204.25,460,7,1,6,1,96.95,5,27.81,287,82,43.54,40.73,184,4,63,256,Compensation,119,65.75,0.7764,210,51,1,279
BG-42-001865,Railway,Telangana,Warangal,77.47,123,6,1,3,1,79.32,4,68.05,36,50,67.07,71.1,73,2,48,103,Compensation,119,65.79,0.5273,108,62,0,0
BG-42-001866,Industrial Corridor,Tamil Nadu,Salem,299.15,358,9,0,3,1,88.18,3,86.73,42,31,70.33,68.88,236,4,31,153,Rehabilitation & Resettlement,56,90.08,0.4379,149,25,1,181
BG-42-001867,Railway,Rajasthan,Jodhpur,31.27,63,4,0,2,0,100.0,3,100.0,0,45,79.14,84.87,45,1,11,83,Possession,14,100.0,0.3307,148,89,0,0
BG-42-001868,Power Transmission,Karnataka,Belagavi,39.36,68,5,2,3,2,58.75,7,4.55,44,110,0.0,27.12,0,3,54,94,Survey,155,0.0,0.3557,368,79,1,317
BG-42-001869,Highway,Maharashtra,Thane,380.28,640,11,1,6,2,82.52,3,88.72,64,0,69.98,59.86,398,0,50,253,Compensation,102,100.0,0.3527,142,93,0,0
BG-42-001870,Highway,Tamil Nadu,Salem,135.96,98,5,2,2,1,87.54,0,92.02,6,9,100.0,98.7,95,3,51,106,Rehabilitation & Resettlement,100,100.0,0.3683,254,62,0,0
BG-42-001871,Highway,Karnataka,Belagavi,67.96,19,5,0,1,0,79.21,1,22.2,10,98,10.8,7.29,2,1,3,45,Objections,53,32.09,0.1402,288,33,1,260
BG-42-001872,Industrial Corridor,Rajasthan,Udaipur,81.92,73,4,1,3,3,100.0,2,68.0,14,28,58.96,67.31,42,2,53,99,Award,85,74.85,0.2581,297,73,0,0
BG-42-001873,Industrial Corridor,Maharashtra,Nashik,44.91,137,5,0,4,0,100.0,4,97.98,2,11,100.0,100.0,137,0,26,135,Possession,29,100.0,0.2647,335,81,0,0
BG-42-001874,Highway,Karnataka,Mysuru,106.83,71,2,0,3,1,100.0,0,70.73,18,19,51.99,58.17,33,3,45,133,Possession,83,98.87,0.3287,93,21,0,0
BG-42-001875,Metro,Rajasthan,Jodhpur,100.27,262,6,0,4,2,100.0,2,77.54,38,0,68.28,62.86,166,1,0,171,Possession,86,100.0,0.0157,7,48,0,0
BG-42-001876,Railway,Uttar Pradesh,Agra,87.0,148,6,2,6,5,76.37,4,84.62,19,33,59.29,63.37,83,1,35,146,Rehabilitation & Resettlement,104,96.43,0.3518,149,93,0,0
BG-42-001877,Power Transmission,Gujarat,Surat,33.86,67,4,0,0,1,62.07,5,0.0,50,107,0.0,0.0,0,0,0,45,Objections,101,13.73,0.63,312,5,1,94
BG-42-001878,Highway,Gujarat,Rajkot,105.83,134,5,1,6,1,87.55,5,50.96,41,46,61.64,55.2,74,1,30,138,Objections,60,70.08,0.5451,130,85,1,173
BG-42-001879,Highway,Madhya Pradesh,Bhopal,56.06,114,7,0,4,0,64.01,3,61.76,27,0,51.66,58.59,58,2,18,108,Compensation,100,82.13,0.5444,148,38,1,142
BG-42-001880,Industrial Corridor,Telangana,Hyderabad,38.91,58,6,0,4,0,68.3,5,76.89,9,20,68.24,73.68,39,0,6,92,Compensation,14,83.48,0.1736,129,48,0,0
BG-42-001881,Industrial Corridor,Karnataka,Belagavi,235.9,417,7,2,4,2,87.53,2,15.66,194,78,8.29,14.58,34,5,71,181,Award,218,56.45,0.6603,81,95,1,401
BG-42-001882,Power Transmission,Gujarat,Rajkot,485.79,648,11,1,12,2,75.4,8,83.31,95,23,75.11,66.19,462,0,0,305,Compensation,47,86.97,0.714,156,96,1,216
BG-42-001883,Industrial Corridor,Gujarat,Vadodara,405.08,491,8,0,7,3,70.96,3,50.18,157,35,73.68,77.56,321,1,39,286,Award,79,64.1,0.5173,438,106,0,0
BG-42-001884,Irrigation,Rajasthan,Jodhpur,144.04,171,7,0,6,3,74.84,2,100.0,0,0,85.73,75.81,137,2,13,131,Rehabilitation & Resettlement,177,92.17,0.2374,7,53,1,179
BG-42-001885,Railway,Telangana,Hyderabad,69.24,152,4,0,2,2,88.05,1,62.39,41,21,50.35,48.81,68,2,34,161,Objections,63,82.61,0.4752,7,26,0,0
BG-42-001886,Railway,Karnataka,Mysuru,80.94,105,6,4,3,2,75.81,2,43.83,45,53,64.13,68.65,66,1,77,100,Objections,86,63.67,0.4673,271,73,1,308
BG-42-001887,Irrigation,Uttar Pradesh,Kanpur Nagar,118.45,227,7,0,4,0,100.0,2,7.37,148,94,24.36,25.2,52,0,0,146,Survey,39,36.11,0.5468,406,57,0,0
BG-42-001888,Highway,Telangana,Warangal,61.18,205,5,3,9,2,73.97,5,0.0,128,101,0.0,7.66,0,1,50,211,Survey,95,25.4,0.325,296,110,0,0
BG-42-001889,Power Transmission,Madhya Pradesh,Gwalior,245.93,351,7,1,9,5,73.29,6,71.71,65,46,82.05,67.64,273,2,21,229,Rehabilitation & Resettlement,70,91.71,0.1917,7,93,1,241
BG-42-001890,Highway,Maharashtra,Thane,16.8,52,5,1,3,0,100.0,2,51.89,20,42,43.31,37.83,22,2,48,35,Award,71,79.22,0.441,236,47,0,0
BG-42-001891,Metro,Uttar Pradesh,Agra,67.59,72,5,0,4,0,66.52,5,20.14,47,59,7.64,0.0,5,0,0,91,Survey,96,29.13,0.4622,85,57,1,269
BG-42-001892,Highway,Tamil Nadu,Chennai,162.53,220,7,1,6,0,83.15,5,71.64,48,26,49.18,44.02,102,0,0,132,Rehabilitation & Resettlement,35,79.03,0.4,206,55,1,204
BG-42-001893,Industrial Corridor,Karnataka,Bengaluru Urban,43.55,68,3,0,2,0,100.0,3,63.07,16,20,72.2,70.06,45,2,44,111,Compensation,53,80.47,0.2948,251,31,0,0
BG-42-001894,Power Transmission,Maharashtra,Nashik,70.66,53,5,1,2,3,71.41,3,0.0,34,100,0.0,0.0,0,2,35,76,Notification,53,0.0,0.5394,290,37,0,0
BG-42-001895,Highway,Rajasthan,Kota,137.68,140,6,0,7,3,88.11,2,24.96,58,32,21.7,26.68,28,2,38,162,Objections,43,27.93,0.3735,195,146,1,235
BG-42-001896,Highway,Gujarat,Vadodara,288.48,508,7,0,10,1,90.28,7,34.81,308,52,27.98,33.48,130,1,21,323,Survey,88,13.95,0.0626,297,79,1,274
BG-42-001897,Railway,Rajasthan,Jodhpur,30.41,40,6,1,1,2,87.36,2,44.48,17,48,33.14,27.13,13,0,1,58,Compensation,57,63.76,0.3816,140,50,0,0
BG-42-001898,Highway,Tamil Nadu,Chennai,28.66,72,6,3,1,2,68.72,4,39.82,31,63,25.24,26.87,16,2,71,0,Objections,96,51.97,0.4165,22,43,1,309
BG-42-001899,Railway,Telangana,Warangal,40.17,131,6,1,3,2,75.51,4,0.0,82,98,0.0,11.34,0,0,20,92,Notification,63,0.0,0.2352,165,37,0,0
BG-42-001900,Irrigation,Gujarat,Rajkot,25.03,21,5,3,2,1,100.0,0,16.03,15,56,28.38,39.27,6,2,41,0,Notification,112,0.0,0.2422,105,117,1,335
BG-42-001901,Highway,Madhya Pradesh,Gwalior,26.49,11,6,0,2,1,80.6,2,59.32,3,45,63.12,61.38,7,1,19,35,Compensation,58,77.61,0.1784,96,34,0,0
BG-42-001902,Railway,Tamil Nadu,Salem,39.33,71,3,1,3,1,73.63,6,0.0,47,93,0.0,2.52,0,2,66,96,Notification,56,0.0,0.4926,198,67,1,236
BG-42-001903,Metro,Karnataka,Belagavi,229.7,507,7,1,11,1,91.73,4,67.91,107,43,78.4,76.16,372,2,34,322,Rehabilitation & Resettlement,96,96.69,0.4099,120,82,0,0
BG-42-001904,Railway,Uttar Pradesh,Lucknow,66.71,191,5,1,7,2,76.94,4,3.36,174,96,0.0,0.0,0,0,11,160,Survey,72,9.3,0.5874,515,68,1,293
BG-42-001905,Railway,Rajasthan,Udaipur,87.8,221,6,1,7,0,73.03,7,55.97,76,41,26.26,14.16,57,4,88,194,Compensation,122,59.8,0.2823,250,166,1,355
BG-42-001906,Industrial Corridor,Uttar Pradesh,Lucknow,39.87,13,4,0,3,0,71.83,3,36.33,7,59,40.94,34.91,5,1,62,39,Award,82,67.59,0.2418,182,38,0,0
BG-42-001907,Industrial Corridor,Telangana,Warangal,142.14,189,5,2,4,2,83.53,2,46.17,88,83,27.65,22.16,49,3,41,150,Award,72,55.59,0.4397,276,88,1,243
BG-42-001908,Power Transmission,Maharashtra,Thane,383.99,461,10,1,6,2,58.92,7,10.39,332,50,0.0,0.0,0,2,37,221,Notification,150,0.0,0.4588,417,67,1,315
BG-42-001909,Railway,Rajasthan,Kota,42.09,86,4,3,3,4,70.28,6,58.91,24,79,72.66,64.75,60,6,99,89,Rehabilitation & Resettlement,160,100.0,0.334,184,51,1,351
BG-42-001910,Industrial Corridor,Uttar Pradesh,Lucknow,340.29,532,10,1,9,4,98.57,4,71.24,120,73,100.0,97.66,529,0,32,272,Possession,92,86.36,0.3515,87,121,0,0
BG-42-001911,Irrigation,Karnataka,Belagavi,114.61,230,6,0,5,1,46.74,4,0.0,129,101,0.0,0.0,0,1,50,147,Notification,126,5.89,0.5999,289,51,1,226
BG-42-001912,Power Transmission,Gujarat,Ahmedabad,86.79,127,3,1,3,1,82.92,3,0.0,90,86,0.0,0.0,0,3,47,203,Survey,51,0.0,0.1199,361,36,1,262
BG-42-001913,Irrigation,Telangana,Warangal,117.93,274,7,0,4,1,61.5,5,91.05,15,12,92.4,85.31,235,1,0,205,Possession,42,100.0,0.2711,383,25,0,0
BG-42-001914,Highway,Rajasthan,Udaipur,117.03,208,8,2,5,5,97.58,1,49.89,59,74,31.03,23.58,63,8,117,123,Compensation,111,73.52,0.2763,217,65,1,285
BG-42-001915,Irrigation,Maharashtra,Nashik,378.3,532,10,3,7,3,66.69,8,16.94,353,101,56.96,63.97,277,2,51,270,Survey,114,23.8,0.3184,217,89,1,419
BG-42-001916,Power Transmission,Maharashtra,Thane,129.82,244,8,0,4,1,81.38,4,14.47,171,80,0.0,2.24,0,2,50,130,Survey,24,0.0,0.2829,334,84,0,0
BG-42-001917,Power Transmission,Uttar Pradesh,Varanasi,132.01,219,6,2,4,1,59.07,3,43.39,103,42,46.33,40.92,94,4,47,169,Compensation,111,39.41,0.5677,249,111,1,279
BG-42-001918,Industrial Corridor,Gujarat,Vadodara,61.12,115,6,1,6,2,100.0,4,100.0,0,37,88.31,92.25,97,4,54,81,Rehabilitation & Resettlement,100,100.0,0.3815,7,54,1,127
BG-42-001919,Irrigation,Tamil Nadu,Madurai,167.55,248,6,2,4,3,100.0,3,78.22,34,44,88.04,82.32,204,1,54,163,Compensation,60,96.57,0.2335,204,89,0,0
BG-42-001920,Metro,Tamil Nadu,Madurai,39.83,121,4,0,0,1,86.81,0,85.32,16,25,100.0,96.14,110,1,27,120,Possession,51,100.0,0.7124,7,16,0,0
BG-42-001921,Power Transmission,Telangana,Hyderabad,93.43,167,5,2,3,1,75.17,1,29.28,111,91,47.73,43.51,75,3,60,178,Award,156,56.67,0.2658,302,48,1,351
BG-42-001922,Industrial Corridor,Maharashtra,Thane,859.74,1095,14,1,18,5,93.77,8,55.29,432,44,47.54,54.7,485,1,35,422,Objections,83,29.41,0.3024,120,128,1,350
BG-42-001923,Power Transmission,Maharashtra,Nashik,11.55,40,2,0,3,2,94.67,1,74.29,10,33,70.25,70.41,26,1,18,72,Award,19,68.69,0.3113,269,34,0,0
BG-42-001924,Power Transmission,Karnataka,Belagavi,103.18,111,4,0,1,2,82.35,2,5.5,66,71,6.89,1.62,7,3,23,112,Objections,96,20.56,0.5843,532,52,1,284
BG-42-001925,Highway,Madhya Pradesh,Jabalpur,106.41,282,7,3,11,3,58.79,8,1.32,242,95,19.46,28.21,54,1,40,209,Survey,117,23.8,0.4693,190,132,1,405
BG-42-001926,Railway,Uttar Pradesh,Varanasi,71.35,51,6,0,1,0,96.87,1,16.76,26,83,28.46,25.0,13,0,10,22,Notification,63,14.53,0.6724,362,62,0,0
BG-42-001927,Railway,Karnataka,Mysuru,72.7,100,5,0,2,1,70.84,4,41.71,37,53,30.36,19.89,30,1,55,79,Objections,17,26.73,0.4668,185,81,0,0
BG-42-001928,Power Transmission,Tamil Nadu,Salem,92.12,200,7,1,4,1,79.44,5,65.93,40,41,74.09,66.67,140,6,82,143,Rehabilitation & Resettlement,101,97.73,0.4941,203,36,0,0
BG-42-001929,Industrial Corridor,Madhya Pradesh,Bhopal,69.99,178,5,4,0,4,68.98,3,0.0,159,101,2.35,0.0,4,1,57,103,Notification,202,1.73,0.364,110,49,1,397
BG-42-001930,Power Transmission,Gujarat,Vadodara,102.27,262,6,0,3,0,58.36,6,50.9,72,12,55.17,47.5,143,1,26,167,Award,33,72.07,0.3353,52,29,0,0
BG-42-001931,Power Transmission,Karnataka,Belagavi,57.97,163,4,1,4,2,62.58,3,41.28,56,80,57.34,51.8,85,4,82,178,Compensation,159,59.04,0.5974,215,52,1,292
BG-42-001932,Industrial Corridor,Karnataka,Belagavi,431.78,493,10,1,5,1,76.44,6,42.99,194,41,55.46,44.46,257,3,50,225,Compensation,96,63.56,0.5429,326,76,0,0
BG-42-001933,Highway,Maharashtra,Pune,69.99,98,6,0,6,0,59.4,9,55.15,41,57,71.77,63.91,70,2,16,85,Rehabilitation & Resettlement,97,87.21,0.3237,247,49,1,264
BG-42-001934,Industrial Corridor,Telangana,Warangal,135.06,132,9,0,4,2,72.86,6,76.9,26,24,54.34,43.95,63,1,81,79,Rehabilitation & Resettlement,111,99.13,0.5499,108,76,1,165
BG-42-001935,Irrigation,Karnataka,Bengaluru Urban,50.14,142,6,3,3,3,78.49,1,58.15,38,62,50.97,56.44,70,4,49,112,Rehabilitation & Resettlement,175,77.0,0.8062,7,115,1,281
BG-42-001936,Industrial Corridor,Tamil Nadu,Madurai,180.64,161,8,3,3,1,65.41,7,25.51,81,76,43.85,28.83,65,3,52,102,Survey,101,33.79,0.4227,431,65,0,0
BG-42-001937,Irrigation,Tamil Nadu,Madurai,153.97,370,8,1,7,3,70.44,7,59.87,97,35,39.59,27.49,136,2,35,226,Award,54,43.76,0.2758,294,73,1,274
BG-42-001938,Irrigation,Rajasthan,Kota,119.75,252,3,1,2,1,81.74,4,80.17,41,9,74.25,72.66,176,1,59,305,Compensation,77,87.96,0.0558,261,39,0,0
BG-42-001939,Railway,Rajasthan,Udaipur,37.64,39,5,1,0,2,95.39,0,36.78,23,84,50.33,35.37,19,1,17,25,Objections,114,64.26,0.3354,268,33,0,0
BG-42-001940,Industrial Corridor,Telangana,Warangal,46.9,137,6,1,5,0,87.81,1,0.0,92,104,13.01,12.07,16,3,32,144,Notification,115,0.0,0.3045,349,107,1,345
BG-42-001941,Metro,Tamil Nadu,Coimbatore,329.95,370,9,0,6,0,83.64,6,2.23,218,92,0.0,0.0,0,3,50,208,Survey,53,3.0,0.1531,78,64,1,247
BG-42-001942,Metro,Uttar Pradesh,Kanpur Nagar,46.49,50,4,1,0,3,84.72,0,43.89,23,69,40.78,42.26,19,5,98,70,Award,138,60.59,0.7119,133,26,0,0
BG-42-001943,Highway,Uttar Pradesh,Lucknow,142.98,164,6,0,4,1,96.4,1,36.36,77,64,30.72,23.73,46,0,0,118,Award,32,34.21,0.396,193,33,0,0
BG-42-001944,Highway,Maharashtra,Thane,40.22,30,4,0,1,1,79.63,0,0.0,25,65,24.25,18.48,7,0,17,15,Survey,39,24.46,0.2222,202,54,1,182
BG-42-001945,Highway,Gujarat,Rajkot,191.85,392,6,1,6,1,81.92,1,79.3,72,38,75.73,79.19,273,3,57,269,Rehabilitation & Resettlement,65,97.07,0.2901,24,59,0,0
BG-42-001946,Industrial Corridor,Rajasthan,Jodhpur,49.45,127,6,0,4,0,99.83,2,95.83,5,1,100.0,98.27,116,0,0,112,Possession,14,100.0,0.3085,7,37,0,0
BG-42-001947,Highway,Uttar Pradesh,Agra,39.62,57,6,1,0,1,74.36,3,0.0,43,100,0.0,0.0,0,0,0,42,Survey,78,5.15,0.5662,132,55,0,0
BG-42-001948,Metro,Madhya Pradesh,Bhopal,48.43,105,7,1,3,2,100.0,2,100.0,0,0,98.44,96.98,103,3,55,44,Possession,103,100.0,0.2168,154,81,0,0
BG-42-001949,Metro,Karnataka,Bengaluru Urban,54.98,16,4,0,2,1,96.22,1,0.0,11,48,0.0,0.0,0,0,0,17,Notification,12,0.0,0.1666,426,82,0,0
BG-42-001950,Metro,Madhya Pradesh,Indore,118.36,121,5,1,3,2,100.0,3,88.48,11,11,83.87,79.09,91,3,46,96,Possession,112,100.0,0.126,230,49,0,0
BG-42-001951,Power Transmission,Gujarat,Surat,90.51,142,5,0,7,0,86.33,6,75.64,25,16,71.27,65.42,94,2,55,167,Possession,21,100.0,0.6888,204,61,1,137
BG-42-001952,Metro,Karnataka,Bengaluru Urban,35.65,71,3,2,7,3,73.4,4,0.0,51,120,0.0,0.0,0,5,86,120,Notification,95,0.0,0.7974,371,62,1,378
BG-42-001953,Highway,Gujarat,Vadodara,83.73,107,4,2,4,2,60.37,5,71.68,24,51,69.69,69.42,71,1,28,139,Rehabilitation & Resettlement,163,100.0,0.2316,91,86,1,246
BG-42-001954,Irrigation,Telangana,Karimnagar,34.3,100,4,2,3,2,82.76,3,78.5,13,86,75.34,68.06,70,3,96,88,Possession,84,95.84,0.5624,156,53,1,280
BG-42-001955,Power Transmission,Tamil Nadu,Coimbatore,143.29,258,8,2,6,4,76.74,4,81.83,28,31,58.53,70.8,151,4,77,149,Possession,165,100.0,0.4209,93,85,1,295
BG-42-001956,Industrial Corridor,Tamil Nadu,Coimbatore,165.92,222,6,1,6,4,81.54,5,69.61,47,33,87.84,99.5,193,3,40,158,Possession,79,96.18,0.2243,271,80,0,0
BG-42-001957,Power Transmission,Telangana,Hyderabad,84.0,195,7,1,3,3,98.39,4,62.82,63,38,81.22,78.69,145,2,49,126,Compensation,124,100.0,0.2332,370,55,0,0
BG-42-001958,Highway,Karnataka,Mysuru,106.41,216,8,0,4,1,75.68,1,0.0,168,86,0.0,4.6,0,2,50,143,Notification,61,0.0,0.5497,282,35,1,298
BG-42-001959,Power Transmission,Maharashtra,Thane,347.82,829,10,1,10,4,80.8,6,72.21,211,35,56.66,52.59,438,3,62,407,Rehabilitation & Resettlement,59,83.34,0.6158,65,85,1,293
BG-42-001960,Highway,Gujarat,Rajkot,75.48,139,7,0,1,0,87.93,2,74.83,25,14,71.11,65.52,94,0,25,85,Compensation,63,75.93,0.2046,62,20,0,0
BG-42-001961,Metro,Madhya Pradesh,Bhopal,40.23,91,3,3,3,0,77.58,3,42.46,36,63,38.6,36.67,31,6,122,127,Compensation,152,54.41,0.5625,320,76,1,414
BG-42-001962,Highway,Rajasthan,Jaipur,136.1,113,6,3,7,6,55.76,8,37.97,57,60,50.11,40.61,51,0,26,119,Award,110,54.81,0.776,39,92,1,304
BG-42-001963,Power Transmission,Karnataka,Kalaburagi,34.6,108,4,0,1,0,98.03,0,54.19,43,42,42.75,33.75,43,2,56,106,Compensation,37,69.13,0.1609,208,36,0,0
BG-42-001964,Highway,Rajasthan,Jaipur,72.35,135,6,0,2,0,100.0,0,39.48,51,85,22.41,36.38,29,1,48,141,Survey,89,56.18,0.6172,290,30,0,0
BG-42-001965,Highway,Tamil Nadu,Madurai,53.03,121,6,2,4,1,64.12,6,52.02,38,75,65.45,62.91,71,2,50,90,Rehabilitation & Resettlement,166,68.58,0.1935,89,59,0,0
BG-42-001966,Highway,Telangana,Karimnagar,48.84,88,3,1,5,0,60.16,3,0.0,55,146,0.0,2.11,0,1,67,180,Notification,128,0.0,0.4231,416,58,1,327
BG-42-001967,Industrial Corridor,Rajasthan,Udaipur,70.1,137,5,0,11,2,100.0,4,97.49,2,11,89.53,93.26,118,2,24,208,Rehabilitation & Resettlement,50,100.0,0.4527,175,73,0,0
BG-42-001968,Railway,Tamil Nadu,Madurai,175.9,134,7,2,4,2,87.65,1,17.78,66,105,28.63,19.56,36,2,40,89,Rehabilitation & Resettlement,67,51.5,0.4414,8,82,1,336
BG-42-001969,Metro,Rajasthan,Jodhpur,207.38,277,7,0,4,3,100.0,4,19.34,208,66,19.64,6.44,54,0,0,172,Award,13,40.63,0.2357,223,90,1,243
BG-42-001970,Railway,Gujarat,Rajkot,179.64,349,6,0,5,1,71.95,5,32.37,221,70,44.87,55.53,155,2,33,207,Award,48,18.82,0.1349,82,55,0,0
BG-42-001971,Power Transmission,Gujarat,Vadodara,112.07,154,6,2,5,2,100.0,0,14.63,112,80,39.53,39.19,60,2,37,144,Objections,112,41.84,0.3957,292,97,0,0
BG-42-001972,Highway,Tamil Nadu,Salem,69.67,216,5,2,5,3,67.89,5,84.81,27,68,76.4,74.47,151,5,73,169,Possession,138,79.36,0.3881,7,51,0,0
BG-42-001973,Irrigation,Rajasthan,Kota,12.98,23,5,2,0,0,89.76,0,80.18,3,31,69.44,70.67,16,2,56,21,Rehabilitation & Resettlement,69,82.75,0.3213,295,71,0,0
BG-42-001974,Railway,Maharashtra,Thane,114.91,175,5,1,4,3,67.23,5,60.52,42,32,40.39,41.65,65,2,27,153,Objections,127,60.37,0.1254,320,53,1,210
BG-42-001975,Highway,Uttar Pradesh,Agra,13.83,15,4,4,1,2,66.31,1,0.0,9,111,47.28,53.32,6,2,52,33,Survey,178,18.89,0.7513,287,57,1,344
BG-42-001976,Highway,Uttar Pradesh,Lucknow,18.38,119,5,0,1,0,98.4,0,7.53,65,72,42.63,47.52,49,0,32,83,Survey,113,13.18,0.3218,210,26,0,0
BG-42-001977,Highway,Rajasthan,Jodhpur,75.24,158,5,0,3,0,74.22,4,18.9,101,108,13.12,11.05,20,1,0,143,Award,37,39.54,0.2136,125,31,0,0
BG-42-001978,Metro,Madhya Pradesh,Gwalior,105.81,309,6,1,5,3,100.0,1,100.0,0,17,98.64,96.69,273,1,47,211,Possession,101,100.0,0.2578,7,46,0,0
BG-42-001979,Highway,Madhya Pradesh,Bhopal,59.69,154,6,0,3,2,82.15,5,79.0,30,60,89.41,98.24,136,3,82,110,Rehabilitation & Resettlement,101,100.0,0.6173,169,38,0,0
BG-42-001980,Irrigation,Uttar Pradesh,Varanasi,292.49,293,9,0,5,1,78.63,1,0.55,206,90,2.99,0.0,8,1,48,166,Survey,115,0.0,0.4811,81,56,1,283
BG-42-001981,Metro,Gujarat,Surat,123.93,274,6,0,5,4,76.41,5,100.0,0,11,75.65,74.44,194,0,0,171,Rehabilitation & Resettlement,18,100.0,0.8014,185,34,0,0
BG-42-001982,Highway,Maharashtra,Pune,70.14,107,4,1,3,4,62.77,3,2.3,95,94,10.53,0.0,10,3,21,123,Award,64,11.48,0.5361,106,85,1,258
BG-42-001983,Metro,Uttar Pradesh,Varanasi,259.58,584,9,1,11,4,100.0,6,75.22,131,36,95.51,80.22,503,1,20,303,Rehabilitation & Resettlement,104,100.0,0.5056,176,80,1,354
BG-42-001984,Highway,Gujarat,Rajkot,299.49,578,8,1,7,0,67.4,5,33.35,236,77,4.43,0.0,25,2,30,293,Objections,113,54.11,0.2751,90,60,1,380
BG-42-001985,Highway,Gujarat,Rajkot,129.03,125,6,3,4,4,66.83,5,55.69,48,66,39.23,28.2,44,8,91,80,Compensation,159,80.12,0.5905,112,58,1,281
BG-42-001986,Railway,Madhya Pradesh,Indore,46.05,101,5,1,3,1,89.59,2,74.39,16,18,100.0,100.0,95,3,34,67,Possession,95,100.0,0.3915,7,41,0,0
BG-42-001987,Highway,Uttar Pradesh,Lucknow,55.13,88,6,0,2,1,100.0,1,27.7,41,65,55.3,37.92,49,0,3,61,Objections,28,57.49,0.3994,138,69,0,0
BG-42-001988,Highway,Madhya Pradesh,Gwalior,26.91,44,6,2,3,1,84.36,5,47.97,15,53,54.02,61.54,23,1,46,54,Compensation,115,68.88,0.2024,49,86,0,0
BG-42-001989,Irrigation,Madhya Pradesh,Gwalior,82.77,173,5,0,2,2,83.28,2,95.25,7,1,93.49,88.43,155,1,25,142,Possession,120,99.01,0.927,68,35,0,0
BG-42-001990,Industrial Corridor,Rajasthan,Kota,36.96,106,4,0,3,2,68.0,3,0.0,71,58,0.0,4.43,0,3,42,117,Survey,152,0.0,0.3156,238,51,1,286
BG-42-001991,Irrigation,Maharashtra,Nagpur,65.81,100,3,0,3,1,82.82,1,22.43,47,44,15.37,8.13,14,2,43,150,Notification,72,25.0,0.5772,258,25,0,0
BG-42-001992,Highway,Uttar Pradesh,Varanasi,105.48,241,8,0,6,1,85.64,5,48.18,80,41,63.67,55.68,150,4,58,148,Compensation,122,84.0,0.4757,226,52,0,0
BG-42-001993,Power Transmission,Telangana,Hyderabad,17.51,76,3,0,1,0,65.72,5,28.49,30,58,6.95,1.9,5,3,41,89,Objections,102,25.73,0.5755,109,11,0,0
BG-42-001994,Railway,Rajasthan,Jaipur,31.16,57,4,2,1,4,76.77,3,14.48,28,110,15.22,9.84,8,0,0,91,Notification,189,25.47,0.068,183,102,0,0
BG-42-001995,Highway,Madhya Pradesh,Bhopal,57.08,187,5,0,3,2,97.02,4,39.86,106,44,63.61,58.75,107,1,6,169,Award,24,74.63,0.157,153,32,0,0
BG-42-001996,Power Transmission,Telangana,Karimnagar,82.1,137,6,0,4,0,100.0,2,95.4,4,0,100.0,91.45,134,1,23,103,Rehabilitation & Resettlement,41,100.0,0.4857,294,62,0,0
BG-42-001997,Highway,Maharashtra,Pune,57.68,164,4,1,2,2,80.38,2,4.95,130,64,37.16,34.32,57,2,11,151,Objections,48,0.0,0.3904,422,43,0,0
BG-42-001998,Railway,Telangana,Nizamabad,68.96,170,7,0,3,1,53.91,7,33.93,95,57,45.97,45.83,78,3,64,92,Objections,98,61.75,0.743,260,30,1,176
BG-42-001999,Power Transmission,Tamil Nadu,Coimbatore,48.67,68,5,0,2,1,80.71,0,70.43,15,44,69.4,70.94,46,0,10,92,Rehabilitation & Resettlement,66,97.23,0.4814,342,109,0,0
BG-42-002000,Industrial Corridor,Telangana,Hyderabad,26.86,40,5,1,4,0,100.0,1,74.66,9,49,77.2,84.85,29,3,85,67,Compensation,86,68.33,0.6862,283,64,0,0
BG-42-002001,Metro,Rajasthan,Udaipur,55.82,91,4,3,6,1,68.94,5,68.82,23,43,75.38,74.23,68,5,92,107,Rehabilitation & Resettlement,114,100.0,0.5552,239,76,0,0
BG-42-002002,Railway,Uttar Pradesh,Lucknow,72.2,145,4,1,1,2,100.0,0,60.6,52,78,41.39,44.36,53,0,23,129,Award,95,50.63,0.1521,221,36,0,0
BG-42-002003,Highway,Maharashtra,Thane,66.8,94,5,0,1,2,100.0,1,94.71,4,1,100.0,100.0,87,1,1,48,Possession,38,100.0,0.1848,149,17,0,0
BG-42-002004,Irrigation,Maharashtra,Thane,93.64,124,7,2,4,4,83.2,2,82.4,13,8,68.85,60.68,76,2,72,91,Compensation,88,100.0,0.3172,98,74,1,196
BG-42-002005,Highway,Rajasthan,Udaipur,119.72,135,7,0,2,0,81.13,4,0.38,84,78,0.0,2.98,0,2,42,83,Survey,51,12.07,0.1984,122,14,1,194
BG-42-002006,Highway,Rajasthan,Jaipur,147.73,190,6,2,4,1,83.23,4,66.62,45,22,74.45,66.78,133,4,70,135,Possession,163,100.0,0.3387,212,53,1,288
BG-42-002007,Highway,Rajasthan,Udaipur,51.58,124,5,0,3,1,84.15,5,51.9,54,37,32.53,25.05,39,3,55,117,Award,67,69.84,0.2988,307,42,0,0
BG-42-002008,Irrigation,Karnataka,Belagavi,24.27,22,3,0,0,0,78.69,0,4.5,19,77,0.0,0.0,0,2,31,33,Survey,31,13.39,0.5282,249,54,0,0
BG-42-002009,Power Transmission,Rajasthan,Jodhpur,236.81,429,7,1,6,6,57.21,7,0.0,303,120,0.0,0.0,0,4,47,269,Survey,90,0.0,0.2702,79,58,1,351
BG-42-002010,Metro,Maharashtra,Nagpur,116.55,239,6,0,4,2,87.7,3,92.57,11,0,94.7,90.46,226,0,0,183,Compensation,43,94.73,0.4704,173,66,0,0
BG-42-002011,Irrigation,Karnataka,Mysuru,39.9,131,3,1,2,0,79.4,3,9.18,81,120,0.0,0.0,0,1,32,187,Notification,57,11.13,0.543,278,28,1,191
BG-42-002012,Highway,Uttar Pradesh,Kanpur Nagar,106.93,129,5,1,4,2,68.79,4,34.57,64,69,52.04,38.24,62,2,69,132,Objections,119,60.05,0.2739,65,87,1,345
BG-42-002013,Irrigation,Rajasthan,Jodhpur,201.22,289,9,2,8,5,51.31,8,0.0,195,130,0.0,3.34,0,0,13,163,Survey,63,0.0,0.6316,337,74,1,382
BG-42-002014,Highway,Gujarat,Vadodara,341.5,363,11,0,4,2,90.79,0,55.99,92,57,57.01,49.12,183,2,45,176,Award,42,81.39,0.4519,210,46,0,0
BG-42-002015,Railway,Madhya Pradesh,Jabalpur,104.64,119,9,2,3,1,81.07,0,0.0,109,86,0.0,2.02,0,6,76,117,Award,307,1.62,0.3562,293,56,1,347
BG-42-002016,Highway,Telangana,Hyderabad,199.88,134,8,2,4,1,81.09,2,33.12,73,63,47.56,51.58,58,3,68,76,Compensation,86,78.32,0.3668,473,78,0,0
BG-42-002017,Irrigation,Uttar Pradesh,Lucknow,32.54,130,5,0,4,1,100.0,0,17.83,94,69,0.0,4.73,0,4,65,109,Objections,35,6.3,0.614,158,42,1,126
BG-42-002018,Irrigation,Telangana,Karimnagar,83.2,51,5,2,1,5,77.26,3,0.0,31,89,0.0,16.74,0,1,21,68,Notification,63,16.94,0.5372,302,42,1,312
BG-42-002019,Industrial Corridor,Maharashtra,Nagpur,65.5,147,5,1,3,3,68.85,2,60.78,46,71,81.65,74.61,118,1,37,148,Compensation,47,74.23,0.1726,7,32,0,0
BG-42-002020,Highway,Telangana,Karimnagar,112.62,170,7,1,5,2,82.97,3,31.95,85,58,53.4,41.89,81,1,3,120,Award,65,47.64,0.2405,293,88,0,0
BG-42-002021,Railway,Uttar Pradesh,Kanpur Nagar,310.74,507,11,1,8,1,68.64,6,78.56,93,0,69.88,84.95,317,6,87,199,Compensation,140,62.57,0.3005,137,74,0,0
BG-42-002022,Metro,Telangana,Warangal,104.58,317,7,1,5,3,55.79,5,7.13,264,80,6.38,2.04,18,1,22,164,Survey,43,0.0,0.5295,187,130,1,322
BG-42-002023,Railway,Madhya Pradesh,Indore,40.44,131,3,1,6,3,74.3,6,0.0,79,86,0.0,0.0,0,1,50,189,Notification,114,0.0,0.1828,182,79,1,432
BG-42-002024,Highway,Gujarat,Vadodara,31.16,45,4,0,3,0,84.7,2,44.93,20,45,5.61,10.56,3,1,15,94,Objections,41,42.87,0.2614,252,71,0,0
BG-42-002025,Industrial Corridor,Madhya Pradesh,Gwalior,319.46,739,8,0,15,5,82.52,8,57.45,231,41,60.73,58.39,435,0,31,446,Award,17,53.76,0.2937,231,143,0,0
BG-42-002026,Industrial Corridor,Maharashtra,Nagpur,129.16,164,6,2,6,3,71.01,4,20.26,97,84,0.0,0.0,0,2,68,140,Award,116,10.75,0.7741,216,90,1,269
BG-42-002027,Irrigation,Karnataka,Mysuru,122.54,267,8,0,4,1,78.2,5,92.26,15,39,84.66,89.83,213,1,57,180,Rehabilitation & Resettlement,71,100.0,0.2816,211,43,0,0
BG-42-002028,Metro,Gujarat,Rajkot,65.04,69,4,1,4,0,92.86,0,18.11,32,86,9.8,0.0,6,1,0,104,Award,55,13.69,0.3286,7,77,1,293
BG-42-002029,Railway,Rajasthan,Kota,106.09,170,9,1,5,2,100.0,3,98.25,2,0,69.55,58.18,113,3,56,102,Compensation,63,100.0,0.1629,95,92,0,0
BG-42-002030,Metro,Maharashtra,Nashik,38.88,98,5,1,1,1,79.15,4,65.9,30,17,47.01,44.86,46,0,40,53,Compensation,72,58.28,0.3192,387,97,0,0
BG-42-002031,Highway,Gujarat,Ahmedabad,116.72,245,6,2,1,3,49.36,5,16.57,167,76,0.0,0.0,0,2,53,130,Notification,155,17.76,0.3663,317,48,1,355
BG-42-002032,Industrial Corridor,Maharashtra,Nagpur,33.45,31,4,0,1,2,86.76,1,9.09,25,90,9.62,0.0,3,0,8,69,Award,51,61.79,0.1626,87,23,0,0
BG-42-002033,Power Transmission,Madhya Pradesh,Jabalpur,64.24,127,4,1,4,2,83.14,4,2.47,89,94,0.82,12.09,1,3,59,141,Objections,116,8.55,0.7789,141,51,0,0
BG-42-002034,Highway,Karnataka,Kalaburagi,51.2,109,4,0,2,0,54.91,3,63.64,36,15,90.67,75.92,97,1,7,80,Award,29,82.97,0.2681,302,19,1,98
BG-42-002035,Railway,Uttar Pradesh,Lucknow,8.0,32,3,1,1,1,60.09,5,0.0,26,102,2.38,0.0,1,3,80,41,Survey,63,0.0,0.5906,235,36,1,251
BG-42-002036,Power Transmission,Telangana,Hyderabad,64.88,63,5,1,0,0,89.16,1,36.45,36,72,18.67,22.93,11,2,37,52,Rehabilitation & Resettlement,77,53.82,0.4904,178,35,0,0
BG-42-002037,Metro,Rajasthan,Udaipur,41.72,23,3,0,1,1,96.53,1,98.28,0,26,89.47,95.15,20,1,14,38,Possession,60,100.0,0.2636,7,17,0,0
BG-42-002038,Metro,Gujarat,Vadodara,72.36,63,5,0,1,1,75.71,4,13.03,45,66,0.0,1.2,0,4,14,82,Notification,69,0.0,0.217,431,18,0,0
BG-42-002039,Industrial Corridor,Gujarat,Ahmedabad,85.75,119,4,0,5,2,81.21,4,61.08,29,49,40.34,34.13,46,3,58,166,Compensation,81,46.17,0.7017,26,65,1,201
BG-42-002040,Industrial Corridor,Madhya Pradesh,Bhopal,352.25,687,8,2,12,6,71.29,5,81.09,90,35,64.27,55.28,439,3,35,376,Rehabilitation & Resettlement,106,100.0,0.6077,152,130,1,371
BG-42-002041,Highway,Uttar Pradesh,Kanpur Nagar,109.26,117,5,0,1,1,66.62,3,28.39,51,35,34.39,29.96,36,0,34,78,Objections,85,37.72,0.606,237,31,1,198
BG-42-002042,Power Transmission,Madhya Pradesh,Jabalpur,111.86,186,8,0,5,1,86.51,3,64.93,41,48,50.98,51.15,89,2,51,129,Rehabilitation & Resettlement,126,82.62,0.2225,191,32,0,0
BG-42-002043,Irrigation,Rajasthan,Jaipur,127.29,77,7,1,2,1,100.0,1,88.93,6,20,69.96,56.94,53,2,35,67,Compensation,62,85.3,0.2596,166,72,0,0
BG-42-002044,Highway,Madhya Pradesh,Indore,171.99,360,8,0,5,4,61.9,6,79.29,53,33,93.68,96.26,309,1,0,181,Possession,13,90.49,0.5028,348,48,0,0
BG-42-002045,Highway,Gujarat,Vadodara,123.15,138,6,1,4,0,86.85,4,100.0,0,0,96.8,94.83,119,2,26,131,Possession,45,100.0,0.4338,139,56,0,0
BG-42-002046,Industrial Corridor,Karnataka,Kalaburagi,107.27,111,7,0,3,2,78.08,1,46.84,44,45,62.93,55.58,66,0,11,74,Notification,13,19.69,0.4245,321,85,0,0
BG-42-002047,Industrial Corridor,Gujarat,Surat,151.26,282,8,1,7,2,71.99,5,38.43,105,48,36.19,38.9,91,1,28,195,Award,57,36.94,0.2631,168,77,0,0
BG-42-002048,Railway,Madhya Pradesh,Indore,12.29,36,4,1,3,0,90.17,2,31.24,23,86,44.91,53.54,15,1,14,61,Compensation,33,49.83,0.168,150,62,0,0
BG-42-002049,Metro,Karnataka,Mysuru,455.43,1036,13,2,13,6,75.66,8,26.53,509,69,11.39,10.56,115,4,99,384,Survey,110,19.57,0.3884,223,123,1,443
BG-42-002050,Industrial Corridor,Telangana,Hyderabad,305.45,361,9,1,4,3,66.93,5,16.73,191,78,30.43,29.17,102,0,0,177,Objections,97,59.37,0.3765,183,66,1,336
BG-42-002051,Metro,Maharashtra,Pune,101.87,258,7,1,1,2,100.0,0,96.81,8,9,82.66,77.43,200,1,0,140,Possession,86,100.0,0.5259,163,25,0,0
BG-42-002052,Highway,Telangana,Karimnagar,27.65,45,5,2,4,3,62.06,3,0.0,35,102,0.0,0.0,0,2,60,73,Notification,96,0.0,0.5343,250,60,1,306
BG-42-002053,Highway,Telangana,Hyderabad,225.49,527,7,0,9,2,93.09,4,62.77,123,35,35.85,26.66,179,4,69,333,Award,94,58.2,0.3897,122,93,1,214
BG-42-002054,Metro,Karnataka,Kalaburagi,49.15,57,5,0,1,0,100.0,2,59.94,16,27,38.6,36.21,21,1,15,68,Rehabilitation & Resettlement,40,85.31,0.3363,180,36,0,0
BG-42-002055,Irrigation,Gujarat,Ahmedabad,131.25,142,4,1,3,0,75.97,1,23.8,71,80,2.8,0.0,4,1,23,192,Objections,76,21.5,0.2648,252,44,0,0
BG-42-002056,Industrial Corridor,Maharashtra,Nagpur,30.68,17,4,3,3,1,77.37,5,0.0,12,100,7.7,0.37,1,4,73,65,Award,122,0.0,0.4478,145,84,1,384
BG-42-002057,Railway,Rajasthan,Udaipur,508.33,1051,11,2,18,7,54.69,9,89.21,85,16,72.92,61.73,724,1,27,472,Possession,79,85.87,0.6526,7,178,1,414
BG-42-002058,Irrigation,Madhya Pradesh,Jabalpur,27.01,61,3,0,4,0,63.72,5,55.53,21,34,66.06,64.62,37,3,59,126,Award,121,57.11,0.1071,115,93,1,212
BG-42-002059,Railway,Karnataka,Belagavi,90.49,85,5,1,2,1,93.54,0,16.56,47,92,23.65,26.68,18,0,18,90,Survey,159,48.78,0.319,256,27,0,0
BG-42-002060,Metro,Karnataka,Mysuru,15.68,78,4,0,1,1,81.09,2,0.0,48,91,13.27,16.57,10,1,6,97,Notification,19,0.0,0.1638,133,36,0,0
BG-42-002061,Highway,Uttar Pradesh,Varanasi,82.85,157,4,0,3,1,100.0,2,100.0,0,0,96.96,100.0,149,0,25,171,Possession,69,100.0,0.3766,379,49,0,0
BG-42-002062,Power Transmission,Tamil Nadu,Madurai,60.93,91,7,1,3,1,97.26,3,29.7,51,66,23.23,11.25,19,4,86,79,Objections,88,35.31,0.7133,128,93,1,316
BG-42-002063,Industrial Corridor,Maharashtra,Nashik,212.67,370,8,1,4,2,73.21,6,68.93,70,63,80.9,86.02,268,0,17,149,Award,36,65.09,0.6396,212,57,0,0
BG-42-002064,Power Transmission,Uttar Pradesh,Lucknow,60.93,55,4,1,2,3,88.88,0,3.34,40,76,55.43,55.42,28,1,27,58,Survey,112,35.95,0.4368,341,51,0,0
BG-42-002065,Railway,Tamil Nadu,Salem,212.92,483,9,2,8,4,69.41,5,33.82,298,71,32.61,33.62,154,2,64,270,Award,98,43.24,0.2513,399,67,1,347
BG-42-002066,Metro,Maharashtra,Pune,37.74,71,5,1,3,1,90.31,1,100.0,0,0,82.63,92.57,57,0,47,102,Possession,36,100.0,0.5263,87,96,0,0
BG-42-002067,Highway,Tamil Nadu,Salem,68.34,91,6,0,2,0,67.07,2,25.74,41,57,31.26,15.2,25,2,24,48,Award,70,46.67,0.6924,38,29,1,211
BG-42-002068,Irrigation,Maharashtra,Thane,69.44,99,4,2,1,7,88.9,2,70.7,21,35,82.61,79.31,74,2,47,74,Possession,90,89.41,0.5164,218,41,0,0
BG-42-002069,Highway,Madhya Pradesh,Bhopal,127.29,103,9,1,1,1,71.68,4,56.38,33,56,60.48,54.65,56,2,41,67,Objections,94,67.39,0.3567,293,30,0,0
BG-42-002070,Industrial Corridor,Madhya Pradesh,Jabalpur,114.97,186,7,0,2,1,73.84,0,10.62,125,67,18.52,8.78,33,2,29,103,Award,120,15.7,0.4056,218,15,0,0
BG-42-002071,Industrial Corridor,Tamil Nadu,Madurai,152.59,303,5,3,4,0,69.17,2,78.98,42,64,53.95,50.31,153,2,56,247,Rehabilitation & Resettlement,115,83.49,0.6943,52,59,1,252
BG-42-002072,Highway,Madhya Pradesh,Bhopal,106.0,152,6,2,1,6,91.84,1,43.71,71,42,65.63,66.75,100,3,115,105,Award,139,37.2,0.3199,123,29,1,285
BG-42-002073,Railway,Uttar Pradesh,Agra,145.34,102,6,0,2,0,75.09,3,38.62,39,60,26.19,23.97,25,2,26,98,Objections,19,25.75,0.2876,197,47,0,0
BG-42-002074,Highway,Madhya Pradesh,Bhopal,41.75,87,4,1,3,2,89.47,4,82.28,13,0,58.33,42.56,50,1,47,132,Rehabilitation & Resettlement,28,98.09,0.4176,206,52,0,0
BG-42-002075,Industrial Corridor,Karnataka,Bengaluru Urban,116.87,66,5,1,2,2,72.55,1,22.04,30,75,38.6,34.6,25,1,13,48,Award,68,27.88,0.3852,107,54,1,297
BG-42-002076,Irrigation,Tamil Nadu,Salem,310.0,685,9,0,9,1,66.36,6,86.23,90,36,60.92,49.55,415,3,37,323,Compensation,120,83.86,0.2103,256,78,1,283
BG-42-002077,Railway,Gujarat,Vadodara,22.33,47,3,1,0,1,100.0,2,90.22,3,24,100.0,90.84,44,1,0,78,Possession,86,100.0,0.4491,116,29,0,0
BG-42-002078,Irrigation,Karnataka,Bengaluru Urban,126.62,176,6,1,2,2,81.55,1,0.0,163,68,2.33,0.0,4,3,51,118,Survey,57,0.0,0.4052,121,26,0,0
BG-42-002079,Highway,Telangana,Hyderabad,147.15,141,7,0,5,3,76.0,5,70.15,30,65,62.92,74.78,88,1,0,124,Objections,25,72.24,0.2202,269,34,0,0
BG-42-002080,Railway,Uttar Pradesh,Kanpur Nagar,275.6,526,8,0,8,0,59.57,6,0.0,374,104,0.0,0.0,0,4,60,270,Notification,133,0.0,0.4221,331,63,1,366
BG-42-002081,Irrigation,Uttar Pradesh,Lucknow,153.06,357,7,1,3,1,78.83,3,41.56,187,51,48.6,42.64,172,2,33,196,Award,55,57.09,0.2122,34,56,0,0
BG-42-002082,Irrigation,Uttar Pradesh,Lucknow,92.78,280,7,0,12,2,69.32,9,0.0,157,87,5.15,2.95,14,2,3,262,Survey,42,2.72,0.1854,227,123,0,0
BG-42-002083,Railway,Telangana,Nizamabad,120.79,122,5,1,6,4,79.19,4,51.39,39,52,36.8,29.69,42,8,109,146,Compensation,108,41.47,0.763,7,72,1,312
BG-42-002084,Industrial Corridor,Maharashtra,Pune,47.56,64,4,0,3,0,74.84,2,23.56,29,38,0.0,5.85,0,1,14,84,Survey,28,31.78,0.2481,281,105,0,0
BG-42-002085,Irrigation,Telangana,Warangal,62.78,98,3,1,1,1,96.81,2,56.66,40,32,74.49,77.35,71,0,52,84,Compensation,140,100.0,0.4486,184,51,0,0
BG-42-002086,Power Transmission,Telangana,Warangal,29.41,136,3,0,3,0,75.06,2,44.57,60,50,15.97,16.96,21,4,60,153,Objections,88,22.01,0.2725,300,27,1,195
BG-42-002087,Industrial Corridor,Telangana,Karimnagar,281.36,424,9,1,9,3,68.69,8,46.78,167,78,46.26,43.6,196,2,16,261,Objections,54,57.83,0.7344,85,83,1,374
BG-42-002088,Highway,Madhya Pradesh,Gwalior,122.75,194,7,1,4,4,100.0,1,28.07,98,56,72.76,75.7,132,3,57,142,Objections,80,77.44,0.2263,309,35,0,0
BG-42-002089,Highway,Telangana,Karimnagar,41.15,70,3,3,2,3,82.69,1,67.49,20,42,89.01,85.72,61,3,73,107,Rehabilitation & Resettlement,108,70.22,0.4214,201,41,0,0
BG-42-002090,Industrial Corridor,Rajasthan,Jodhpur,106.39,240,7,0,7,2,100.0,4,25.7,100,81,22.82,27.35,53,3,36,202,Award,120,15.02,0.2056,222,141,1,250
BG-42-002091,Metro,Uttar Pradesh,Varanasi,216.48,215,8,4,2,4,70.37,2,0.23,154,117,6.57,6.53,13,6,104,120,Objections,175,34.31,0.633,312,93,1,378
BG-42-002092,Highway,Uttar Pradesh,Varanasi,189.47,451,6,4,9,4,69.53,6,60.32,130,82,56.29,49.37,246,3,84,317,Rehabilitation & Resettlement,106,78.11,0.3938,223,99,1,420
BG-42-002093,Railway,Telangana,Karimnagar,40.77,71,5,1,3,1,100.0,0,38.89,25,72,58.99,56.44,39,1,8,84,Compensation,77,61.2,0.1858,107,93,0,0
BG-42-002094,Railway,Uttar Pradesh,Varanasi,8.0,73,4,1,4,1,94.31,0,7.93,51,90,18.02,22.12,13,3,84,108,Survey,91,35.09,0.485,136,58,1,292
BG-42-002095,Metro,Rajasthan,Udaipur,117.48,89,4,2,3,3,84.9,4,100.0,0,21,100.0,98.95,88,2,66,108,Possession,56,100.0,0.347,146,65,0,0
BG-42-002096,Railway,Maharashtra,Nagpur,42.12,105,7,0,7,1,65.37,6,13.78,74,98,15.56,6.77,14,2,40,126,Objections,22,35.76,0.511,256,68,1,231
BG-42-002097,Railway,Tamil Nadu,Salem,140.87,269,6,2,2,3,72.47,5,0.0,234,84,0.0,13.99,0,1,12,168,Notification,59,0.0,0.5565,42,80,1,284
BG-42-002098,Highway,Tamil Nadu,Madurai,183.13,265,5,1,4,4,86.93,3,22.7,140,86,5.97,0.43,14,4,86,209,Award,227,53.7,0.3984,8,118,0,0
BG-42-002099,Power Transmission,Uttar Pradesh,Varanasi,208.7,285,8,1,5,4,70.44,5,58.4,109,35,40.76,39.12,106,2,18,166,Survey,59,34.29,0.6041,247,125,1,274
BG-42-002100,Industrial Corridor,Rajasthan,Kota,345.78,402,10,2,6,3,67.72,8,42.96,217,54,38.29,35.9,147,3,62,210,Objections,76,32.87,0.497,229,74,1,312
BG-42-002101,Highway,Gujarat,Surat,230.23,243,8,0,4,2,83.7,4,54.65,73,45,69.5,84.0,157,1,16,175,Rehabilitation & Resettlement,68,86.23,0.6067,176,38,0,0
BG-42-002102,Railway,Uttar Pradesh,Varanasi,347.11,646,10,1,3,2,74.07,6,28.07,421,68,9.79,6.79,57,3,63,246,Survey,85,13.59,0.7263,101,42,1,277
BG-42-002103,Railway,Karnataka,Mysuru,258.07,205,11,0,3,0,100.0,1,93.58,10,0,100.0,100.0,198,0,3,109,Rehabilitation & Resettlement,31,100.0,0.4065,298,37,0,0
BG-42-002104,Industrial Corridor,Rajasthan,Kota,276.71,252,9,1,9,2,86.24,5,73.87,53,28,72.64,77.6,181,4,43,189,Possession,107,100.0,0.1948,123,77,0,0
BG-42-002105,Industrial Corridor,Maharashtra,Nashik,82.87,88,9,1,0,1,100.0,0,51.99,40,48,51.57,40.21,40,0,4,78,Compensation,27,68.69,0.6425,126,27,1,223
BG-42-002106,Industrial Corridor,Telangana,Karimnagar,30.52,54,6,1,3,1,60.85,5,77.48,8,38,67.69,78.59,34,4,56,97,Rehabilitation & Resettlement,76,99.06,0.2205,149,32,1,126
BG-42-002107,Industrial Corridor,Telangana,Nizamabad,623.79,632,12,0,4,0,100.0,0,70.03,171,29,61.74,61.11,349,0,28,217,Rehabilitation & Resettlement,45,90.19,0.3575,239,27,0,0
BG-42-002108,Highway,Karnataka,Belagavi,90.05,193,6,1,8,6,94.17,7,91.42,13,24,76.02,74.18,135,2,40,175,Possession,147,100.0,0.2701,133,108,0,0
BG-42-002109,Railway,Tamil Nadu,Chennai,228.83,122,8,4,2,3,75.62,0,77.35,25,50,89.27,89.98,105,3,52,33,Objections,142,66.06,0.2893,237,58,1,190
BG-42-002110,Highway,Maharashtra,Thane,55.13,225,5,1,3,1,90.18,2,0.0,201,80,28.72,44.01,58,0,29,184,Survey,65,20.87,0.2438,46,69,1,269
BG-42-002111,Metro,Tamil Nadu,Salem,185.14,383,8,1,5,2,85.55,2,51.21,109,56,45.28,43.38,153,8,121,214,Award,125,67.07,0.4422,42,91,1,319
BG-42-002112,Railway,Maharashtra,Pune,12.11,3,3,0,0,0,100.0,0,27.72,2,18,60.44,60.19,2,0,0,12,Compensation,71,51.81,0.2748,292,42,0,0
BG-42-002113,Power Transmission,Madhya Pradesh,Indore,61.66,158,3,1,7,2,79.14,4,0.0,125,125,0.0,4.55,0,1,11,247,Survey,100,0.0,0.496,110,101,1,353
BG-42-002114,Highway,Karnataka,Belagavi,79.14,165,7,0,5,1,86.55,4,69.96,28,68,53.27,53.49,81,3,39,140,Compensation,37,75.02,0.2528,89,56,1,76
BG-42-002115,Industrial Corridor,Gujarat,Rajkot,123.98,249,8,1,3,0,100.0,2,25.54,112,73,2.43,9.69,6,0,5,134,Notification,238,15.31,0.3529,89,48,1,240
BG-42-002116,Railway,Rajasthan,Kota,201.87,284,6,1,5,2,100.0,3,100.0,0,0,100.0,100.0,250,0,30,186,Possession,38,100.0,0.1516,7,59,1,177
BG-42-002117,Railway,Karnataka,Mysuru,35.68,75,4,0,0,1,100.0,3,28.43,40,71,31.23,38.49,22,0,9,77,Objections,23,49.16,0.367,185,53,0,0
BG-42-002118,Industrial Corridor,Telangana,Warangal,145.18,95,8,0,6,5,89.95,3,0.0,78,61,0.0,3.25,0,3,26,98,Notification,75,4.53,0.288,516,75,0,0
BG-42-002119,Highway,Maharashtra,Thane,228.45,384,9,3,7,2,80.23,4,0.0,313,125,0.0,0.0,0,1,42,199,Survey,83,16.57,0.5321,410,111,1,437
BG-42-002120,Railway,Madhya Pradesh,Gwalior,559.32,443,11,2,8,2,65.08,6,0.0,403,105,0.0,6.68,0,1,35,251,Objections,121,0.0,0.8304,220,119,1,409
BG-42-002121,Railway,Gujarat,Rajkot,150.7,266,8,1,3,2,62.47,2,55.14,102,33,31.58,36.07,77,0,0,146,Objections,97,43.01,0.3559,161,31,0,0
BG-42-002122,Industrial Corridor,Gujarat,Surat,59.29,97,5,0,2,0,72.86,4,6.85,61,58,0.0,0.0,0,1,12,76,Notification,46,0.0,0.6136,319,38,1,210
BG-42-002123,Highway,Madhya Pradesh,Indore,30.96,65,4,1,3,1,100.0,0,36.46,24,18,34.67,27.2,22,2,45,96,Objections,81,67.04,0.4296,321,78,0,0
BG-42-002124,Irrigation,Uttar Pradesh,Lucknow,369.95,378,9,0,7,2,82.23,6,0.0,272,93,4.68,4.41,17,2,55,252,Survey,61,0.0,0.8885,231,91,1,352
BG-42-002125,Irrigation,Tamil Nadu,Salem,154.45,317,2,0,2,0,70.85,2,52.58,87,15,76.26,84.11,241,1,33,500,Award,38,78.18,0.7082,18,20,0,0
BG-42-002126,Power Transmission,Karnataka,Kalaburagi,84.13,85,5,1,3,1,80.07,0,6.86,71,77,5.37,0.0,4,2,25,79,Award,109,34.03,0.324,164,34,1,265
BG-42-002127,Railway,Madhya Pradesh,Bhopal,23.43,59,4,3,4,1,62.53,1,39.62,30,68,61.12,57.99,33,3,91,140,Objections,108,47.45,0.4039,273,76,1,326
BG-42-002128,Industrial Corridor,Uttar Pradesh,Lucknow,40.65,49,4,0,1,2,89.94,2,57.05,19,30,66.19,63.79,32,0,0,66,Objections,70,61.03,0.3444,37,36,0,0
BG-42-002129,Highway,Telangana,Nizamabad,141.89,359,7,1,6,0,73.36,7,21.84,159,48,0.0,6.32,0,4,73,238,Notification,194,0.0,0.1116,205,59,1,299
BG-42-002130,Irrigation,Tamil Nadu,Coimbatore,113.64,208,7,0,4,0,78.26,4,3.36,114,83,7.29,0.0,14,2,54,125,Notification,128,12.0,0.3795,370,47,0,0
BG-42-002131,Metro,Madhya Pradesh,Indore,18.05,40,3,0,2,0,80.77,1,16.87,24,72,0.0,6.3,0,3,53,67,Survey,79,6.12,0.2243,267,32,1,165
BG-42-002132,Highway,Telangana,Warangal,142.04,314,6,1,7,0,60.45,4,59.01,107,40,66.07,58.85,185,4,53,258,Rehabilitation & Resettlement,99,92.97,0.1292,102,63,0,0
BG-42-002133,Railway,Tamil Nadu,Madurai,24.42,66,1,0,4,2,89.54,2,63.87,18,65,39.29,37.7,23,1,25,275,Possession,27,76.15,0.9716,7,61,1,199
BG-42-002134,Power Transmission,Uttar Pradesh,Agra,252.95,503,6,1,8,1,100.0,5,85.78,41,56,83.43,88.34,418,1,33,311,Possession,91,100.0,0.3159,7,108,0,0
BG-42-002135,Irrigation,Telangana,Karimnagar,101.17,218,4,0,3,0,60.59,4,46.38,84,45,32.24,42.53,69,2,12,206,Award,41,48.91,0.3981,386,55,1,169
BG-42-002136,Metro,Karnataka,Mysuru,59.1,135,6,0,5,1,100.0,0,94.34,6,25,77.95,85.38,98,1,14,130,Compensation,54,98.75,0.3431,263,73,0,0
BG-42-002137,Metro,Maharashtra,Thane,189.07,358,7,1,5,1,92.16,1,29.36,222,58,29.01,22.7,100,0,28,191,Objections,109,15.99,0.1746,309,45,1,332
BG-42-002138,Power Transmission,Tamil Nadu,Madurai,113.61,143,6,1,2,3,89.62,2,55.35,51,19,72.1,62.8,92,2,31,69,Rehabilitation & Resettlement,161,80.71,0.531,172,49,0,0
BG-42-002139,Power Transmission,Rajasthan,Jaipur,247.14,214,7,1,3,2,97.38,3,78.02,36,35,92.94,100.0,198,1,14,153,Rehabilitation & Resettlement,101,85.25,0.663,102,53,1,172
BG-42-002140,Power Transmission,Karnataka,Kalaburagi,91.32,81,5,2,3,6,81.08,4,59.35,27,22,58.02,46.01,44,2,11,85,Rehabilitation & Resettlement,122,100.0,0.4143,27,71,0,0
BG-42-002141,Railway,Tamil Nadu,Coimbatore,95.68,140,7,1,3,3,95.3,0,90.63,10,37,100.0,100.0,136,3,21,91,Possession,161,95.13,0.3585,55,37,0,0
BG-42-002142,Industrial Corridor,Madhya Pradesh,Jabalpur,68.16,188,5,0,2,0,89.13,2,48.21,74,45,51.16,57.05,92,2,71,142,Award,69,57.38,0.2961,164,19,1,201
BG-42-002143,Power Transmission,Maharashtra,Nagpur,105.68,208,7,2,3,2,100.0,3,98.22,4,11,78.39,83.59,155,1,17,142,Rehabilitation & Resettlement,53,100.0,0.3053,108,76,0,0
BG-42-002144,Highway,Maharashtra,Thane,333.07,717,7,1,9,3,83.54,5,73.23,112,13,74.66,78.79,505,0,3,434,Rehabilitation & Resettlement,61,69.97,0.3442,51,99,1,331
BG-42-002145,Railway,Uttar Pradesh,Agra,57.27,122,5,0,4,0,100.0,0,18.43,89,70,41.57,32.5,46,0,28,138,Objections,46,47.61,0.7471,258,51,0,0
BG-42-002146,Highway,Maharashtra,Thane,143.79,291,6,0,7,0,96.48,2,95.9,9,1,89.33,84.89,245,3,26,236,Possession,53,100.0,0.9073,209,68,0,0
BG-42-002147,Railway,Maharashtra,Nagpur,42.34,81,4,0,4,2,84.08,0,4.91,59,52,15.58,28.77,13,1,12,122,Survey,52,32.56,0.1689,213,42,0,0
BG-42-002148,Power Transmission,Karnataka,Mysuru,16.39,6,5,1,1,0,100.0,1,99.82,0,6,97.4,85.54,5,2,56,38,Possession,104,100.0,0.2871,120,42,1,151
BG-42-002149,Highway,Maharashtra,Nashik,101.09,202,5,2,7,8,77.86,7,60.29,59,47,51.57,62.07,96,4,72,229,Rehabilitation & Resettlement,79,100.0,0.4317,361,73,0,0
BG-42-002150,Metro,Telangana,Karimnagar,115.16,195,7,0,3,4,100.0,4,0.0,141,93,0.0,12.52,0,1,0,130,Survey,87,11.6,0.3648,327,36,0,0
BG-42-002151,Highway,Maharashtra,Pune,78.41,89,4,1,3,0,73.71,3,72.25,22,23,78.55,69.63,67,2,29,106,Compensation,80,77.23,0.2923,300,54,0,0
BG-42-002152,Irrigation,Rajasthan,Kota,25.87,53,4,0,4,3,92.34,1,0.0,41,83,0.0,5.75,0,3,61,112,Notification,132,3.14,0.1318,403,97,1,273
BG-42-002153,Power Transmission,Gujarat,Vadodara,109.23,139,4,2,2,2,89.23,1,53.67,61,44,44.19,57.36,55,4,64,120,Rehabilitation & Resettlement,75,78.15,0.569,300,36,1,227
BG-42-002154,Metro,Gujarat,Ahmedabad,105.96,144,6,2,4,3,91.25,3,61.24,51,37,65.52,79.31,88,0,22,107,Rehabilitation & Resettlement,77,75.53,0.238,129,66,1,308
BG-42-002155,Industrial Corridor,Gujarat,Vadodara,42.05,76,5,1,4,2,70.67,6,41.34,34,50,57.94,39.63,40,1,26,105,Compensation,105,73.48,0.3919,223,48,1,211
BG-42-002156,Highway,Tamil Nadu,Coimbatore,29.0,103,5,1,4,4,75.83,4,83.98,15,27,100.0,100.0,93,2,61,126,Rehabilitation & Resettlement,64,90.37,0.2272,176,91,1,184
BG-42-002157,Power Transmission,Madhya Pradesh,Indore,69.97,99,4,1,4,1,58.07,2,21.47,62,67,0.0,0.67,0,2,24,109,Survey,69,42.29,0.4807,354,62,0,0
BG-42-002158,Industrial Corridor,Maharashtra,Nagpur,144.36,296,6,2,4,3,84.86,4,16.41,179,76,32.22,41.29,92,2,18,214,Objections,113,31.19,0.4875,159,65,1,356
BG-42-002159,Highway,Maharashtra,Pune,119.5,129,5,1,2,2,80.88,0,19.26,68,92,7.84,10.12,9,0,30,105,Award,88,32.44,0.336,310,77,0,0
BG-42-002160,Irrigation,Telangana,Hyderabad,42.32,163,4,0,4,1,94.21,3,10.03,133,78,21.67,20.79,32,0,0,169,Notification,72,7.92,0.0727,18,34,1,284
BG-42-002161,Highway,Maharashtra,Nashik,95.54,237,5,0,4,0,87.15,5,59.2,70,53,61.47,76.9,128,1,0,200,Award,133,77.33,0.3055,206,33,0,0
BG-42-002162,Industrial Corridor,Karnataka,Belagavi,174.11,447,5,3,8,2,70.27,3,15.66,282,59,19.56,19.8,78,1,58,389,Objections,75,37.68,0.173,190,169,1,498
BG-42-002163,Highway,Karnataka,Bengaluru Urban,33.51,75,3,1,3,3,93.05,2,50.79,22,79,30.37,44.58,21,1,19,137,Award,50,51.29,0.2628,85,53,1,156
BG-42-002164,Industrial Corridor,Maharashtra,Nashik,90.06,145,6,1,5,4,86.9,3,54.03,37,52,67.59,71.89,89,6,89,155,Award,82,92.75,0.3253,207,60,0,0
BG-42-002165,Highway,Maharashtra,Nashik,250.06,307,8,2,8,0,67.66,6,71.33,60,35,65.57,55.69,184,2,8,211,Possession,82,100.0,0.3293,7,93,1,289
BG-42-002166,Highway,Rajasthan,Kota,30.88,102,5,0,3,0,71.44,5,34.59,45,71,33.54,35.82,31,2,43,90,Objections,49,53.68,0.1904,251,62,1,210
BG-42-002167,Metro,Gujarat,Surat,215.81,378,9,1,8,1,70.02,5,51.55,143,78,72.2,83.61,243,2,20,213,Possession,68,71.81,0.3534,7,78,0,0
BG-42-002168,Irrigation,Maharashtra,Pune,312.73,293,9,2,6,1,63.83,6,6.28,223,74,23.55,14.57,61,4,89,164,Award,70,25.07,0.4188,43,74,1,386
BG-42-002169,Railway,Madhya Pradesh,Jabalpur,71.68,45,3,0,0,0,91.92,0,38.67,16,18,30.2,30.73,14,0,7,31,Objections,43,43.97,0.4457,98,64,0,0
BG-42-002170,Industrial Corridor,Maharashtra,Thane,65.08,215,6,0,3,0,81.28,3,33.56,116,62,28.0,5.84,54,2,46,129,Award,28,46.62,0.1691,95,45,0,0
BG-42-002171,Metro,Gujarat,Vadodara,195.68,180,8,1,2,1,91.94,0,12.97,116,51,29.22,20.33,47,3,58,51,Award,66,42.87,0.6627,105,28,0,0
BG-42-002172,Power Transmission,Telangana,Warangal,73.78,178,5,0,7,0,78.79,6,0.0,114,67,0.0,0.0,0,4,53,176,Objections,56,15.03,0.4872,257,59,0,0
BG-42-002173,Railway,Rajasthan,Jodhpur,13.03,102,5,0,0,1,80.39,2,52.31,41,80,26.51,15.28,25,4,45,54,Award,74,100.0,0.3271,266,30,0,0
BG-42-002174,Industrial Corridor,Uttar Pradesh,Lucknow,79.12,109,6,0,3,0,73.38,4,0.0,101,65,11.46,19.85,12,2,18,97,Survey,85,0.0,0.5026,75,25,0,0
BG-42-002175,Irrigation,Maharashtra,Pune,124.75,151,7,2,3,3,91.0,4,8.41,102,64,18.84,13.55,27,0,42,95,Objections,85,23.26,0.3086,155,77,1,356
BG-42-002176,Railway,Karnataka,Mysuru,154.79,227,7,1,3,2,88.31,2,72.06,54,45,60.19,54.6,136,1,0,168,Compensation,231,100.0,0.5843,239,38,0,0
BG-42-002177,Metro,Telangana,Nizamabad,42.33,75,5,0,1,0,100.0,0,41.04,42,66,32.88,25.02,22,0,0,76,Award,16,58.36,0.1428,159,24,0,0
BG-42-002178,Irrigation,Tamil Nadu,Coimbatore,69.0,156,4,1,3,0,85.12,0,100.0,0,35,100.0,100.0,151,1,21,97,Rehabilitation & Resettlement,111,100.0,0.1662,256,109,0,0
BG-42-002179,Railway,Maharashtra,Thane,187.08,194,6,2,4,2,48.04,6,0.0,140,69,0.0,11.72,0,7,67,127,Objections,200,1.44,0.3701,93,55,1,301
BG-42-002180,Railway,Gujarat,Vadodara,81.61,80,5,0,2,1,98.69,3,94.91,2,3,100.0,100.0,76,0,1,69,Possession,81,100.0,0.3969,254,30,0,0
BG-42-002181,Railway,Gujarat,Ahmedabad,25.2,64,2,0,1,0,100.0,0,69.83,14,41,100.0,100.0,62,1,20,110,Rehabilitation & Resettlement,71,96.01,0.5655,209,31,0,0
BG-42-002182,Power Transmission,Maharashtra,Nagpur,230.47,216,8,5,9,9,100.0,3,82.0,30,36,67.96,74.88,131,2,83,167,Possession,197,100.0,0.6398,71,109,1,423
BG-42-002183,Irrigation,Maharashtra,Nagpur,72.15,52,5,0,1,0,93.28,2,75.12,12,49,100.0,99.75,48,0,33,16,Rehabilitation & Resettlement,39,68.64,0.1353,27,11,0,0
BG-42-002184,Industrial Corridor,Maharashtra,Pune,204.99,313,8,2,2,2,88.21,0,16.59,232,73,41.84,26.4,118,0,0,159,Survey,149,15.62,0.0877,325,41,0,0
BG-42-002185,Industrial Corridor,Maharashtra,Nashik,28.04,116,3,1,3,2,96.95,1,81.08,19,20,94.08,100.0,101,0,17,151,Compensation,33,100.0,0.1318,67,51,0,0
BG-42-002186,Railway,Rajasthan,Udaipur,77.73,70,7,2,4,2,51.76,5,0.0,41,89,0.0,0.0,0,4,86,53,Survey,132,0.0,0.1449,251,56,1,309
BG-42-002187,Highway,Karnataka,Mysuru,128.74,175,8,1,5,1,62.41,6,17.84,120,97,13.42,0.0,23,6,94,100,Rehabilitation & Resettlement,127,42.02,0.6031,225,50,1,370
BG-42-002188,Highway,Rajasthan,Jodhpur,79.86,181,5,0,2,0,88.66,2,56.95,64,46,59.98,62.45,96,1,29,139,Compensation,75,72.48,0.496,107,23,1,142
BG-42-002189,Highway,Karnataka,Bengaluru Urban,33.23,99,4,1,3,1,61.74,3,26.79,61,62,26.57,41.19,24,1,19,159,Objections,122,46.02,0.3889,313,53,1,251
BG-42-002190,Highway,Madhya Pradesh,Bhopal,12.69,79,5,0,5,0,100.0,1,100.0,0,0,85.5,93.92,60,3,36,93,Possession,153,100.0,0.6854,98,92,0,0
BG-42-002191,Industrial Corridor,Gujarat,Surat,289.63,590,8,0,12,1,63.93,8,0.0,519,87,0.0,0.0,0,3,30,372,Survey,101,0.0,0.3323,307,80,1,344
BG-42-002192,Highway,Tamil Nadu,Salem,104.42,266,5,1,1,1,91.05,1,94.91,9,21,80.41,77.75,193,1,34,211,Compensation,100,100.0,0.344,171,31,0,0
BG-42-002193,Highway,Uttar Pradesh,Agra,217.77,377,8,4,10,3,72.66,7,52.53,111,67,57.09,49.96,209,8,154,239,Rehabilitation & Resettlement,168,69.39,0.7481,292,131,1,447
BG-42-002194,Railway,Maharashtra,Nagpur,180.0,353,8,1,5,0,89.8,2,23.94,253,71,8.72,0.0,29,0,24,199,Notification,45,22.01,0.1844,509,84,0,0
BG-42-002195,Highway,Maharashtra,Thane,138.03,199,7,2,5,1,89.44,5,47.47,93,62,42.31,39.32,75,2,28,121,Compensation,100,66.73,0.3156,330,73,1,235
BG-42-002196,Highway,Rajasthan,Kota,66.22,143,6,2,6,0,80.88,7,92.07,8,10,77.04,73.76,106,0,5,91,Rehabilitation & Resettlement,107,88.93,0.405,282,160,0,0
BG-42-002197,Highway,Maharashtra,Nagpur,126.7,268,6,2,2,0,51.39,7,0.0,197,98,0.0,0.0,0,2,24,171,Notification,117,0.0,0.6344,72,77,1,317
BG-42-002198,Highway,Gujarat,Surat,269.35,516,7,0,11,2,75.29,9,46.14,167,45,26.19,20.94,132,3,23,347,Award,27,48.59,0.6376,202,121,1,255
BG-42-002199,Metro,Uttar Pradesh,Lucknow,91.51,91,5,1,4,2,77.6,7,70.25,24,15,59.79,55.69,48,2,41,87,Objections,96,73.47,0.2459,325,57,0,0
BG-42-002200,Power Transmission,Karnataka,Mysuru,392.04,654,11,0,3,2,80.64,2,51.76,244,44,94.6,84.84,563,0,0,252,Compensation,46,97.15,0.4519,54,70,0,0
BG-42-002201,Power Transmission,Rajasthan,Udaipur,25.8,71,3,0,3,1,80.85,2,9.54,47,78,15.5,0.0,11,1,7,118,Survey,73,34.73,0.2106,397,29,0,0
BG-42-002202,Power Transmission,Rajasthan,Kota,23.68,35,1,0,2,0,81.13,0,100.0,0,0,100.0,91.51,32,0,24,98,Possession,26,100.0,0.4106,7,21,0,0
BG-42-002203,Industrial Corridor,Gujarat,Rajkot,188.76,380,8,3,11,7,65.24,7,72.79,69,58,65.16,50.06,233,3,58,249,Possession,241,100.0,0.5219,60,115,1,485
BG-42-002204,Irrigation,Karnataka,Bengaluru Urban,44.48,8,4,0,1,0,72.25,1,0.0,6,77,18.24,18.81,1,5,63,23,Survey,131,32.2,0.3755,178,31,1,237
BG-42-002205,Metro,Rajasthan,Jaipur,439.07,768,8,0,13,2,75.33,10,33.77,325,59,9.84,7.75,70,3,42,451,Objections,64,16.21,0.242,48,145,1,382
BG-42-002206,Industrial Corridor,Telangana,Warangal,249.6,651,8,2,12,4,79.01,7,39.47,351,50,50.85,58.91,329,6,101,389,Compensation,117,67.45,0.2418,389,119,1,385
BG-42-002207,Railway,Tamil Nadu,Coimbatore,304.92,640,9,0,12,2,100.0,5,56.83,170,36,23.03,2.55,134,2,25,353,Rehabilitation & Resettlement,88,67.63,0.5829,166,100,0,0
BG-42-002208,Railway,Telangana,Karimnagar,173.74,416,9,0,10,1,80.87,4,27.22,242,102,0.0,8.56,0,4,19,263,Award,78,23.2,0.4113,162,70,1,324
BG-42-002209,Railway,Gujarat,Surat,40.97,3,4,0,1,1,100.0,0,15.32,2,81,14.13,2.14,0,0,6,0,Survey,90,35.45,0.5439,383,18,0,0
BG-42-002210,Highway,Uttar Pradesh,Varanasi,22.7,26,4,1,0,1,86.43,0,0.0,17,86,0.0,0.0,0,2,28,23,Survey,82,0.0,0.1837,272,54,0,0
BG-42-002211,Power Transmission,Madhya Pradesh,Jabalpur,283.22,471,9,0,8,4,84.55,7,82.25,78,0,88.49,83.78,370,5,99,233,Possession,126,100.0,0.2359,7,88,1,187
BG-42-002212,Highway,Madhya Pradesh,Indore,25.8,86,3,0,0,0,95.02,2,19.92,56,62,22.49,9.66,19,0,0,131,Award,81,76.9,0.018,433,1,0,0
BG-42-002213,Industrial Corridor,Karnataka,Kalaburagi,304.27,528,8,1,8,2,100.0,5,84.34,65,14,83.78,83.87,435,2,49,303,Possession,81,100.0,0.3846,143,79,1,259
BG-42-002214,Power Transmission,Madhya Pradesh,Bhopal,146.3,216,8,0,5,0,89.24,0,51.7,89,51,55.54,53.98,115,2,27,148,Award,36,50.4,0.1758,33,47,0,0
BG-42-002215,Metro,Maharashtra,Pune,80.56,154,6,0,1,0,100.0,0,94.33,7,0,100.0,100.0,141,0,51,111,Possession,4,100.0,0.6238,7,49,0,0
BG-42-002216,Highway,Karnataka,Belagavi,121.95,219,5,1,6,2,87.58,3,0.0,121,103,0.0,0.0,0,1,37,200,Notification,110,0.0,0.4508,421,99,0,0
BG-42-002217,Railway,Maharashtra,Nagpur,124.24,214,5,0,6,0,72.04,4,38.47,100,50,26.58,21.98,56,4,86,182,Survey,49,10.24,0.3431,453,89,1,279
BG-42-002218,Railway,Tamil Nadu,Coimbatore,72.83,94,4,1,1,2,92.96,1,75.41,20,4,78.06,69.95,68,2,0,91,Possession,73,97.01,0.3958,294,29,0,0
BG-42-002219,Irrigation,Madhya Pradesh,Gwalior,267.88,228,10,2,7,5,86.14,3,88.29,16,43,95.27,87.82,196,1,31,152,Possession,98,100.0,0.3798,97,81,0,0
BG-42-002220,Industrial Corridor,Rajasthan,Jaipur,260.63,355,6,1,6,5,88.04,3,18.57,220,68,39.57,19.94,127,3,38,295,Objections,138,68.48,0.2392,56,51,1,250
BG-42-002221,Industrial Corridor,Rajasthan,Jodhpur,96.98,123,7,2,2,1,65.79,2,28.33,78,58,1.55,0.0,2,9,144,107,Objections,132,14.87,0.4463,98,58,1,334
BG-42-002222,Metro,Maharashtra,Pune,52.98,197,5,0,2,1,80.78,1,67.59,54,30,74.72,76.55,135,0,14,135,Award,89,50.45,0.2157,7,50,0,0
BG-42-002223,Industrial Corridor,Rajasthan,Jaipur,243.41,203,8,0,4,0,62.74,0,66.59,49,39,65.36,56.79,124,4,67,137,Award,89,60.83,0.5486,159,86,1,202
BG-42-002224,Industrial Corridor,Uttar Pradesh,Varanasi,16.98,35,3,3,2,0,97.88,1,14.95,19,79,34.24,40.12,12,1,41,78,Survey,70,75.68,0.5765,194,42,1,299
BG-42-002225,Highway,Uttar Pradesh,Varanasi,122.13,219,8,1,2,1,74.44,4,100.0,0,21,100.0,97.79,205,2,56,89,Possession,85,100.0,0.58,149,25,0,0
BG-42-002226,Highway,Tamil Nadu,Madurai,154.73,355,7,0,3,0,92.69,1,34.42,204,41,6.86,10.7,22,3,44,191,Objections,44,28.67,0.7124,158,25,1,246
BG-42-002227,Highway,Karnataka,Kalaburagi,44.14,64,3,0,1,0,100.0,2,53.49,28,63,71.71,67.25,42,0,0,79,Compensation,8,72.28,0.1142,144,23,0,0
BG-42-002228,Metro,Madhya Pradesh,Bhopal,186.61,428,6,1,8,4,72.01,4,0.0,334,61,0.0,0.0,0,12,160,287,Notification,207,0.0,0.6778,346,91,1,472
BG-42-002229,Irrigation,Rajasthan,Kota,83.84,227,4,0,5,1,69.42,3,0.0,208,75,0.0,8.22,0,1,42,229,Notification,23,7.78,0.4705,398,57,1,266
BG-42-002230,Industrial Corridor,Uttar Pradesh,Lucknow,55.34,118,6,0,0,1,86.8,3,73.4,23,45,53.57,51.21,60,0,17,66,Compensation,27,91.32,0.2841,311,26,0,0
BG-42-002231,Metro,Maharashtra,Thane,185.04,210,9,2,12,6,68.32,7,41.24,79,52,19.51,26.59,40,2,53,206,Objections,147,68.72,0.2167,56,113,1,411
BG-42-002232,Irrigation,Telangana,Nizamabad,35.93,27,6,1,1,0,100.0,1,89.63,2,11,92.45,87.02,24,2,49,22,Compensation,106,98.55,0.3332,133,62,0,0
BG-42-002233,Highway,Uttar Pradesh,Agra,171.63,186,7,1,4,1,85.24,1,0.0,155,62,0.0,0.0,0,4,67,116,Survey,84,22.05,0.4084,398,56,1,329
BG-42-002234,Highway,Uttar Pradesh,Varanasi,17.53,34,2,0,2,2,92.93,1,85.72,4,33,83.39,95.2,26,1,12,69,Possession,45,100.0,0.1522,168,35,0,0
BG-42-002235,Irrigation,Gujarat,Surat,107.62,239,5,2,3,3,100.0,1,31.46,148,69,43.94,34.68,96,5,84,215,Rehabilitation & Resettlement,122,87.97,0.639,26,61,1,373
BG-42-002236,Irrigation,Karnataka,Belagavi,88.68,133,4,2,2,4,89.24,1,100.0,0,28,100.0,87.0,118,1,0,147,Possession,53,100.0,0.2053,402,45,0,0
BG-42-002237,Industrial Corridor,Rajasthan,Udaipur,55.6,137,5,3,6,1,75.95,4,29.88,87,82,12.11,16.32,15,2,9,121,Survey,73,23.34,0.147,188,95,1,235
BG-42-002238,Highway,Telangana,Hyderabad,116.94,235,8,0,6,3,71.73,5,34.53,133,26,33.49,16.76,76,2,45,158,Objections,67,43.18,0.342,156,61,1,233
BG-42-002239,Irrigation,Uttar Pradesh,Agra,80.35,141,7,2,3,2,89.86,2,46.13,71,25,36.07,41.85,46,1,14,83,Objections,115,57.7,0.6605,249,81,0,0
BG-42-002240,Power Transmission,Maharashtra,Nagpur,199.09,346,7,2,4,2,69.66,5,40.82,180,51,53.51,52.01,173,2,25,173,Compensation,65,44.74,0.3299,193,73,0,0
BG-42-002241,Industrial Corridor,Karnataka,Bengaluru Urban,134.04,200,4,1,6,2,76.24,2,0.74,141,121,4.54,4.63,8,5,78,220,Objections,96,0.0,0.2496,27,76,1,374
BG-42-002242,Highway,Maharashtra,Thane,123.0,314,5,0,5,3,70.17,7,0.0,272,79,9.94,11.48,31,4,53,288,Notification,123,12.76,0.2067,326,43,1,369
BG-42-002243,Metro,Rajasthan,Jaipur,108.15,168,7,0,1,0,81.57,2,48.11,70,77,27.91,17.04,44,2,36,102,Objections,63,89.66,0.201,319,8,0,0
BG-42-002244,Power Transmission,Tamil Nadu,Madurai,58.69,122,5,0,3,0,89.9,1,5.72,106,55,45.3,34.51,53,1,1,104,Objections,83,60.38,0.166,299,23,0,0
BG-42-002245,Power Transmission,Karnataka,Bengaluru Urban,67.26,203,5,0,3,1,92.57,2,85.5,25,28,68.51,73.75,136,2,39,184,Award,44,91.96,0.4171,263,27,0,0
BG-42-002246,Industrial Corridor,Gujarat,Ahmedabad,104.44,115,5,1,3,3,81.02,3,50.25,42,61,10.3,3.23,11,4,54,121,Survey,103,41.54,0.4068,46,46,0,0
BG-42-002247,Metro,Karnataka,Belagavi,74.54,151,4,1,4,3,66.83,5,32.17,95,40,9.2,4.93,13,2,61,158,Objections,146,45.6,0.6773,217,49,0,0
BG-42-002248,Industrial Corridor,Tamil Nadu,Madurai,208.34,221,6,0,6,0,86.14,3,84.55,26,0,82.73,81.85,162,4,47,205,Compensation,60,78.95,0.4018,385,65,0,0
BG-42-002249,Metro,Madhya Pradesh,Jabalpur,92.27,131,8,1,2,3,84.9,3,12.73,75,106,27.98,31.54,35,1,35,55,Award,51,35.27,0.2257,244,62,1,265
BG-42-002250,Railway,Maharashtra,Nashik,115.67,285,8,1,5,1,80.78,1,4.02,154,70,18.63,3.2,49,1,13,194,Objections,57,20.83,0.3962,289,63,1,385
BG-42-002251,Highway,Karnataka,Kalaburagi,27.88,3,3,0,3,0,88.85,3,66.44,1,53,83.84,85.63,2,2,66,47,Compensation,36,70.12,0.3576,42,45,0,0
BG-42-002252,Highway,Tamil Nadu,Chennai,182.11,202,5,2,4,2,85.31,2,89.77,19,10,96.42,100.0,172,3,55,178,Rehabilitation & Resettlement,96,100.0,0.3013,141,69,0,0
BG-42-002253,Power Transmission,Rajasthan,Udaipur,53.79,63,5,0,2,0,64.64,1,53.62,26,61,78.34,79.98,44,0,13,57,Award,46,78.04,0.3014,172,20,0,0
BG-42-002254,Highway,Karnataka,Mysuru,37.18,77,4,3,1,4,54.74,6,31.91,40,71,15.16,24.12,11,5,104,38,Compensation,169,40.82,1.0,239,86,1,342
BG-42-002255,Highway,Madhya Pradesh,Jabalpur,319.56,399,10,1,6,1,86.21,3,92.77,17,31,89.52,85.12,350,2,34,174,Possession,76,100.0,0.8036,191,63,0,0
BG-42-002256,Irrigation,Maharashtra,Thane,149.62,311,8,2,5,1,85.75,5,17.23,207,94,83.82,69.53,250,3,99,178,Compensation,106,55.89,0.662,109,59,1,328
BG-42-002257,Industrial Corridor,Madhya Pradesh,Indore,187.11,297,6,3,5,5,77.48,5,38.83,163,95,56.94,59.27,149,4,94,200,Possession,137,84.76,0.4702,170,63,0,0
BG-42-002258,Highway,Rajasthan,Jodhpur,123.17,277,8,2,3,7,59.49,3,81.28,32,55,46.8,44.94,121,1,9,128,Rehabilitation & Resettlement,71,100.0,0.4675,194,50,0,0
BG-42-002259,Railway,Maharashtra,Thane,79.48,116,5,1,7,2,70.04,7,0.0,83,103,0.0,12.9,0,3,58,151,Notification,91,0.0,0.4157,289,108,1,327
BG-42-002260,Power Transmission,Maharashtra,Thane,68.46,132,6,3,5,2,67.14,4,0.0,123,95,0.0,0.17,0,6,113,96,Award,113,0.0,0.2811,365,81,1,379
BG-42-002261,Railway,Maharashtra,Pune,159.7,196,7,1,4,0,95.44,1,74.07,37,0,59.63,64.65,105,0,27,132,Compensation,176,73.53,0.5,179,61,0,0
BG-42-002262,Metro,Tamil Nadu,Madurai,211.88,242,9,2,6,2,82.26,3,55.26,94,48,90.23,85.65,204,1,15,126,Possession,106,100.0,0.5733,7,84,1,195
BG-42-002263,Metro,Tamil Nadu,Coimbatore,81.08,127,3,0,3,0,90.41,1,63.45,29,29,42.28,40.64,49,1,15,149,Award,84,65.59,0.2374,221,36,1,128
BG-42-002264,Highway,Gujarat,Vadodara,449.45,837,11,0,5,2,70.07,5,43.32,357,78,48.05,55.92,364,2,49,326,Survey,55,53.56,0.2232,289,84,0,0
BG-42-002265,Industrial Corridor,Tamil Nadu,Coimbatore,73.12,132,4,3,3,4,84.59,1,82.29,16,58,64.57,67.8,83,4,67,118,Compensation,98,76.6,0.5044,213,78,0,0
BG-42-002266,Highway,Gujarat,Ahmedabad,28.07,3,4,1,1,0,95.53,1,5.46,2,88,16.18,36.85,0,1,10,0,Survey,154,11.34,0.6452,380,40,1,244
BG-42-002267,Metro,Tamil Nadu,Salem,21.6,3,5,0,1,0,90.92,0,76.43,1,34,71.47,77.1,2,2,15,53,Rehabilitation & Resettlement,57,91.55,0.5073,138,29,0,0
BG-42-002268,Highway,Tamil Nadu,Madurai,22.19,47,3,0,1,0,100.0,2,52.12,21,75,51.11,49.77,21,0,0,53,Award,37,66.56,0.1903,87,33,0,0
BG-42-002269,Highway,Tamil Nadu,Coimbatore,61.49,78,4,0,3,1,100.0,1,74.12,15,13,92.11,92.37,66,0,0,76,Rehabilitation & Resettlement,9,100.0,0.2908,7,33,0,0
BG-42-002270,Highway,Tamil Nadu,Chennai,71.12,84,5,2,4,5,87.24,3,71.26,17,43,84.79,88.37,64,0,5,112,Rehabilitation & Resettlement,74,88.69,0.27,316,64,0,0
BG-42-002271,Power Transmission,Telangana,Hyderabad,147.83,191,6,1,1,1,100.0,0,100.0,0,0,100.0,100.0,177,1,33,106,Compensation,121,95.55,0.2738,110,19,0,0
BG-42-002272,Highway,Karnataka,Mysuru,83.69,193,4,2,5,1,98.93,3,68.06,47,54,73.39,70.2,132,2,65,201,Compensation,74,90.47,0.2844,130,58,1,185
BG-42-002273,Railway,Tamil Nadu,Madurai,168.12,250,7,0,2,1,80.7,2,68.14,60,22,77.87,62.28,175,0,0,137,Rehabilitation & Resettlement,23,100.0,0.0353,494,93,0,0
BG-42-002274,Highway,Madhya Pradesh,Indore,88.76,86,6,1,3,0,89.26,1,89.19,6,0,82.93,87.67,64,3,53,88,Rehabilitation & Resettlement,87,100.0,0.133,7,55,0,0
BG-42-002275,Power Transmission,Gujarat,Vadodara,86.56,215,6,3,2,3,95.72,4,65.31,54,70,35.63,42.47,75,2,51,150,Rehabilitation & Resettlement,106,75.78,0.2717,223,80,1,310
BG-42-002276,Metro,Karnataka,Mysuru,53.95,38,4,0,2,1,71.21,4,0.0,33,84,0.0,0.0,0,6,75,82,Notification,82,0.0,0.4965,457,71,1,254
BG-42-002277,Irrigation,Telangana,Hyderabad,267.22,521,7,5,10,5,51.11,10,36.35,238,106,40.9,50.54,190,2,46,366,Compensation,126,61.3,0.7507,123,156,1,526
BG-42-002278,Industrial Corridor,Karnataka,Belagavi,25.15,79,4,0,0,1,81.8,3,0.86,49,107,2.82,7.97,2,0,0,72,Survey,39,29.08,0.6576,219,11,0,0
BG-42-002279,Metro,Karnataka,Bengaluru Urban,108.97,171,6,5,5,4,65.68,5,56.7,43,70,62.27,62.9,101,1,76,171,Rehabilitation & Resettlement,164,69.36,0.6135,7,123,1,420
BG-42-002280,Industrial Corridor,Uttar Pradesh,Lucknow,74.05,131,5,2,4,3,98.5,3,47.67,58,31,67.04,61.49,82,2,44,149,Compensation,60,88.64,0.294,218,58,0,0
BG-42-002281,Highway,Gujarat,Ahmedabad,160.04,253,6,0,2,1,86.52,4,47.07,106,55,25.25,16.34,57,0,19,151,Award,97,49.25,0.6256,176,101,1,248
BG-42-002282,Irrigation,Karnataka,Mysuru,84.21,141,6,2,3,1,66.08,6,44.48,53,53,42.65,45.72,54,0,22,128,Survey,118,57.34,0.4392,335,76,0,0
BG-42-002283,Irrigation,Telangana,Nizamabad,86.22,243,4,0,7,3,65.15,7,0.0,171,126,7.32,8.38,16,1,43,323,Objections,42,7.54,0.6288,103,81,1,306
BG-42-002284,Railway,Karnataka,Kalaburagi,69.18,168,5,0,3,0,100.0,1,78.43,25,33,88.89,84.73,147,0,0,133,Compensation,80,98.43,0.3856,402,25,0,0
BG-42-002285,Industrial Corridor,Telangana,Hyderabad,261.02,315,8,0,5,1,77.52,6,10.84,188,103,20.18,5.06,59,1,15,181,Survey,39,27.04,0.3274,83,99,1,256
BG-42-002286,Highway,Maharashtra,Pune,85.79,173,6,0,4,2,81.65,1,29.67,69,66,38.54,41.7,63,2,23,87,Survey,114,20.61,0.2056,396,28,0,0
BG-42-002287,Metro,Uttar Pradesh,Lucknow,413.94,904,12,2,17,2,100.0,7,78.65,141,58,100.0,100.0,880,6,79,414,Possession,114,100.0,0.3649,199,216,1,540
BG-42-002288,Power Transmission,Gujarat,Surat,106.46,184,4,2,4,4,81.28,0,63.53,60,56,71.61,71.65,124,2,4,207,Rehabilitation & Resettlement,81,100.0,0.3426,352,71,0,0
BG-42-002289,Irrigation,Tamil Nadu,Chennai,87.13,117,3,3,4,2,51.71,5,0.0,110,95,0.0,0.0,0,2,53,175,Survey,71,8.77,0.5659,208,57,1,326
BG-42-002290,Railway,Rajasthan,Jodhpur,76.23,165,5,1,5,0,88.96,2,6.57,91,106,41.93,31.85,63,0,23,168,Objections,47,8.39,0.2131,484,56,1,259
BG-42-002291,Industrial Corridor,Gujarat,Rajkot,134.48,224,5,1,5,0,96.37,2,98.79,2,0,83.77,87.55,166,4,89,217,Possession,74,92.66,0.2706,119,64,0,0
BG-42-002292,Industrial Corridor,Gujarat,Surat,53.48,151,1,2,2,5,100.0,1,56.27,48,77,71.68,84.62,99,3,50,500,Compensation,119,67.32,0.3311,7,44,0,0
BG-42-002293,Highway,Uttar Pradesh,Varanasi,96.22,235,8,1,6,3,76.42,3,77.63,32,56,100.0,91.2,226,1,5,138,Compensation,69,74.33,0.1367,240,81,0,0
BG-42-002294,Industrial Corridor,Telangana,Nizamabad,86.19,202,6,3,8,4,83.08,6,0.0,161,111,0.0,0.0,0,4,57,202,Objections,123,6.88,0.3942,299,93,0,0
BG-42-002295,Industrial Corridor,Gujarat,Ahmedabad,111.07,110,7,0,1,0,100.0,0,54.63,41,32,37.51,32.61,40,0,0,77,Objections,44,64.05,0.4956,365,9,0,0
BG-42-002296,Power Transmission,Tamil Nadu,Chennai,113.3,249,6,0,5,1,82.05,3,13.82,178,54,2.61,10.99,6,2,34,177,Notification,149,3.91,0.2784,480,52,1,335
BG-42-002297,Irrigation,Gujarat,Surat,118.11,257,7,0,6,1,88.08,2,91.75,20,27,79.36,89.27,198,0,0,187,Rehabilitation & Resettlement,23,100.0,0.1316,250,65,0,0
BG-42-002298,Highway,Madhya Pradesh,Indore,92.38,90,5,0,1,0,70.52,1,0.0,55,96,0.32,0.0,0,2,31,69,Notification,23,4.25,0.1703,103,21,1,197
BG-42-002299,Highway,Telangana,Hyderabad,300.41,278,10,0,5,3,74.39,3,0.0,240,50,0.0,0.0,0,3,23,161,Notification,62,2.14,0.2569,199,87,1,283
BG-42-002300,Highway,Gujarat,Vadodara,120.07,106,6,2,2,4,61.48,5,92.77,6,14,52.6,51.07,54,3,54,95,Rehabilitation & Resettlement,116,99.48,0.2331,260,46,0,0
BG-42-002301,Highway,Telangana,Warangal,688.69,1227,13,0,18,3,80.29,14,100.0,0,0,98.87,85.51,1151,1,55,486,Possession,23,100.0,0.0885,170,118,0,0
BG-42-002302,Metro,Telangana,Warangal,89.11,147,6,1,4,3,96.68,2,46.85,52,51,47.34,32.75,68,2,43,110,Rehabilitation & Resettlement,230,81.52,0.5961,247,35,0,0
BG-42-002303,Irrigation,Tamil Nadu,Madurai,184.4,194,9,1,4,2,60.33,6,39.06,74,49,62.72,64.02,119,4,44,91,Award,174,43.48,0.4668,29,70,0,0
BG-42-002304,Metro,Gujarat,Rajkot,47.9,38,5,0,1,0,71.57,4,60.24,12,38,35.84,50.25,12,1,69,53,Award,97,72.22,0.0867,352,24,0,0
BG-42-002305,Industrial Corridor,Karnataka,Kalaburagi,262.6,603,7,0,8,4,83.25,2,40.36,238,33,26.7,45.32,147,2,50,415,Award,55,62.56,0.6944,255,59,1,265
BG-42-002306,Railway,Tamil Nadu,Salem,48.74,120,5,1,4,1,88.51,4,26.78,79,93,49.11,45.29,58,3,62,123,Objections,161,51.0,0.3779,112,55,1,270
BG-42-002307,Railway,Madhya Pradesh,Indore,123.31,188,7,1,5,4,88.18,4,81.96,32,0,92.49,84.12,173,2,34,116,Compensation,68,65.84,0.5616,251,143,1,192
BG-42-002308,Power Transmission,Tamil Nadu,Chennai,69.3,197,5,1,4,1,71.52,6,42.54,101,73,37.29,27.25,70,1,40,206,Award,33,48.9,0.6529,114,39,1,242
BG-42-002309,Industrial Corridor,Telangana,Hyderabad,122.93,223,6,1,3,1,82.34,1,59.16,77,63,71.17,86.88,148,1,39,185,Compensation,73,69.14,0.4295,180,35,0,0
BG-42-002310,Railway,Uttar Pradesh,Kanpur Nagar,70.96,137,4,1,2,2,90.91,2,100.0,0,0,79.22,68.19,102,1,9,165,Possession,116,100.0,0.3573,214,39,0,0
BG-42-002311,Irrigation,Karnataka,Mysuru,45.54,108,5,1,5,2,100.0,3,94.04,6,7,76.39,74.49,81,1,46,115,Possession,52,100.0,0.4953,94,78,0,0
BG-42-002312,Metro,Maharashtra,Pune,68.9,86,4,0,4,1,75.41,4,22.55,57,68,3.63,10.07,3,2,47,105,Notification,88,28.53,0.4888,230,46,1,268
BG-42-002313,Highway,Rajasthan,Jaipur,293.91,635,9,0,20,5,82.96,9,0.0,491,53,0.0,0.0,0,5,66,408,Award,69,35.26,0.4176,155,145,1,542
BG-42-002314,Metro,Uttar Pradesh,Lucknow,124.44,235,6,0,1,0,85.86,0,59.51,87,33,84.43,94.55,178,3,33,134,Survey,75,82.25,0.1431,478,44,0,0
BG-42-002315,Industrial Corridor,Rajasthan,Kota,30.54,86,5,1,6,0,75.09,6,39.43,34,32,63.72,50.74,55,1,51,119,Objections,33,65.72,0.2433,7,68,0,0
BG-42-002316,Railway,Maharashtra,Nashik,205.68,317,10,1,7,4,82.97,5,13.65,205,76,31.05,23.25,94,0,7,169,Objections,31,24.05,0.396,237,71,0,0
BG-42-002317,Power Transmission,Tamil Nadu,Chennai,41.96,61,3,0,2,3,59.97,3,12.78,35,64,0.31,0.0,0,0,8,92,Survey,33,0.0,0.2431,165,30,1,118
BG-42-002318,Metro,Maharashtra,Nagpur,155.2,168,7,2,6,2,63.85,7,44.56,66,63,66.45,63.39,98,1,13,146,Rehabilitation & Resettlement,137,98.15,0.3859,7,61,1,294
BG-42-002319,Metro,Tamil Nadu,Salem,133.29,198,6,2,8,1,58.41,6,47.14,89,50,30.47,36.87,58,1,14,180,Award,55,56.08,0.4817,163,76,1,247
BG-42-002320,Power Transmission,Madhya Pradesh,Indore,140.2,208,7,2,2,1,81.05,1,98.12,3,22,100.0,80.88,207,4,102,94,Possession,85,100.0,0.5747,7,80,0,0
BG-42-002321,Metro,Karnataka,Mysuru,377.12,305,10,0,6,4,91.38,4,0.0,179,72,14.14,10.72,42,0,33,139,Notification,34,0.0,0.3919,257,51,1,261
BG-42-002322,Railway,Gujarat,Surat,44.13,76,4,1,3,0,78.01,0,6.37,43,24,29.11,30.35,20,0,35,93,Notification,48,23.76,0.171,243,79,1,252
BG-42-002323,Highway,Maharashtra,Nashik,139.58,322,7,2,5,4,79.66,4,0.0,201,90,2.4,7.57,8,1,39,205,Award,123,2.39,0.1495,301,59,1,318
BG-42-002324,Railway,Rajasthan,Jodhpur,234.55,485,8,1,6,4,64.91,3,0.0,331,64,0.0,0.0,0,3,25,229,Notification,129,0.0,0.257,312,140,0,0
BG-42-002325,Railway,Madhya Pradesh,Gwalior,51.18,98,7,1,1,0,90.64,0,30.13,44,83,66.81,64.06,58,0,22,56,Objections,79,45.87,0.0859,317,61,0,0
BG-42-002326,Highway,Tamil Nadu,Salem,47.15,74,4,2,0,1,79.65,1,92.4,4,0,90.56,90.06,60,5,90,76,Possession,158,100.0,0.6059,236,45,0,0
BG-42-002327,Industrial Corridor,Karnataka,Mysuru,68.05,98,5,0,3,1,71.03,5,0.0,65,104,7.02,10.03,7,2,31,114,Survey,50,0.0,0.6276,243,35,1,166
BG-42-002328,Highway,Rajasthan,Udaipur,111.03,238,7,0,4,1,85.32,0,25.2,128,75,23.19,34.58,54,0,19,162,Survey,83,30.92,0.3024,210,56,0,0
BG-42-002329,Highway,Tamil Nadu,Salem,27.71,49,4,2,5,1,77.14,5,27.98,27,75,49.92,47.62,23,1,68,109,Compensation,82,79.27,0.2099,7,75,1,302
BG-42-002330,Industrial Corridor,Madhya Pradesh,Bhopal,133.1,315,6,0,4,1,100.0,4,57.37,124,61,57.35,60.26,176,0,0,227,Award,2,86.46,0.3176,112,39,0,0
BG-42-002331,Highway,Telangana,Warangal,27.75,115,6,0,3,3,80.35,3,57.92,37,0,68.37,50.53,75,3,49,62,Compensation,97,62.86,0.4009,145,32,0,0
BG-42-002332,Industrial Corridor,Gujarat,Vadodara,240.97,314,6,1,8,1,69.07,6,18.95,199,72,8.49,4.66,24,3,32,245,Award,88,22.01,0.4962,70,81,1,247
BG-42-002333,Industrial Corridor,Gujarat,Surat,129.16,89,5,0,1,1,100.0,0,90.61,6,12,89.07,92.78,72,0,18,86,Rehabilitation & Resettlement,6,100.0,0.1837,186,47,0,0
BG-42-002334,Railway,Rajasthan,Jodhpur,395.64,573,11,0,8,3,67.77,4,9.73,443,69,0.0,7.1,0,2,27,229,Survey,76,11.89,0.746,256,71,1,272
BG-42-002335,Highway,Gujarat,Surat,146.21,226,6,2,5,4,92.81,3,20.72,108,79,0.0,0.0,0,3,60,188,Award,132,35.47,0.3719,131,65,0,0
BG-42-002336,Metro,Uttar Pradesh,Varanasi,67.1,164,4,3,7,1,100.0,4,50.78,74,55,53.49,50.97,80,0,14,170,Compensation,138,99.69,0.7009,17,91,1,329
BG-42-002337,Highway,Madhya Pradesh,Indore,45.2,88,4,2,6,2,65.37,11,50.52,26,29,58.91,53.01,51,4,57,159,Rehabilitation & Resettlement,78,55.8,0.5541,7,85,1,291
BG-42-002338,Metro,Tamil Nadu,Madurai,103.66,150,5,2,6,2,75.81,6,28.82,78,81,41.29,49.02,58,4,24,161,Objections,100,40.73,0.4116,269,146,0,0
BG-42-002339,Industrial Corridor,Maharashtra,Pune,83.58,141,6,2,2,2,67.82,3,66.77,39,32,81.32,66.95,108,4,70,77,Compensation,136,100.0,0.2244,139,52,0,0
BG-42-002340,Industrial Corridor,Gujarat,Rajkot,221.17,528,9,1,13,2,69.73,7,0.0,392,95,0.0,2.92,0,3,44,296,Notification,86,0.0,0.7336,450,113,1,362
BG-42-002341,Metro,Gujarat,Ahmedabad,40.74,56,4,2,2,1,85.78,2,3.13,30,93,5.35,6.51,3,8,120,75,Survey,196,5.74,0.3958,335,100,1,347
BG-42-002342,Irrigation,Madhya Pradesh,Bhopal,431.26,826,12,1,11,1,75.92,7,45.44,345,71,37.79,41.97,275,0,14,324,Notification,30,29.29,0.6257,365,99,1,221
BG-42-002343,Highway,Uttar Pradesh,Lucknow,237.42,409,6,0,9,1,85.1,6,100.0,0,37,72.64,71.82,289,3,55,347,Rehabilitation & Resettlement,42,100.0,0.2145,56,115,0,0
BG-42-002344,Irrigation,Uttar Pradesh,Kanpur Nagar,72.76,186,5,1,6,1,88.05,2,27.25,102,37,15.54,18.07,28,2,69,175,Objections,71,13.79,0.3164,241,95,0,0
BG-42-002345,Power Transmission,Rajasthan,Kota,360.78,387,11,1,2,1,82.39,0,100.0,0,30,82.02,86.36,317,2,22,143,Rehabilitation & Resettlement,37,100.0,0.4452,83,36,0,0
BG-42-002346,Railway,Uttar Pradesh,Agra,45.76,125,6,1,2,1,65.79,4,0.0,89,102,4.48,0.0,5,0,27,124,Notification,21,0.2,0.385,456,31,1,286
BG-42-002347,Highway,Telangana,Warangal,100.93,269,8,1,7,6,81.5,4,74.13,39,37,68.01,64.86,165,4,44,187,Rehabilitation & Resettlement,90,82.01,0.3395,180,52,1,274
BG-42-002348,Highway,Uttar Pradesh,Lucknow,30.84,47,3,0,1,1,86.37,1,87.83,4,32,96.7,100.0,42,4,47,57,Rehabilitation & Resettlement,93,100.0,0.3327,285,9,0,0
BG-42-002349,Irrigation,Telangana,Warangal,375.12,373,11,1,2,0,81.02,1,0.0,294,122,9.52,9.48,31,3,48,125,Notification,65,9.95,0.4692,162,46,1,273
BG-42-002350,Highway,Uttar Pradesh,Lucknow,22.92,70,3,2,0,1,71.79,4,6.19,43,79,0.0,0.0,0,3,71,104,Notification,158,7.61,0.1779,267,47,0,0
BG-42-002351,Irrigation,Karnataka,Mysuru,27.05,30,5,1,2,1,76.75,1,27.64,13,128,19.37,5.22,5,1,3,75,Notification,42,16.92,0.2761,86,49,1,232
BG-42-002352,Metro,Madhya Pradesh,Jabalpur,51.53,70,6,1,4,0,98.21,3,76.61,12,6,93.26,100.0,58,2,14,65,Rehabilitation & Resettlement,137,91.07,0.5931,250,39,0,0
BG-42-002353,Metro,Rajasthan,Jaipur,246.62,336,7,0,10,3,64.35,7,37.45,138,49,32.92,27.38,106,6,79,241,Objections,110,33.82,0.6869,188,81,1,227
BG-42-002354,Industrial Corridor,Gujarat,Rajkot,183.81,195,5,3,2,1,62.73,3,12.81,116,101,48.19,28.67,92,2,0,141,Compensation,186,51.7,0.5075,295,69,0,0
BG-42-002355,Highway,Rajasthan,Jaipur,94.41,179,8,0,3,1,91.2,2,38.02,64,46,28.11,21.88,48,1,37,111,Award,52,51.28,0.3537,7,67,0,0
BG-42-002356,Railway,Tamil Nadu,Madurai,193.47,320,8,1,2,3,82.04,2,48.71,122,49,64.08,68.64,195,1,38,192,Rehabilitation & Resettlement,60,95.16,0.3115,54,66,0,0
BG-42-002357,Irrigation,Madhya Pradesh,Gwalior,78.07,166,5,1,7,2,66.56,5,10.53,122,92,0.0,0.0,0,2,37,196,Award,80,10.32,0.2834,57,74,0,0
BG-42-002358,Highway,Tamil Nadu,Salem,120.05,199,6,0,2,1,100.0,1,50.75,66,49,69.96,79.19,137,0,19,136,Award,18,73.76,0.1472,425,26,0,0
BG-42-002359,Irrigation,Madhya Pradesh,Jabalpur,320.98,458,7,0,4,0,80.21,3,100.0,0,36,86.83,76.43,384,1,0,262,Possession,95,100.0,0.5226,76,44,0,0
BG-42-002360,Irrigation,Uttar Pradesh,Varanasi,70.3,106,5,2,4,2,80.54,4,7.59,63,114,7.11,9.07,7,3,68,122,Survey,111,17.82,0.3047,214,62,1,364
BG-42-002361,Highway,Maharashtra,Pune,46.38,111,4,0,5,0,89.15,5,74.78,21,16,82.99,87.83,90,0,18,108,Rehabilitation & Resettlement,38,84.0,0.0,38,37,0,0
BG-42-002362,Metro,Maharashtra,Pune,124.75,133,6,0,1,0,96.87,4,0.0,89,91,3.42,3.83,4,2,0,94,Notification,123,12.28,0.5492,310,22,0,0
BG-42-002363,Highway,Madhya Pradesh,Indore,154.81,284,7,0,2,0,99.99,2,0.0,249,102,4.99,8.4,14,0,8,206,Award,40,17.64,0.1725,190,26,1,246
BG-42-002364,Industrial Corridor,Rajasthan,Kota,93.54,182,2,0,3,1,100.0,2,100.0,0,0,100.0,100.0,175,1,12,319,Possession,30,100.0,0.1172,197,26,0,0
BG-42-002365,Irrigation,Uttar Pradesh,Varanasi,191.08,347,8,1,4,0,87.27,0,71.72,76,37,42.49,45.21,139,2,2,137,Compensation,60,89.27,0.8496,7,85,0,0
BG-42-002366,Irrigation,Telangana,Karimnagar,72.89,72,5,1,0,1,87.02,1,77.69,10,21,85.62,68.99,59,2,33,85,Compensation,52,67.32,0.5228,436,43,0,0
BG-42-002367,Irrigation,Rajasthan,Jodhpur,94.83,38,6,1,2,1,100.0,0,24.01,16,70,4.28,1.97,2,1,35,34,Objections,161,31.35,0.3327,370,55,0,0
BG-42-002368,Highway,Gujarat,Rajkot,115.54,277,6,0,3,3,61.0,2,35.46,160,91,26.56,28.69,66,1,0,187,Award,91,44.39,0.456,66,38,1,198
BG-42-002369,Metro,Gujarat,Surat,107.76,214,6,1,6,6,72.32,6,41.05,105,73,70.32,78.24,146,1,37,193,Objections,60,55.9,0.3439,313,77,0,0
BG-42-002370,Highway,Karnataka,Bengaluru Urban,311.26,671,9,1,8,4,82.72,2,20.78,304,82,34.57,35.74,215,2,59,341,Compensation,64,20.19,0.2925,277,97,1,402
BG-42-002371,Irrigation,Maharashtra,Nagpur,115.08,213,6,0,8,3,93.37,3,29.01,87,49,65.68,66.03,136,0,0,227,Award,85,68.54,0.495,290,112,1,262
BG-42-002372,Highway,Gujarat,Ahmedabad,67.15,113,6,0,3,2,85.85,0,5.56,101,102,11.6,15.39,13,3,16,106,Objections,46,45.78,0.2877,112,31,0,0
BG-42-002373,Highway,Maharashtra,Nashik,130.63,240,7,6,8,9,69.03,6,1.44,198,94,0.0,0.79,0,5,127,199,Objections,175,30.44,0.3765,287,118,1,571
BG-42-002374,Highway,Gujarat,Rajkot,191.92,345,10,3,4,1,71.97,6,29.8,141,74,36.61,27.43,120,5,80,176,Objections,241,32.88,0.2684,7,79,1,381
BG-42-002375,Highway,Karnataka,Kalaburagi,159.08,356,6,0,6,1,91.37,2,38.47,136,62,45.07,52.47,148,4,75,226,Objections,45,50.66,0.5336,211,71,1,206
BG-42-002376,Highway,Tamil Nadu,Coimbatore,152.18,393,6,0,6,2,92.24,2,22.05,228,72,24.33,16.5,85,6,79,309,Survey,76,24.09,0.1672,250,50,1,254
BG-42-002377,Highway,Gujarat,Ahmedabad,25.83,46,6,0,2,0,83.01,3,82.12,6,13,71.98,57.13,30,2,6,0,Possession,43,100.0,0.3925,7,16,0,0
BG-42-002378,Power Transmission,Rajasthan,Jaipur,11.66,64,3,1,8,3,71.83,8,62.34,22,28,46.66,47.22,30,2,15,149,Compensation,64,56.99,0.3229,273,101,0,0
BG-42-002379,Power Transmission,Telangana,Hyderabad,237.51,435,9,0,7,1,82.25,5,13.04,307,107,0.0,0.0,0,0,44,233,Survey,23,8.79,0.3803,413,62,0,0
BG-42-002380,Highway,Rajasthan,Udaipur,121.64,166,6,1,6,1,85.89,2,79.07,33,5,70.17,69.44,112,1,0,163,Compensation,44,100.0,0.0584,59,57,0,0
BG-42-002381,Power Transmission,Maharashtra,Thane,84.16,165,5,0,7,0,93.55,3,71.11,32,45,100.0,86.66,146,1,12,123,Rehabilitation & Resettlement,51,100.0,0.1574,216,67,0,0
BG-42-002382,Railway,Telangana,Nizamabad,149.22,208,8,0,6,2,81.59,3,15.76,116,68,0.0,0.0,0,0,0,119,Objections,60,31.93,0.347,126,50,0,0
BG-42-002383,Power Transmission,Karnataka,Belagavi,400.15,358,11,0,4,0,58.74,4,0.0,292,68,21.98,17.08,71,0,0,162,Survey,155,0.0,0.4741,177,34,1,301
BG-42-002384,Railway,Karnataka,Mysuru,265.29,526,7,1,6,1,73.12,3,22.55,370,67,0.0,0.0,0,1,36,337,Notification,36,0.0,0.4837,429,80,1,397
BG-42-002385,Industrial Corridor,Madhya Pradesh,Bhopal,184.89,274,8,1,6,2,74.08,6,1.16,243,85,0.0,0.0,0,4,45,163,Notification,97,27.48,0.638,416,46,0,0
BG-42-002386,Railway,Karnataka,Bengaluru Urban,42.12,157,3,1,3,2,99.92,1,93.1,8,0,94.21,90.44,144,1,36,195,Rehabilitation & Resettlement,87,100.0,0.4465,187,52,0,0
BG-42-002387,Highway,Rajasthan,Kota,46.74,75,6,0,0,1,100.0,0,87.93,6,41,100.0,92.26,71,0,5,38,Possession,10,100.0,0.0,99,16,1,52
BG-42-002388,Industrial Corridor,Uttar Pradesh,Lucknow,12.69,3,5,2,2,1,55.15,5,0.0,2,100,0.0,0.0,0,3,68,47,Notification,126,0.0,0.7598,368,65,1,282
BG-42-002389,Power Transmission,Telangana,Hyderabad,142.14,256,9,1,7,1,100.0,6,90.61,20,0,97.36,99.01,244,1,0,193,Rehabilitation & Resettlement,76,100.0,0.444,140,81,1,160
BG-42-002390,Power Transmission,Maharashtra,Thane,207.87,392,8,4,7,5,58.0,7,0.0,318,92,0.0,0.0,0,5,89,230,Notification,134,0.0,0.2629,355,99,1,422
BG-42-002391,Railway,Maharashtra,Nagpur,221.88,298,7,0,4,1,96.76,1,68.96,76,0,46.14,31.83,121,2,47,188,Compensation,89,59.5,0.0865,322,45,1,120
BG-42-002392,Metro,Uttar Pradesh,Kanpur Nagar,146.99,328,7,0,4,1,100.0,5,84.07,32,23,85.34,79.46,252,0,0,185,Rehabilitation & Resettlement,148,98.94,0.4276,144,41,1,164
BG-42-002393,Power Transmission,Uttar Pradesh,Lucknow,75.7,119,4,1,2,0,66.66,3,13.2,79,73,0.0,0.0,0,2,32,121,Objections,47,30.13,0.5394,119,53,1,259
BG-42-002394,Highway,Telangana,Hyderabad,54.52,134,8,0,1,0,87.86,3,12.73,104,47,9.43,2.96,12,0,0,78,Notification,19,19.39,0.5221,263,60,0,0
BG-42-002395,Highway,Rajasthan,Jodhpur,44.24,91,6,0,3,0,99.47,1,85.13,11,0,67.72,73.29,59,3,39,100,Compensation,57,100.0,0.1506,276,40,0,0
BG-42-002396,Railway,Karnataka,Mysuru,75.13,75,6,2,1,2,74.83,1,61.47,21,34,88.83,79.31,66,1,12,40,Possession,86,100.0,0.5141,75,51,0,0
BG-42-002397,Highway,Madhya Pradesh,Jabalpur,39.16,115,6,1,3,0,78.24,4,10.58,89,66,17.84,29.73,19,3,45,111,Objections,112,29.72,0.389,345,105,0,0
BG-42-002398,Railway,Uttar Pradesh,Lucknow,348.89,539,9,1,12,4,58.23,7,0.0,387,136,2.76,0.66,14,2,21,290,Survey,38,0.0,0.7433,238,104,1,449
BG-42-002399,Highway,Madhya Pradesh,Bhopal,30.21,99,3,1,3,1,60.14,4,0.0,79,108,0.0,0.0,0,2,58,94,Survey,141,0.0,0.5591,215,39,1,314
BG-42-002400,Industrial Corridor,Madhya Pradesh,Bhopal,73.14,139,3,2,3,4,95.39,2,48.57,60,33,68.38,76.38,94,1,50,206,Compensation,129,65.74,0.5407,193,47,0,0
BG-42-002401,Industrial Corridor,Maharashtra,Nashik,18.19,24,4,0,0,1,85.66,3,92.7,2,22,90.68,87.41,21,0,0,33,Compensation,98,100.0,0.4186,193,6,0,0
BG-42-002402,Power Transmission,Rajasthan,Jodhpur,108.55,310,6,1,5,1,69.35,2,73.53,55,28,73.0,67.14,212,0,58,254,Rehabilitation & Resettlement,79,95.99,0.397,152,58,1,233
BG-42-002403,Industrial Corridor,Uttar Pradesh,Lucknow,85.46,175,6,4,5,4,70.2,6,26.66,107,87,36.55,32.95,61,4,88,125,Rehabilitation & Resettlement,144,70.66,0.5894,7,78,1,382
BG-42-002404,Railway,Uttar Pradesh,Varanasi,64.36,103,5,0,4,0,98.27,3,100.0,0,0,81.38,100.0,75,1,25,128,Possession,47,100.0,0.6485,16,52,0,0
BG-42-002405,Irrigation,Tamil Nadu,Coimbatore,40.6,119,5,2,4,5,68.06,5,54.86,40,63,45.42,21.71,50,1,60,113,Rehabilitation & Resettlement,55,89.73,0.3005,157,61,1,205
BG-42-002406,Industrial Corridor,Rajasthan,Jaipur,85.8,158,7,3,3,6,66.62,5,23.64,91,105,15.37,13.46,23,4,85,131,Objections,135,43.04,0.4394,301,90,1,412
BG-42-002407,Metro,Uttar Pradesh,Varanasi,55.39,125,3,1,1,2,96.07,0,70.76,35,36,53.73,60.64,61,1,11,155,Compensation,45,91.21,0.2204,71,31,0,0
BG-42-002408,Highway,Karnataka,Mysuru,76.75,140,6,0,5,1,100.0,0,2.81,89,66,14.89,16.33,19,0,0,122,Objections,6,3.76,0.3261,419,65,0,0
BG-42-002409,Industrial Corridor,Tamil Nadu,Coimbatore,409.91,301,10,2,8,2,80.02,2,20.77,161,79,12.48,13.88,35,2,0,159,Objections,111,6.59,0.2799,7,118,1,287
BG-42-002410,Industrial Corridor,Karnataka,Mysuru,98.27,51,6,1,1,1,89.99,1,100.0,0,24,82.82,87.51,41,3,88,51,Possession,69,100.0,0.6519,81,73,1,130
BG-42-002411,Industrial Corridor,Telangana,Hyderabad,131.14,254,8,0,6,2,93.58,4,67.84,47,47,59.94,64.09,147,1,23,165,Compensation,141,84.85,0.4516,29,38,0,0
BG-42-002412,Power Transmission,Gujarat,Surat,59.05,138,6,0,1,1,81.94,0,77.5,18,18,80.01,76.15,107,2,38,80,Possession,78,95.46,0.6142,60,81,0,0
BG-42-002413,Irrigation,Uttar Pradesh,Varanasi,45.72,139,5,0,6,1,81.15,5,50.8,64,18,53.94,58.45,71,1,30,173,Award,44,68.11,0.3245,50,54,1,204
BG-42-002414,Irrigation,Uttar Pradesh,Lucknow,84.07,99,6,0,1,0,72.53,2,58.72,26,59,64.49,63.33,59,2,21,82,Compensation,114,67.08,0.0446,244,34,0,0
BG-42-002415,Industrial Corridor,Maharashtra,Nagpur,634.69,1291,13,1,7,1,88.53,4,36.47,650,58,29.2,29.65,361,1,35,359,Award,97,44.95,0.3215,138,54,1,295
BG-42-002416,Irrigation,Tamil Nadu,Chennai,68.04,93,3,1,2,2,87.79,3,0.0,72,97,0.0,0.0,0,1,1,112,Survey,36,4.27,0.5225,95,48,1,242
BG-42-002417,Irrigation,Madhya Pradesh,Jabalpur,114.34,222,5,0,4,3,73.93,4,13.09,155,110,4.12,0.0,9,0,10,198,Objections,13,25.64,0.587,329,47,0,0
BG-42-002418,Highway,Maharashtra,Pune,44.14,38,4,0,4,3,100.0,0,66.23,9,42,56.27,49.9,20,2,46,60,Compensation,85,82.98,0.6554,7,69,1,175
BG-42-002419,Industrial Corridor,Karnataka,Bengaluru Urban,9.45,3,1,1,0,1,79.49,4,9.32,2,95,0.0,0.0,0,0,0,0,Notification,51,0.0,0.6133,293,28,0,0
BG-42-002420,Highway,Telangana,Warangal,45.52,77,4,1,1,1,84.15,2,69.05,14,32,89.55,78.65,66,2,92,51,Possession,158,100.0,0.0979,7,21,1,144
BG-42-002421,Railway,Rajasthan,Kota,575.11,681,11,0,7,1,81.24,3,13.21,510,87,7.87,12.98,49,0,0,249,Survey,66,11.64,0.0992,303,74,1,329
BG-42-002422,Railway,Maharashtra,Nagpur,137.87,347,7,2,4,0,72.31,4,0.0,225,56,32.37,24.64,102,3,68,215,Survey,83,3.68,0.3576,169,56,0,0
BG-42-002423,Metro,Uttar Pradesh,Kanpur Nagar,318.22,575,9,0,6,0,96.74,3,37.47,280,14,55.37,44.45,312,2,31,263,Rehabilitation & Resettlement,38,65.65,0.1691,121,70,1,250
BG-42-002424,Highway,Gujarat,Ahmedabad,64.83,88,6,1,1,2,72.01,1,0.0,53,94,14.92,14.43,13,1,53,29,Survey,114,0.0,0.8963,197,30,1,229
BG-42-002425,Highway,Tamil Nadu,Coimbatore,12.99,3,4,2,2,3,75.65,4,100.0,0,0,86.3,77.02,2,4,64,9,Possession,76,100.0,0.266,7,75,1,205
BG-42-002426,Highway,Uttar Pradesh,Agra,35.27,80,4,0,3,1,100.0,0,59.78,25,68,73.53,76.31,57,5,50,88,Rehabilitation & Resettlement,101,83.03,0.2305,301,29,1,208
BG-42-002427,Industrial Corridor,Gujarat,Ahmedabad,117.64,170,6,1,8,4,61.34,9,0.0,101,109,0.0,0.52,0,2,55,179,Notification,106,0.0,0.4606,195,73,1,327
BG-42-002428,Irrigation,Rajasthan,Kota,103.55,119,6,1,2,1,70.74,5,71.9,21,62,79.6,81.1,85,1,12,65,Compensation,38,74.92,0.3326,122,37,0,0
BG-42-002429,Irrigation,Madhya Pradesh,Indore,84.92,220,6,0,4,0,82.47,2,51.54,66,37,39.83,30.62,85,2,47,124,Compensation,30,67.85,0.406,247,55,0,0
BG-42-002430,Metro,Karnataka,Bengaluru Urban,56.03,147,8,0,3,1,100.0,0,100.0,0,11,92.49,86.31,122,1,0,96,Rehabilitation & Resettlement,84,100.0,0.5082,62,20,0,0
BG-42-002431,Highway,Tamil Nadu,Madurai,181.59,428,6,0,11,2,99.86,5,95.18,18,7,95.25,97.34,407,4,43,345,Rehabilitation & Resettlement,82,100.0,0.1282,126,72,1,306
BG-42-002432,Power Transmission,Karnataka,Bengaluru Urban,57.34,102,4,0,4,1,80.54,1,63.57,24,28,52.99,38.19,50,0,0,152,Rehabilitation & Resettlement,71,81.85,0.1354,162,34,0,0
BG-42-002433,Highway,Gujarat,Surat,109.54,270,5,2,8,6,99.27,3,23.32,173,58,54.44,55.12,146,2,19,278,Compensation,80,51.32,0.2649,237,104,1,337
BG-42-002434,Irrigation,Rajasthan,Jaipur,100.11,154,6,1,1,1,55.81,4,0.0,121,85,14.77,12.94,22,3,27,84,Objections,65,31.96,0.3699,127,55,1,274
BG-42-002435,Industrial Corridor,Tamil Nadu,Madurai,63.76,40,5,0,1,0,84.64,2,87.51,3,1,70.4,78.63,26,2,59,54,Compensation,104,76.11,0.9115,156,15,0,0
BG-42-002436,Metro,Gujarat,Ahmedabad,42.31,74,4,1,1,2,100.0,2,82.83,11,33,92.69,77.9,67,0,54,89,Possession,117,100.0,0.4832,7,47,0,0
BG-42-002437,Highway,Uttar Pradesh,Lucknow,60.83,139,6,1,6,3,87.53,5,28.87,74,57,46.44,40.43,59,0,0,116,Compensation,90,84.44,0.4548,142,68,0,0
BG-42-002438,Highway,Karnataka,Belagavi,383.33,877,10,2,15,2,77.36,10,32.7,407,92,47.37,46.39,405,3,81,432,Compensation,127,61.94,0.3652,124,155,1,497
BG-42-002439,Metro,Rajasthan,Udaipur,208.5,278,9,1,5,1,92.28,3,19.59,173,59,32.68,40.93,83,2,47,146,Award,40,40.92,0.4228,292,86,0,0
BG-42-002440,Railway,Uttar Pradesh,Lucknow,193.7,531,9,0,6,3,95.63,3,69.9,138,24,65.42,69.55,308,1,20,252,Rehabilitation & Resettlement,51,100.0,0.3456,237,49,0,0
BG-42-002441,Power Transmission,Uttar Pradesh,Kanpur Nagar,45.64,90,2,1,1,3,95.81,0,95.07,3,21,88.46,81.34,75,1,1,155,Possession,59,100.0,0.2461,57,71,0,0
BG-42-002442,Industrial Corridor,Uttar Pradesh,Agra,27.11,27,5,1,2,1,73.86,0,21.46,12,72,25.39,24.86,7,0,35,70,Survey,85,37.67,0.1085,235,58,0,0
BG-42-002443,Metro,Madhya Pradesh,Indore,205.86,353,6,1,6,2,98.43,3,20.57,161,63,8.02,13.12,25,0,0,273,Survey,45,29.6,0.2596,250,88,1,346
BG-42-002444,Highway,Karnataka,Mysuru,176.59,197,8,0,3,1,58.01,3,61.68,45,50,23.98,28.59,46,4,52,134,Compensation,195,64.56,0.3059,298,21,1,253
BG-42-002445,Metro,Tamil Nadu,Salem,95.56,213,6,0,1,0,100.0,1,12.49,177,69,28.24,35.92,54,2,18,158,Award,34,28.99,0.043,198,16,1,194
BG-42-002446,Highway,Rajasthan,Kota,63.66,71,5,2,3,3,79.47,0,56.49,26,70,43.8,32.99,31,1,29,66,Compensation,79,78.74,0.4366,87,53,1,281
BG-42-002447,Industrial Corridor,Maharashtra,Nashik,26.55,13,2,1,0,2,79.62,0,0.0,11,88,0.0,13.12,0,1,52,22,Notification,38,0.0,0.4157,313,16,1,222
BG-42-002448,Industrial Corridor,Karnataka,Kalaburagi,171.39,201,8,1,4,2,74.55,3,48.03,81,63,43.69,34.43,81,2,2,135,Award,47,73.53,0.6546,7,66,1,210
BG-42-002449,Power Transmission,Rajasthan,Kota,221.16,476,6,0,6,4,72.33,10,70.75,97,36,73.96,73.8,329,2,7,302,Compensation,48,99.23,0.4659,227,48,1,227
BG-42-002450,Metro,Rajasthan,Kota,49.74,88,6,2,3,3,79.08,2,27.84,40,43,74.69,68.21,62,5,74,105,Compensation,164,94.95,0.3846,299,47,0,0
BG-42-002451,Railway,Gujarat,Surat,46.52,107,3,0,4,2,93.52,2,39.19,37,87,49.75,47.22,50,2,51,147,Compensation,108,65.24,0.2462,216,90,1,278
BG-42-002452,Power Transmission,Maharashtra,Thane,231.1,348,8,2,3,0,97.3,2,100.0,0,0,100.0,95.4,336,3,68,136,Rehabilitation & Resettlement,110,100.0,0.3287,293,39,0,0
BG-42-002453,Industrial Corridor,Telangana,Karimnagar,51.24,60,7,0,1,0,100.0,2,66.02,14,51,80.3,92.04,48,2,65,33,Compensation,62,100.0,0.767,150,21,0,0
BG-42-002454,Industrial Corridor,Uttar Pradesh,Agra,355.4,484,12,1,9,4,82.55,4,80.87,77,18,85.18,73.22,406,5,78,211,Rehabilitation & Resettlement,153,100.0,0.3252,107,125,0,0
BG-42-002455,Metro,Karnataka,Belagavi,78.47,146,3,1,3,3,81.16,0,82.24,21,24,60.44,43.98,81,2,45,200,Compensation,96,98.28,0.2752,7,67,0,0
BG-42-002456,Irrigation,Tamil Nadu,Coimbatore,62.85,154,4,1,4,1,100.0,0,59.39,58,31,66.1,55.87,98,3,39,118,Compensation,72,56.25,0.4355,68,50,0,0
BG-42-002457,Highway,Karnataka,Bengaluru Urban,88.77,162,5,2,3,2,87.61,2,100.0,0,32,85.97,75.69,132,3,5,143,Compensation,81,96.82,0.2796,188,78,0,0
BG-42-002458,Railway,Uttar Pradesh,Lucknow,62.85,123,8,0,1,0,73.74,5,11.46,101,62,8.62,10.79,11,2,61,69,Survey,39,25.3,0.7725,213,8,1,146
BG-42-002459,Power Transmission,Uttar Pradesh,Agra,210.81,172,8,0,2,2,84.49,1,51.35,63,24,60.71,57.18,104,0,13,125,Objections,64,60.02,0.1639,206,49,0,0
BG-42-002460,Highway,Uttar Pradesh,Kanpur Nagar,173.93,408,8,0,8,0,100.0,5,47.32,184,71,63.49,64.27,243,2,30,237,Compensation,69,85.62,0.3987,7,52,1,242
BG-42-002461,Power Transmission,Uttar Pradesh,Lucknow,204.48,174,8,0,3,0,100.0,1,100.0,0,30,96.46,96.69,149,0,0,109,Possession,59,100.0,0.7363,143,114,0,0
BG-42-002462,Railway,Madhya Pradesh,Bhopal,99.25,205,4,0,3,0,83.78,2,14.07,147,72,32.51,23.86,62,1,49,196,Compensation,33,75.6,0.5454,71,35,1,124
BG-42-002463,Highway,Madhya Pradesh,Bhopal,59.44,158,3,1,5,0,61.09,3,0.0,108,69,0.0,0.0,0,1,0,224,Survey,27,0.0,0.2685,226,65,0,0
BG-42-002464,Highway,Uttar Pradesh,Varanasi,85.01,208,5,1,4,2,71.87,5,88.0,15,11,67.07,56.07,137,1,5,165,Compensation,35,79.12,0.601,240,92,0,0
BG-42-002465,Power Transmission,Madhya Pradesh,Jabalpur,60.91,35,8,0,4,2,100.0,3,32.94,18,51,35.07,38.72,11,1,11,103,Survey,53,40.34,0.2268,436,116,0,0
BG-42-002466,Power Transmission,Telangana,Warangal,276.8,415,9,1,1,0,80.0,0,79.46,59,44,49.33,36.79,191,2,49,159,Rehabilitation & Resettlement,53,100.0,0.3622,7,40,0,0
BG-42-002467,Railway,Telangana,Nizamabad,190.91,427,9,2,6,0,74.87,3,61.33,137,75,97.03,78.31,372,4,65,215,Rehabilitation & Resettlement,104,100.0,0.685,268,120,0,0
BG-42-002468,Highway,Karnataka,Mysuru,79.58,168,4,0,6,0,81.5,4,95.94,4,19,98.45,90.25,161,2,44,219,Compensation,36,81.88,0.5161,132,56,0,0
BG-42-002469,Highway,Uttar Pradesh,Agra,40.81,134,4,0,1,3,87.51,2,76.69,25,20,78.21,87.69,100,0,23,112,Compensation,43,77.83,0.4624,264,14,0,0
BG-42-002470,Highway,Tamil Nadu,Salem,293.73,464,10,3,8,2,65.2,10,20.33,282,64,47.24,38.06,206,6,96,263,Objections,158,46.69,0.8185,135,96,1,470
BG-42-002471,Power Transmission,Maharashtra,Pune,95.52,57,4,2,3,1,70.94,3,7.25,40,99,2.31,0.0,1,7,129,87,Award,172,19.69,0.5037,119,75,1,344
BG-42-002472,Highway,Maharashtra,Nashik,77.16,194,5,2,4,0,90.45,0,61.98,59,58,70.41,59.18,121,5,58,179,Rehabilitation & Resettlement,129,44.16,0.3685,149,83,1,301
BG-42-002473,Highway,Rajasthan,Udaipur,295.81,256,8,0,4,0,87.03,2,59.56,91,13,66.45,52.6,158,0,0,150,Rehabilitation & Resettlement,33,86.45,0.8687,199,101,0,0
BG-42-002474,Highway,Uttar Pradesh,Varanasi,56.94,57,6,0,2,1,87.82,2,55.97,21,37,51.46,42.2,29,1,20,58,Award,33,82.69,0.5008,77,37,1,106
BG-42-002475,Industrial Corridor,Telangana,Karimnagar,66.34,74,6,0,2,1,72.64,4,69.86,15,42,27.95,29.64,21,3,59,60,Objections,69,53.29,0.0795,369,33,1,165
BG-42-002476,Industrial Corridor,Gujarat,Surat,71.19,73,6,0,2,0,84.44,2,0.69,43,78,4.88,0.0,3,1,46,82,Notification,114,0.0,0.4657,328,39,1,243
BG-42-002477,Industrial Corridor,Maharashtra,Pune,29.87,63,5,2,4,1,66.55,3,0.0,51,96,0.0,10.41,0,2,33,52,Survey,108,0.0,0.6532,251,73,0,0
BG-42-002478,Industrial Corridor,Telangana,Karimnagar,110.23,191,6,1,2,1,63.67,4,0.0,134,107,0.0,0.0,0,9,128,147,Survey,156,0.0,0.2398,265,37,1,357
BG-42-002479,Irrigation,Uttar Pradesh,Agra,46.53,89,6,0,3,0,100.0,1,9.07,64,79,29.62,20.83,25,0,0,91,Award,40,32.21,0.3563,237,33,0,0
BG-42-002480,Metro,Rajasthan,Kota,54.24,136,4,1,4,2,71.59,4,100.0,0,0,76.43,65.06,93,3,45,197,Possession,89,90.78,0.4221,98,57,0,0
BG-42-002481,Power Transmission,Madhya Pradesh,Indore,48.74,29,5,1,5,0,87.63,2,47.74,9,73,56.44,49.59,16,3,60,89,Award,97,61.64,0.7198,412,79,0,0
BG-42-002482,Industrial Corridor,Gujarat,Ahmedabad,53.54,132,2,1,1,0,80.32,3,0.0,79,98,0.0,10.6,0,5,85,211,Objections,65,0.0,0.4555,97,28,1,269
BG-42-002483,Highway,Maharashtra,Nagpur,43.77,103,4,0,1,0,74.33,3,7.69,74,51,19.15,14.05,19,6,84,106,Survey,96,10.63,0.3582,208,10,1,210
BG-42-002484,Power Transmission,Karnataka,Belagavi,104.35,172,9,2,6,2,93.99,3,37.85,100,81,66.87,60.79,113,2,35,157,Objections,54,50.07,0.5497,83,67,1,243
BG-42-002485,Industrial Corridor,Uttar Pradesh,Varanasi,75.61,65,6,1,6,2,90.13,5,74.44,11,15,75.69,78.38,47,3,49,93,Rehabilitation & Resettlement,138,90.47,0.8958,7,65,1,206
BG-42-002486,Industrial Corridor,Maharashtra,Pune,88.98,135,6,1,6,2,58.9,5,48.13,49,67,31.17,21.34,40,5,67,121,Award,148,58.74,0.5116,36,63,1,322
BG-42-002487,Highway,Karnataka,Belagavi,562.86,500,11,0,11,1,94.76,7,68.44,129,6,98.28,96.55,447,4,58,276,Rehabilitation & Resettlement,96,84.98,0.8449,172,66,0,0
BG-42-002488,Metro,Telangana,Nizamabad,75.61,175,4,1,5,3,90.97,2,83.61,26,34,89.9,99.16,143,3,42,195,Rehabilitation & Resettlement,62,100.0,0.4479,7,118,0,0
BG-42-002489,Irrigation,Karnataka,Kalaburagi,138.93,235,6,0,6,6,65.03,4,25.96,104,69,16.62,19.93,36,1,8,178,Survey,85,18.86,0.1447,7,68,1,195
BG-42-002490,Highway,Karnataka,Belagavi,152.17,141,7,0,7,0,92.7,4,80.91,17,2,56.19,56.57,72,2,21,107,Compensation,83,100.0,0.0442,28,64,0,0
BG-42-002491,Highway,Rajasthan,Kota,81.43,189,8,0,2,1,100.0,0,100.0,0,6,100.0,100.0,166,3,48,113,Possession,126,100.0,0.2597,81,40,0,0
BG-42-002492,Highway,Maharashtra,Nashik,106.6,107,7,4,8,3,58.37,7,0.0,93,133,12.87,6.08,13,3,60,99,Award,153,48.36,0.1875,226,90,1,427
BG-42-002493,Metro,Tamil Nadu,Madurai,87.06,147,6,1,2,1,82.89,4,0.76,136,124,1.77,0.0,3,2,17,123,Notification,116,0.0,0.3968,191,38,1,372
BG-42-002494,Power Transmission,Madhya Pradesh,Jabalpur,100.69,220,6,1,1,1,81.9,5,67.54,43,31,81.04,84.2,167,0,30,144,Possession,69,100.0,0.2317,95,36,0,0
BG-42-002495,Industrial Corridor,Gujarat,Rajkot,53.56,145,6,2,5,4,92.49,4,99.57,1,34,98.2,95.43,128,1,18,110,Possession,61,100.0,0.6965,263,55,0,0
BG-42-002496,Irrigation,Madhya Pradesh,Gwalior,57.66,163,3,2,7,4,96.7,6,64.53,38,15,64.03,67.31,97,4,60,272,Compensation,125,77.87,0.6001,134,79,0,0
BG-42-002497,Metro,Tamil Nadu,Chennai,86.79,132,3,0,2,0,76.22,3,87.53,15,39,100.0,100.0,121,2,19,166,Compensation,78,89.58,0.3036,110,54,0,0
BG-42-002498,Railway,Rajasthan,Udaipur,17.68,66,4,1,4,0,56.86,7,33.02,35,82,0.81,10.02,0,1,25,81,Survey,84,25.57,0.3241,361,73,1,285
BG-42-002499,Highway,Karnataka,Kalaburagi,283.4,231,9,1,7,0,88.41,4,77.99,45,58,78.63,76.52,172,2,44,127,Rehabilitation & Resettlement,51,100.0,0.2653,141,95,1,235
BG-42-002500,Highway,Uttar Pradesh,Varanasi,482.36,836,9,2,16,4,87.03,10,50.01,359,46,77.3,76.87,636,1,25,436,Award,132,71.99,0.7025,233,122,1,462
BG-42-002501,Power Transmission,Karnataka,Belagavi,98.13,228,3,3,9,3,65.82,3,0.0,151,91,6.94,0.0,15,2,62,343,Notification,131,8.83,0.3869,279,105,1,443
BG-42-002502,Highway,Telangana,Nizamabad,145.82,92,8,1,2,0,76.3,1,68.76,23,56,81.9,74.3,67,1,20,57,Compensation,72,83.97,0.6396,119,58,1,122
BG-42-002503,Highway,Karnataka,Mysuru,203.33,185,7,0,5,1,100.0,2,100.0,0,11,100.0,94.36,169,0,13,136,Possession,5,100.0,0.3857,7,87,0,0
BG-42-002504,Irrigation,Karnataka,Mysuru,29.67,15,4,1,1,1,70.81,4,85.6,2,22,72.38,73.31,10,5,100,21,Rehabilitation & Resettlement,105,76.96,0.602,249,91,1,219
BG-42-002505,Industrial Corridor,Uttar Pradesh,Agra,179.94,234,7,0,5,1,77.54,5,19.0,107,85,32.95,28.39,72,0,0,203,Objections,57,20.78,0.443,341,63,0,0
BG-42-002506,Highway,Uttar Pradesh,Agra,60.88,50,5,0,1,0,50.9,3,21.79,31,80,0.0,0.0,0,1,25,72,Notification,90,8.47,0.575,458,135,0,0
BG-42-002507,Industrial Corridor,Tamil Nadu,Chennai,535.17,725,11,0,8,0,83.24,3,55.34,225,42,83.16,78.53,565,3,66,332,Possession,146,86.99,0.5394,7,83,1,257
BG-42-002508,Metro,Tamil Nadu,Salem,73.66,175,5,0,2,0,100.0,1,100.0,0,23,100.0,91.83,158,0,0,130,Possession,54,100.0,0.3216,184,19,0,0
BG-42-002509,Power Transmission,Tamil Nadu,Coimbatore,177.07,319,8,1,1,0,86.95,1,16.61,152,85,32.27,35.02,94,3,24,163,Compensation,50,80.15,0.3026,53,72,0,0
BG-42-002510,Industrial Corridor,Madhya Pradesh,Bhopal,74.24,82,5,2,0,1,79.55,1,84.19,8,28,89.69,89.83,65,1,33,47,Compensation,87,94.35,0.2768,57,42,0,0
BG-42-002511,Highway,Rajasthan,Udaipur,496.39,741,11,0,13,1,68.34,8,45.09,253,23,27.11,19.44,182,0,16,298,Award,84,34.89,0.1975,28,114,0,0
BG-42-002512,Highway,Madhya Pradesh,Bhopal,56.83,189,6,2,6,5,68.02,5,32.57,72,62,43.91,44.72,82,1,45,142,Award,190,53.59,0.571,231,81,1,339
BG-42-002513,Highway,Madhya Pradesh,Bhopal,217.47,281,9,0,4,0,76.99,5,11.32,154,81,11.58,5.59,29,0,5,177,Survey,11,0.0,0.2624,323,52,0,0
BG-42-002514,Industrial Corridor,Gujarat,Surat,141.36,198,5,1,7,5,74.28,6,21.17,105,47,27.43,32.39,51,1,28,207,Survey,56,33.05,0.3917,417,61,1,354
BG-42-002515,Metro,Telangana,Warangal,118.33,207,6,0,4,0,76.32,3,21.89,100,44,32.17,42.57,66,2,25,181,Objections,90,28.13,0.1507,240,32,0,0
BG-42-002516,Power Transmission,Maharashtra,Pune,102.84,102,5,3,1,4,78.61,2,66.17,22,21,91.49,85.37,88,2,62,58,Rehabilitation & Resettlement,132,100.0,0.8108,121,56,0,0
BG-42-002517,Metro,Madhya Pradesh,Bhopal,50.22,67,5,0,2,0,89.98,3,21.38,36,67,7.46,7.56,4,2,35,68,Survey,77,22.7,0.2862,352,39,0,0
BG-42-002518,Railway,Uttar Pradesh,Kanpur Nagar,10.82,54,5,1,1,0,73.24,3,0.0,36,89,6.02,8.05,3,0,1,47,Survey,72,0.0,0.307,295,29,0,0
BG-42-002519,Highway,Gujarat,Ahmedabad,202.25,269,8,2,6,1,100.0,4,58.57,95,24,72.76,69.6,183,2,72,130,Compensation,84,65.04,0.4203,155,60,0,0
BG-42-002520,Highway,Karnataka,Bengaluru Urban,57.91,149,7,2,4,2,50.14,6,0.0,92,77,0.0,0.0,0,3,70,141,Survey,127,0.0,0.3694,225,73,1,302
BG-42-002521,Railway,Maharashtra,Thane,218.26,475,8,0,4,0,60.04,5,0.0,345,106,16.75,15.46,72,2,14,252,Survey,79,26.81,0.355,320,39,0,0
BG-42-002522,Industrial Corridor,Madhya Pradesh,Jabalpur,113.45,138,6,1,8,4,82.31,5,39.77,54,69,56.45,59.57,71,4,48,143,Compensation,123,65.57,0.3199,129,118,0,0
BG-42-002523,Irrigation,Uttar Pradesh,Lucknow,223.68,382,8,1,8,2,57.41,4,59.33,128,52,55.24,41.14,187,2,30,263,Objections,86,58.43,0.5844,35,70,1,199
BG-42-002524,Highway,Karnataka,Bengaluru Urban,162.64,406,7,2,12,3,60.31,8,82.02,46,6,98.11,93.83,373,3,107,276,Compensation,224,92.64,0.4331,95,113,1,304
BG-42-002525,Industrial Corridor,Gujarat,Rajkot,11.92,46,4,1,2,3,98.9,3,80.58,7,34,81.45,87.51,37,6,49,63,Possession,80,100.0,0.655,345,32,0,0
BG-42-002526,Highway,Maharashtra,Nashik,140.04,362,5,1,3,2,80.83,4,38.33,211,51,35.35,40.84,118,3,97,269,Survey,62,39.18,0.7222,385,85,1,223
BG-42-002527,Industrial Corridor,Uttar Pradesh,Lucknow,65.04,91,5,3,1,3,78.35,2,95.35,4,0,49.49,36.88,44,1,36,67,Possession,101,100.0,0.3917,184,64,0,0
BG-42-002528,Highway,Gujarat,Vadodara,217.46,242,7,0,7,0,94.82,2,80.33,29,0,96.26,81.78,225,3,29,208,Possession,54,100.0,0.4885,414,96,0,0
BG-42-002529,Industrial Corridor,Gujarat,Rajkot,137.41,115,8,0,4,1,90.2,4,71.24,23,46,59.9,66.63,62,0,31,90,Rehabilitation & Resettlement,86,78.54,0.4387,173,87,0,0
BG-42-002530,Highway,Uttar Pradesh,Kanpur Nagar,138.71,149,4,0,6,1,62.65,3,62.04,45,4,62.36,45.22,91,4,51,161,Compensation,54,80.84,0.2702,234,52,1,128
BG-42-002531,Highway,Tamil Nadu,Madurai,68.87,167,5,2,4,2,85.11,4,75.2,36,81,47.69,39.57,79,0,56,158,Compensation,47,60.07,0.5448,158,80,0,0
BG-42-002532,Industrial Corridor,Telangana,Warangal,41.26,71,3,0,1,0,90.13,1,33.64,32,24,51.3,55.91,36,1,18,80,Compensation,49,72.38,0.4805,184,44,0,0
BG-42-002533,Railway,Karnataka,Bengaluru Urban,60.56,162,5,1,3,1,99.19,1,52.05,71,67,65.57,73.84,96,1,34,134,Compensation,36,83.09,0.4296,169,35,1,215
BG-42-002534,Metro,Maharashtra,Thane,20.29,5,3,0,1,2,56.13,5,0.0,3,90,1.22,0.0,0,0,8,37,Notification,67,8.79,0.3925,461,86,0,0
BG-42-002535,Railway,Karnataka,Kalaburagi,53.4,104,3,0,1,0,92.95,2,91.49,6,25,97.06,97.19,91,0,37,113,Possession,81,100.0,0.1143,161,124,0,0
BG-42-002536,Irrigation,Telangana,Karimnagar,26.54,82,5,1,6,3,100.0,4,87.35,8,32,73.66,80.8,59,4,50,120,Compensation,81,100.0,0.4038,547,85,0,0
BG-42-002537,Railway,Uttar Pradesh,Lucknow,27.11,46,1,1,2,3,56.68,7,60.79,17,60,70.39,65.33,30,3,44,165,Rehabilitation & Resettlement,115,73.27,0.5214,127,26,0,0
BG-42-002538,Metro,Maharashtra,Nagpur,93.99,94,6,0,3,1,91.17,1,51.65,41,42,37.22,31.26,33,0,6,89,Award,89,71.19,0.4095,227,38,0,0
BG-42-002539,Power Transmission,Karnataka,Belagavi,131.27,255,7,1,6,4,74.35,4,0.0,220,96,18.63,30.04,42,0,14,190,Notification,115,0.0,0.6724,214,50,1,359
BG-42-002540,Industrial Corridor,Maharashtra,Pune,83.48,233,7,1,2,0,84.64,2,48.68,81,57,50.81,47.49,111,1,58,173,Award,30,71.17,0.5925,74,73,1,187
BG-42-002541,Railway,Telangana,Karimnagar,57.45,138,3,0,2,1,91.59,4,55.45,52,51,76.57,55.98,95,0,21,191,Award,66,64.62,0.3882,153,35,0,0
BG-42-002542,Industrial Corridor,Uttar Pradesh,Lucknow,40.13,36,4,2,4,1,70.8,2,27.29,15,76,42.29,41.38,14,0,19,100,Award,92,38.76,0.568,264,70,0,0
BG-42-002543,Highway,Maharashtra,Nashik,66.44,157,6,0,2,1,100.0,0,21.45,105,87,43.04,45.4,65,0,5,108,Objections,59,34.32,0.2066,230,89,0,0
BG-42-002544,Metro,Karnataka,Kalaburagi,44.35,90,6,3,6,1,64.41,5,18.26,61,63,0.0,6.56,0,4,58,93,Objections,182,13.75,0.2723,7,109,1,367
BG-42-002545,Metro,Rajasthan,Kota,81.43,70,7,1,1,0,98.26,1,50.09,26,62,20.27,23.93,14,0,14,32,Compensation,139,55.1,0.3632,293,35,1,174
BG-42-002546,Power Transmission,Rajasthan,Kota,25.35,112,7,3,7,7,69.04,4,19.66,60,76,55.09,56.32,59,1,55,134,Award,115,41.18,0.412,359,76,0,0
BG-42-002547,Power Transmission,Telangana,Warangal,150.06,246,6,0,4,1,99.9,2,90.17,18,14,100.0,91.3,222,2,22,218,Possession,54,100.0,0.5485,119,60,0,0
BG-42-002548,Highway,Maharashtra,Thane,54.4,191,5,0,5,3,72.96,7,3.55,159,123,0.0,10.44,0,0,0,176,Survey,84,0.0,0.186,211,62,1,283
BG-42-002549,Highway,Maharashtra,Pune,115.7,194,6,2,5,2,69.62,3,28.47,131,96,65.35,62.29,117,2,63,190,Objections,125,51.01,0.3325,7,62,1,285
BG-42-002550,Railway,Maharashtra,Nagpur,174.13,314,5,2,8,1,54.52,6,12.23,244,55,0.0,4.56,0,2,63,255,Objections,95,33.61,0.5111,236,90,1,392
BG-42-002551,Metro,Uttar Pradesh,Lucknow,111.31,181,6,1,2,3,80.37,3,53.64,67,40,59.85,64.79,102,7,80,132,Compensation,115,97.23,0.2177,84,51,1,257
BG-42-002552,Railway,Gujarat,Ahmedabad,162.28,282,5,0,8,2,71.96,7,0.0,200,72,0.0,2.85,0,4,43,261,Award,67,0.0,0.4361,7,51,1,330
BG-42-002553,Industrial Corridor,Gujarat,Vadodara,16.39,60,3,0,1,1,82.81,2,49.93,25,57,50.09,45.05,29,4,81,74,Compensation,60,69.49,0.4255,300,10,0,0
BG-42-002554,Metro,Karnataka,Mysuru,57.73,126,3,0,1,0,100.0,2,83.26,12,40,100.0,100.0,121,2,20,152,Possession,42,93.53,0.4241,281,11,0,0
BG-42-002555,Irrigation,Gujarat,Ahmedabad,206.95,231,8,0,2,1,87.87,3,47.18,104,29,29.71,28.52,68,1,33,108,Objections,60,59.79,0.3658,127,126,0,0
BG-42-002556,Railway,Gujarat,Rajkot,128.69,134,5,3,3,2,98.51,0,58.19,38,49,63.94,64.24,76,3,48,125,Compensation,111,65.95,0.6456,105,63,0,0
BG-42-002557,Highway,Karnataka,Mysuru,375.69,415,8,0,8,0,74.31,5,0.0,336,87,0.0,4.5,0,2,28,253,Notification,64,0.0,0.2662,300,59,1,358
BG-42-002558,Railway,Gujarat,Rajkot,334.79,487,10,1,12,6,82.49,4,21.23,331,62,5.35,2.68,24,3,100,288,Objections,64,3.66,0.7718,366,84,1,389
BG-42-002559,Industrial Corridor,Uttar Pradesh,Lucknow,108.82,184,5,1,4,3,62.38,5,38.67,62,61,39.53,46.0,70,4,36,164,Award,105,40.29,0.3915,199,72,1,222
BG-42-002560,Highway,Maharashtra,Pune,69.99,135,5,0,1,0,93.11,4,15.91,105,86,32.23,32.98,40,0,0,105,Notification,67,10.13,0.3196,336,30,0,0
BG-42-002561,Highway,Uttar Pradesh,Kanpur Nagar,39.78,120,3,1,4,1,71.61,3,43.31,47,64,54.48,49.44,64,5,53,177,Compensation,126,63.38,0.4476,258,54,1,193
BG-42-002562,Railway,Telangana,Nizamabad,58.52,95,6,1,2,1,84.95,2,66.48,22,27,36.86,39.3,32,1,36,69,Compensation,46,94.76,0.2269,208,69,0,0
BG-42-002563,Power Transmission,Gujarat,Surat,61.77,166,5,0,3,0,97.23,1,100.0,0,33,100.0,90.06,156,2,0,129,Rehabilitation & Resettlement,67,90.79,0.4579,90,74,0,0
BG-42-002564,Irrigation,Tamil Nadu,Chennai,53.27,48,4,0,3,0,55.45,7,92.04,3,0,80.13,79.5,36,1,50,71,Award,55,87.4,0.4143,7,36,1,89
BG-42-002565,Railway,Telangana,Nizamabad,41.07,52,2,0,0,0,85.87,2,84.06,6,0,95.11,91.38,44,1,16,63,Compensation,47,93.66,0.091,96,16,0,0
BG-42-002566,Highway,Uttar Pradesh,Agra,118.07,233,9,0,7,0,71.46,5,60.59,85,28,29.64,33.49,67,2,15,140,Award,59,31.09,0.8221,207,64,1,165
BG-42-002567,Railway,Uttar Pradesh,Lucknow,332.72,516,12,2,11,5,31.54,8,0.0,349,101,6.35,10.46,30,3,78,216,Notification,121,7.64,0.6706,391,88,1,343
BG-42-002568,Railway,Maharashtra,Nashik,180.66,458,9,0,4,0,100.0,1,6.8,235,60,30.22,23.44,138,1,16,197,Survey,75,0.0,0.0004,108,57,1,330
BG-42-002569,Irrigation,Madhya Pradesh,Indore,66.16,61,4,0,5,2,87.3,2,41.67,26,95,45.96,37.53,25,1,45,104,Compensation,76,44.23,0.5409,229,88,0,0
BG-42-002570,Metro,Telangana,Nizamabad,192.72,353,7,1,8,2,91.03,4,56.86,132,47,100.0,100.0,336,4,67,221,Possession,72,100.0,0.3015,94,79,0,0
BG-42-002571,Industrial Corridor,Karnataka,Bengaluru Urban,112.99,273,7,0,5,1,98.13,3,0.0,172,82,15.76,26.95,38,2,25,174,Notification,133,18.34,0.3509,195,69,1,278
BG-42-002572,Irrigation,Rajasthan,Jaipur,82.88,124,4,1,4,1,85.82,2,73.43,22,49,71.21,90.04,85,2,49,150,Compensation,113,84.42,0.5558,164,62,0,0
BG-42-002573,Industrial Corridor,Telangana,Hyderabad,78.85,188,4,2,3,3,88.12,2,33.47,115,40,38.77,33.67,64,3,72,192,Rehabilitation & Resettlement,78,64.61,0.1911,139,57,0,0
BG-42-002574,Highway,Rajasthan,Kota,72.97,51,7,2,5,2,84.55,5,67.84,10,67,54.49,47.87,28,2,49,81,Rehabilitation & Resettlement,73,86.08,0.5676,146,55,0,0
BG-42-002575,Industrial Corridor,Karnataka,Bengaluru Urban,144.15,305,7,3,7,4,81.42,4,21.23,224,61,46.41,36.23,127,2,39,186,Compensation,98,63.11,0.2147,38,87,1,357
BG-42-002576,Railway,Madhya Pradesh,Jabalpur,95.75,194,4,1,8,2,94.44,6,61.59,59,18,68.27,64.82,126,2,75,245,Compensation,102,99.55,0.2592,138,89,0,0
BG-42-002577,Railway,Tamil Nadu,Coimbatore,47.81,106,6,0,5,0,86.12,4,88.1,11,17,92.4,78.26,89,2,30,106,Compensation,45,100.0,0.6651,420,36,0,0
BG-42-002578,Irrigation,Tamil Nadu,Coimbatore,45.99,43,4,2,2,1,64.52,4,47.57,21,47,64.33,58.82,26,5,71,91,Rehabilitation & Resettlement,82,55.18,0.3333,205,37,0,0
BG-42-002579,Railway,Tamil Nadu,Salem,109.37,166,4,2,1,0,57.24,4,0.12,148,109,0.0,0.0,0,4,88,151,Survey,167,5.43,0.5737,117,49,1,283
BG-42-002580,Metro,Madhya Pradesh,Gwalior,120.65,292,5,1,3,0,59.68,1,62.25,66,33,55.63,40.31,158,2,51,238,Possession,61,78.75,0.8391,169,86,1,236
BG-42-002581,Highway,Rajasthan,Udaipur,66.65,208,4,0,3,1,99.56,3,10.19,112,93,30.58,29.59,61,0,20,199,Notification,110,5.61,0.2818,204,53,1,317
BG-42-002582,Highway,Gujarat,Rajkot,34.62,13,4,1,4,3,73.24,6,52.95,5,59,26.99,33.6,3,3,42,45,Rehabilitation & Resettlement,123,20.57,0.2226,149,56,0,0
BG-42-002583,Industrial Corridor,Madhya Pradesh,Bhopal,232.94,193,8,0,9,3,63.4,8,2.22,136,90,0.0,0.89,0,1,0,150,Notification,150,0.1,0.502,427,65,1,384
BG-42-002584,Power Transmission,Madhya Pradesh,Gwalior,196.54,387,9,0,7,2,96.73,1,21.05,230,69,8.23,12.63,29,0,18,150,Survey,64,3.52,0.0182,450,71,0,0
BG-42-002585,Industrial Corridor,Telangana,Hyderabad,17.46,50,3,0,3,1,86.86,3,0.0,41,78,0.0,0.0,0,3,38,67,Notification,60,0.0,0.3238,262,26,1,282
BG-42-002586,Railway,Madhya Pradesh,Indore,250.05,596,8,0,7,3,100.0,2,52.73,241,39,48.16,33.57,268,0,10,335,Award,63,62.46,0.1357,213,50,0,0
BG-42-002587,Highway,Madhya Pradesh,Jabalpur,72.44,101,7,0,0,0,86.9,2,54.67,43,42,25.08,31.77,25,1,49,51,Objections,133,52.53,0.5727,266,11,1,186
BG-42-002588,Metro,Madhya Pradesh,Jabalpur,99.68,131,7,4,1,5,76.74,3,2.32,108,118,0.0,0.44,0,1,74,95,Survey,107,12.37,0.3422,392,48,1,397
BG-42-002589,Metro,Gujarat,Vadodara,212.85,196,8,2,6,3,100.0,2,52.46,88,56,69.53,66.23,127,4,50,168,Award,115,66.2,0.5601,175,118,0,0
BG-42-002590,Power Transmission,Karnataka,Belagavi,321.19,356,10,3,5,2,60.67,6,29.37,140,65,11.98,9.69,40,6,126,154,Award,132,35.69,0.4232,138,60,1,363
BG-42-002591,Industrial Corridor,Maharashtra,Nashik,191.0,350,7,3,7,4,98.98,4,55.62,123,69,64.26,53.77,201,4,98,251,Rehabilitation & Resettlement,149,84.85,0.4754,137,114,1,375
BG-42-002592,Irrigation,Telangana,Nizamabad,103.84,217,5,1,2,0,89.66,4,91.62,11,8,95.24,95.76,197,2,36,137,Possession,56,100.0,0.393,120,58,0,0
BG-42-002593,Power Transmission,Tamil Nadu,Coimbatore,28.49,52,7,1,5,0,76.84,5,52.59,23,74,50.36,50.63,25,0,37,55,Compensation,50,85.74,0.6171,191,45,0,0
BG-42-002594,Railway,Telangana,Warangal,16.93,84,3,2,4,2,87.26,1,23.39,46,86,16.84,16.96,13,3,48,135,Survey,77,39.0,0.435,469,67,0,0
BG-42-002595,Industrial Corridor,Madhya Pradesh,Jabalpur,172.87,289,8,0,7,1,56.83,4,29.05,145,87,21.45,15.84,55,2,33,192,Objections,125,36.05,0.425,103,47,1,308
BG-42-002596,Power Transmission,Gujarat,Vadodara,250.54,387,6,1,3,2,75.85,5,79.86,64,26,96.47,97.75,345,1,45,250,Possession,179,100.0,0.4424,7,55,1,241
BG-42-002597,Irrigation,Telangana,Warangal,44.62,132,5,1,2,1,79.59,1,9.21,105,94,1.86,2.38,2,4,52,147,Notification,130,7.54,0.2853,245,77,1,255
BG-42-002598,Railway,Tamil Nadu,Chennai,69.0,78,4,1,0,0,79.27,0,37.22,29,60,47.27,47.56,34,1,8,100,Award,103,69.08,0.305,199,20,0,0
BG-42-002599,Industrial Corridor,Uttar Pradesh,Kanpur Nagar,54.83,104,7,0,3,1,99.48,1,100.0,0,0,80.21,77.82,78,2,41,88,Possession,53,100.0,0.4691,132,32,0,0
BG-42-002600,Railway,Madhya Pradesh,Indore,53.67,99,7,0,0,0,100.0,0,89.42,10,26,100.0,97.34,88,0,1,51,Possession,17,100.0,0.1492,370,14,0,0
BG-42-002601,Power Transmission,Telangana,Hyderabad,202.34,268,8,0,5,1,100.0,0,69.71,66,19,52.09,47.88,126,3,54,187,Award,36,55.81,0.1496,176,68,0,0
BG-42-002602,Irrigation,Karnataka,Bengaluru Urban,101.97,251,6,0,5,1,92.93,3,88.26,18,4,100.0,98.73,232,0,3,178,Compensation,136,100.0,0.6931,143,96,0,0
BG-42-002603,Irrigation,Madhya Pradesh,Gwalior,71.28,113,5,0,2,0,75.62,1,77.69,17,0,63.07,49.32,68,2,0,106,Award,53,86.48,0.3802,270,24,0,0
BG-42-002604,Highway,Uttar Pradesh,Kanpur Nagar,717.67,1098,13,1,13,1,99.56,6,65.58,223,62,85.05,83.29,884,2,32,370,Rehabilitation & Resettlement,85,100.0,0.7347,367,134,1,350
BG-42-002605,Highway,Telangana,Nizamabad,27.18,15,4,0,1,2,83.37,2,9.16,9,71,18.67,14.97,3,3,63,31,Notification,90,0.0,0.3648,73,35,0,0
BG-42-002606,Power Transmission,Rajasthan,Jaipur,132.73,246,7,1,8,2,63.6,8,0.0,193,83,0.0,10.93,0,7,99,240,Survey,139,9.43,0.2345,366,118,1,304
BG-42-002607,Industrial Corridor,Rajasthan,Udaipur,37.0,25,5,0,2,2,77.48,3,71.47,5,18,49.1,38.41,12,2,28,64,Compensation,80,86.44,0.3113,324,44,0,0
BG-42-002608,Irrigation,Karnataka,Bengaluru Urban,75.49,181,4,1,1,1,73.22,3,0.66,138,82,21.33,8.85,34,3,35,170,Objections,76,19.99,0.4604,314,78,1,227
BG-42-002609,Railway,Tamil Nadu,Coimbatore,96.44,121,8,0,3,0,100.0,0,74.91,27,12,69.47,62.06,75,0,26,98,Compensation,77,100.0,0.285,224,41,0,0
BG-42-002610,Power Transmission,Gujarat,Rajkot,168.29,399,7,2,2,5,92.0,0,21.21,186,58,13.85,13.94,51,5,55,179,Objections,121,3.58,0.3997,348,128,1,393
BG-42-002611,Industrial Corridor,Telangana,Hyderabad,69.48,69,4,1,1,1,70.46,2,78.25,11,38,75.6,71.6,50,2,37,85,Possession,90,84.16,0.6204,233,50,0,0
BG-42-002612,Highway,Maharashtra,Nagpur,63.84,109,5,0,2,1,95.35,3,84.37,10,6,73.87,57.97,72,0,40,98,Rehabilitation & Resettlement,18,100.0,0.4166,14,34,1,62
BG-42-002613,Highway,Maharashtra,Thane,68.49,128,6,1,0,2,70.35,2,34.27,50,80,30.15,17.65,34,0,0,101,Award,54,57.02,0.4787,62,14,1,183
BG-42-002614,Industrial Corridor,Gujarat,Ahmedabad,36.09,87,2,1,1,1,65.24,3,59.36,28,44,57.42,64.33,49,6,99,168,Rehabilitation & Resettlement,88,67.36,0.4739,279,17,0,0
BG-42-002615,Highway,Uttar Pradesh,Lucknow,142.0,366,6,0,7,0,85.47,5,64.1,76,0,62.67,76.4,227,3,39,247,Objections,37,74.96,0.3276,104,48,1,216
BG-42-002616,Power Transmission,Telangana,Karimnagar,107.24,238,3,3,3,0,75.93,0,4.34,148,107,15.51,17.87,36,0,3,327,Award,86,37.07,0.5674,208,64,1,377
BG-42-002617,Industrial Corridor,Maharashtra,Nashik,121.28,203,5,2,2,3,73.16,1,26.3,138,74,0.0,0.0,0,2,63,153,Survey,93,3.46,0.4945,326,37,0,0
BG-42-002618,Metro,Tamil Nadu,Salem,80.99,44,5,2,2,2,81.69,3,58.72,15,50,72.25,71.94,30,2,10,89,Rehabilitation & Resettlement,67,100.0,0.282,68,47,0,0
BG-42-002619,Railway,Maharashtra,Thane,73.38,25,6,1,2,4,90.34,2,64.33,8,51,75.0,66.79,17,1,26,34,Rehabilitation & Resettlement,66,71.99,0.32,225,45,1,211
BG-42-002620,Irrigation,Gujarat,Rajkot,219.31,288,7,0,4,0,80.8,4,76.91,45,9,91.03,99.38,235,0,54,158,Possession,58,100.0,0.4035,7,36,0,0
BG-42-002621,Industrial Corridor,Telangana,Karimnagar,193.92,310,7,0,7,1,97.93,4,57.39,121,62,100.0,100.0,291,5,67,191,Possession,45,80.9,0.426,170,144,1,341
BG-42-002622,Power Transmission,Karnataka,Kalaburagi,265.56,404,10,1,3,3,82.77,3,94.21,19,8,82.87,74.96,327,2,11,136,Possession,87,81.26,0.3597,103,59,1,273
BG-42-002623,Power Transmission,Tamil Nadu,Coimbatore,115.36,240,9,2,9,2,68.9,6,25.05,103,105,20.39,22.25,46,4,58,190,Survey,108,0.0,0.4226,272,108,1,360
BG-42-002624,Industrial Corridor,Telangana,Karimnagar,252.68,528,7,2,4,1,53.27,7,82.2,75,8,59.75,54.1,296,3,73,281,Possession,72,100.0,0.7663,206,67,1,303
BG-42-002625,Irrigation,Maharashtra,Nashik,61.38,166,6,1,1,1,78.64,1,78.67,20,8,94.58,97.1,146,1,26,121,Compensation,117,82.65,0.356,202,36,0,0
BG-42-002626,Industrial Corridor,Madhya Pradesh,Jabalpur,72.92,124,6,1,5,0,68.02,4,56.55,40,48,29.97,25.47,35,4,42,101,Award,123,46.01,0.7431,231,53,0,0
BG-42-002627,Metro,Madhya Pradesh,Bhopal,222.76,290,6,1,8,2,93.69,4,31.88,115,71,31.14,23.11,86,3,46,247,Compensation,51,38.85,0.2255,319,69,0,0
BG-42-002628,Railway,Karnataka,Kalaburagi,168.13,325,6,0,5,0,97.09,3,40.51,108,51,22.49,22.35,67,1,20,225,Objections,64,50.61,0.7441,175,39,0,0
BG-42-002629,Railway,Karnataka,Belagavi,67.87,113,1,0,5,1,100.0,1,80.83,20,23,71.51,58.45,77,0,25,422,Objections,106,61.0,0.5235,404,58,0,0
BG-42-002630,Power Transmission,Gujarat,Rajkot,37.08,89,5,0,2,0,84.03,2,4.0,72,99,21.58,19.35,17,2,24,94,Objections,61,34.78,0.6321,287,30,0,0
BG-42-002631,Railway,Maharashtra,Nashik,72.74,106,4,1,3,0,76.87,5,24.42,52,65,9.72,5.78,9,3,54,142,Notification,71,0.0,0.2305,211,68,0,0
BG-42-002632,Industrial Corridor,Rajasthan,Jodhpur,49.51,109,5,0,1,0,85.4,2,72.27,26,8,64.33,67.28,64,3,26,97,Award,75,70.0,0.523,65,13,0,0
BG-42-002633,Irrigation,Maharashtra,Nagpur,340.22,406,12,0,8,3,92.79,4,100.0,0,30,100.0,99.66,395,1,30,220,Possession,45,100.0,0.0634,170,125,0,0
BG-42-002634,Metro,Rajasthan,Udaipur,157.28,241,9,1,7,2,74.34,5,66.57,75,58,94.1,92.32,203,1,8,124,Compensation,68,69.65,0.7564,163,83,0,0
BG-42-002635,Highway,Tamil Nadu,Madurai,46.4,94,4,0,4,2,76.3,4,73.61,17,44,61.69,66.84,53,4,52,99,Compensation,43,76.35,0.4249,230,35,0,0
BG-42-002636,Industrial Corridor,Gujarat,Rajkot,37.11,89,3,0,3,0,100.0,1,42.96,42,29,54.0,58.29,47,1,7,119,Award,48,61.96,0.5775,492,47,0,0
BG-42-002637,Highway,Madhya Pradesh,Bhopal,45.94,76,6,0,0,0,90.42,1,57.33,23,24,35.2,40.0,24,0,21,59,Award,51,55.23,0.1235,179,22,1,168
BG-42-002638,Power Transmission,Uttar Pradesh,Agra,54.76,135,4,1,4,3,62.31,3,11.44,92,90,39.78,29.45,54,1,34,122,Survey,76,12.01,0.1448,94,48,0,0
BG-42-002639,Metro,Gujarat,Vadodara,74.94,87,6,1,2,1,73.35,3,62.77,21,72,62.83,66.18,54,3,56,50,Rehabilitation & Resettlement,238,56.3,0.5705,117,56,0,0
BG-42-002640,Metro,Rajasthan,Udaipur,208.85,273,11,1,4,0,95.65,2,35.88,161,88,0.0,10.29,0,7,132,130,Survey,92,11.47,0.6374,304,58,1,285
BG-42-002641,Industrial Corridor,Madhya Pradesh,Bhopal,39.52,128,5,1,2,2,87.9,3,100.0,0,7,85.98,70.75,105,1,40,98,Rehabilitation & Resettlement,90,100.0,0.6586,256,28,0,0
BG-42-002642,Metro,Karnataka,Mysuru,534.66,1173,13,0,19,6,97.43,10,59.55,274,23,100.0,88.02,1050,3,57,438,Rehabilitation & Resettlement,39,100.0,0.3326,233,124,0,0
BG-42-002643,Railway,Karnataka,Bengaluru Urban,40.26,134,6,1,8,0,76.42,8,62.93,32,20,72.37,84.99,93,3,66,159,Compensation,58,94.41,0.5548,137,80,1,203
BG-42-002644,Railway,Uttar Pradesh,Kanpur Nagar,27.74,84,3,2,3,2,61.46,4,82.74,8,24,55.39,56.74,42,1,28,120,Rehabilitation & Resettlement,83,100.0,0.4894,164,111,1,151
BG-42-002645,Railway,Gujarat,Rajkot,330.51,459,10,2,4,2,73.99,2,0.0,279,145,33.58,26.67,144,1,29,166,Objections,133,33.23,0.1026,144,47,0,0
BG-42-002646,Irrigation,Telangana,Nizamabad,246.41,466,7,0,7,2,83.14,4,79.01,56,3,88.5,76.57,368,3,41,290,Possession,52,100.0,0.5663,112,46,0,0
BG-42-002647,Highway,Tamil Nadu,Salem,74.0,156,7,1,3,4,77.32,1,90.7,14,18,74.86,67.62,107,1,0,47,Rehabilitation & Resettlement,48,100.0,0.4404,7,35,0,0
BG-42-002648,Railway,Maharashtra,Nagpur,116.17,282,5,0,3,0,86.66,0,62.74,86,21,75.33,56.79,212,1,0,200,Rehabilitation & Resettlement,50,76.29,0.7063,7,47,1,200
BG-42-002649,Highway,Rajasthan,Udaipur,118.54,206,7,0,1,0,100.0,0,76.22,38,29,100.0,100.0,197,0,11,147,Compensation,44,100.0,0.0701,154,44,0,0
BG-42-002650,Railway,Rajasthan,Udaipur,95.52,125,7,0,4,2,92.25,3,70.2,30,0,88.01,93.19,101,2,53,118,Rehabilitation & Resettlement,138,98.23,0.501,176,34,0,0
BG-42-002651,Highway,Tamil Nadu,Madurai,30.35,90,3,0,3,0,100.0,0,100.0,0,0,91.02,99.99,80,3,39,129,Possession,64,100.0,0.2635,7,28,0,0
BG-42-002652,Power Transmission,Karnataka,Kalaburagi,11.76,12,2,0,3,0,90.9,4,50.8,5,27,38.97,22.26,5,1,0,61,Award,21,83.18,0.1681,206,43,0,0
BG-42-002653,Highway,Telangana,Hyderabad,43.56,62,4,3,2,4,84.46,2,43.75,30,43,32.41,34.88,18,3,46,47,Rehabilitation & Resettlement,129,68.55,0.5384,77,77,0,0
BG-42-002654,Industrial Corridor,Telangana,Nizamabad,366.11,263,9,0,1,0,73.11,4,62.78,77,19,26.94,25.54,67,2,1,142,Rehabilitation & Resettlement,28,73.1,0.3381,7,21,0,0
BG-42-002655,Highway,Gujarat,Vadodara,377.79,590,10,0,11,2,93.68,8,41.97,208,51,33.52,37.5,185,1,51,301,Award,100,53.5,0.4351,129,85,1,284
BG-42-002656,Metro,Rajasthan,Udaipur,69.44,68,4,1,4,2,96.64,4,84.95,6,47,82.03,60.68,53,3,48,98,Possession,96,100.0,0.7269,163,46,0,0
BG-42-002657,Highway,Tamil Nadu,Madurai,39.79,94,3,2,7,2,85.26,4,39.14,33,59,21.03,18.78,18,2,54,174,Award,157,33.58,0.3039,249,78,1,447
BG-42-002658,Power Transmission,Uttar Pradesh,Lucknow,106.96,217,7,2,5,1,73.77,3,45.18,75,44,39.14,28.42,79,2,64,153,Compensation,100,56.33,0.4342,85,82,0,0
BG-42-002659,Irrigation,Maharashtra,Nagpur,121.65,70,7,1,5,1,57.74,4,0.0,40,99,0.0,0.0,0,2,29,82,Survey,53,0.0,0.2189,302,67,1,314
BG-42-002660,Highway,Karnataka,Kalaburagi,138.46,228,6,0,6,0,64.04,6,0.0,165,103,0.0,12.48,0,4,53,212,Survey,137,0.0,0.4079,305,81,1,321
BG-42-002661,Irrigation,Uttar Pradesh,Lucknow,11.34,56,1,0,2,0,86.69,1,62.37,13,14,73.45,84.77,39,1,19,216,Rehabilitation & Resettlement,24,94.04,0.3465,78,23,0,0
BG-42-002662,Railway,Uttar Pradesh,Lucknow,1070.85,746,17,1,11,3,91.5,4,38.52,366,44,33.03,32.58,223,2,56,238,Award,110,36.35,0.5335,310,94,1,277
BG-42-002663,Industrial Corridor,Maharashtra,Nagpur,211.87,514,7,1,9,1,65.61,8,2.31,471,75,20.12,1.96,91,4,66,325,Award,55,0.0,0.6163,7,96,1,410
BG-42-002664,Industrial Corridor,Madhya Pradesh,Jabalpur,73.09,48,8,1,2,1,68.53,4,0.0,32,85,17.48,10.07,8,2,45,67,Objections,58,28.94,0.1888,66,58,0,0
BG-42-002665,Highway,Tamil Nadu,Madurai,48.19,99,4,1,2,1,70.86,2,34.56,38,58,57.51,70.05,54,3,39,132,Award,144,64.57,0.1882,351,40,1,205
BG-42-002666,Metro,Rajasthan,Jaipur,188.64,309,8,3,3,4,74.55,2,60.07,98,54,48.7,45.12,134,1,26,134,Rehabilitation & Resettlement,196,98.27,0.3572,327,102,1,252
BG-42-002667,Highway,Uttar Pradesh,Varanasi,127.27,177,6,0,2,1,100.0,0,64.21,43,27,45.66,34.37,74,0,18,124,Possession,45,91.21,0.4509,217,29,0,0
BG-42-002668,Industrial Corridor,Uttar Pradesh,Varanasi,92.18,98,6,4,1,1,48.23,5,0.0,68,115,0.0,0.0,0,4,90,38,Notification,115,3.64,0.593,85,55,0,0
BG-42-002669,Railway,Telangana,Karimnagar,123.55,245,11,1,4,2,69.9,3,51.02,114,43,70.46,67.73,167,0,5,120,Compensation,101,62.28,0.6179,109,96,1,234
BG-42-002670,Irrigation,Gujarat,Surat,78.24,118,5,0,3,0,100.0,3,37.95,51,26,37.74,26.99,40,0,1,97,Award,69,64.67,0.2599,342,69,0,0
BG-42-002671,Railway,Telangana,Warangal,118.1,222,8,1,5,0,74.32,4,62.52,57,50,44.14,36.91,90,0,20,114,Compensation,48,57.95,0.4316,7,99,1,122
BG-42-002672,Irrigation,Uttar Pradesh,Lucknow,153.1,361,7,1,6,1,83.77,3,51.52,111,33,62.44,49.39,223,5,62,256,Award,131,74.83,0.7252,270,46,0,0
BG-42-002673,Highway,Tamil Nadu,Madurai,112.69,95,8,0,5,2,60.55,5,49.94,41,37,59.81,77.33,53,1,3,112,Award,36,65.21,0.3816,217,38,0,0
BG-42-002674,Industrial Corridor,Uttar Pradesh,Varanasi,108.07,207,4,2,5,3,78.34,3,7.41,151,103,15.03,6.37,31,3,26,205,Award,73,25.78,0.4563,221,94,1,351
BG-42-002675,Railway,Rajasthan,Jodhpur,260.94,265,11,0,4,3,75.44,3,89.08,17,20,57.35,51.27,138,1,33,129,Compensation,63,72.01,0.2085,214,55,1,233
BG-42-002676,Highway,Tamil Nadu,Madurai,23.86,34,4,1,1,1,84.92,1,48.65,15,41,63.9,59.14,19,1,21,39,Award,81,62.91,0.3973,202,77,1,200
BG-42-002677,Highway,Uttar Pradesh,Agra,45.23,104,4,0,0,1,75.19,0,22.48,72,88,41.89,45.52,42,2,23,87,Award,67,18.93,0.4574,305,6,0,0
BG-42-002678,Industrial Corridor,Karnataka,Bengaluru Urban,87.47,206,7,0,4,1,100.0,2,52.09,74,63,57.25,39.64,111,0,12,155,Rehabilitation & Resettlement,84,84.28,0.5404,177,44,0,0
BG-42-002679,Highway,Rajasthan,Kota,47.76,86,5,0,3,4,100.0,2,82.9,9,0,97.48,94.86,79,1,20,96,Rehabilitation & Resettlement,101,90.37,0.255,203,31,0,0
BG-42-002680,Industrial Corridor,Gujarat,Vadodara,62.38,140,4,1,3,2,67.38,5,0.0,114,38,0.0,0.0,0,1,9,147,Objections,86,11.26,0.4509,60,90,1,296
BG-42-002681,Irrigation,Rajasthan,Jaipur,239.89,269,5,4,7,2,57.54,7,24.7,172,84,43.33,44.84,115,5,90,293,Rehabilitation & Resettlement,118,75.89,0.52,157,90,1,453
BG-42-002682,Railway,Telangana,Hyderabad,76.01,67,8,0,1,0,85.75,0,74.41,16,22,61.75,60.99,37,0,17,41,Rehabilitation & Resettlement,14,91.17,0.1697,39,47,0,0
BG-42-002683,Highway,Madhya Pradesh,Indore,19.82,30,3,0,0,0,67.81,0,71.47,6,43,77.95,67.53,21,1,21,35,Survey,35,39.66,0.1467,297,61,0,0
BG-42-002684,Highway,Madhya Pradesh,Bhopal,61.03,200,4,2,5,1,75.25,2,30.59,97,96,13.15,10.29,26,2,63,178,Compensation,97,58.36,0.3023,116,63,1,252
BG-42-002685,Highway,Maharashtra,Nashik,89.7,98,5,1,2,1,76.28,3,14.14,63,107,16.2,18.47,16,1,38,134,Objections,114,39.59,0.0291,363,22,1,276
BG-42-002686,Metro,Madhya Pradesh,Bhopal,88.39,70,7,0,5,1,100.0,4,90.14,5,49,87.75,86.22,57,1,28,59,Rehabilitation & Resettlement,99,100.0,0.2622,7,145,0,0
BG-42-002687,Power Transmission,Tamil Nadu,Salem,133.6,330,6,1,7,2,51.48,7,46.62,131,33,19.66,17.0,57,2,10,276,Objections,53,37.28,0.573,123,94,1,240
BG-42-002688,Railway,Uttar Pradesh,Varanasi,125.15,303,7,2,5,1,69.88,3,36.18,161,92,49.69,59.11,139,0,51,173,Compensation,83,47.93,0.094,91,70,0,0
BG-42-002689,Highway,Uttar Pradesh,Kanpur Nagar,76.63,84,5,1,3,0,93.27,2,22.07,51,42,13.06,17.58,10,1,30,86,Objections,67,13.75,0.5796,329,35,1,195
BG-42-002690,Industrial Corridor,Tamil Nadu,Salem,32.97,59,3,0,3,1,84.98,0,81.01,10,0,56.92,49.61,32,1,32,110,Award,51,75.65,0.2173,210,28,0,0
BG-42-002691,Railway,Madhya Pradesh,Bhopal,60.16,122,6,1,2,3,99.28,1,89.56,8,0,85.71,81.3,102,4,91,138,Possession,67,100.0,0.5213,126,41,0,0
BG-42-002692,Industrial Corridor,Gujarat,Vadodara,52.03,127,6,1,3,1,83.36,4,24.51,68,72,41.72,42.92,49,1,32,85,Award,74,42.1,0.4173,275,54,0,0
BG-42-002693,Irrigation,Madhya Pradesh,Jabalpur,68.16,138,4,1,5,1,87.33,2,70.57,22,41,64.69,53.81,86,1,0,194,Possession,51,100.0,0.6558,80,87,1,123
BG-42-002694,Railway,Madhya Pradesh,Gwalior,148.85,247,7,1,4,2,88.59,4,72.95,59,24,71.4,69.42,163,2,4,144,Possession,104,83.05,0.337,114,59,1,184
BG-42-002695,Metro,Uttar Pradesh,Lucknow,118.31,280,6,1,5,2,84.84,6,67.97,75,34,71.35,72.69,191,1,0,211,Possession,43,100.0,0.4632,243,86,0,0
BG-42-002696,Power Transmission,Gujarat,Vadodara,165.54,249,8,0,5,0,75.79,5,13.91,194,77,0.0,0.0,0,0,0,131,Survey,45,20.68,0.0899,358,51,0,0
BG-42-002697,Industrial Corridor,Rajasthan,Udaipur,62.97,122,7,1,2,2,86.16,3,75.88,25,29,87.03,91.68,102,1,47,84,Rehabilitation & Resettlement,56,97.8,0.1408,251,23,0,0
BG-42-002698,Power Transmission,Uttar Pradesh,Agra,286.2,461,8,0,8,2,94.76,0,0.0,356,65,8.57,13.2,38,1,31,279,Notification,84,9.98,0.2591,299,67,0,0
BG-42-002699,Power Transmission,Gujarat,Ahmedabad,146.68,291,6,0,6,2,77.05,5,55.3,111,43,54.88,36.63,142,0,13,237,Award,36,70.73,0.2992,183,76,1,191
BG-42-002700,Metro,Gujarat,Rajkot,93.67,160,6,0,4,1,88.72,4,100.0,0,32,88.49,90.33,134,2,28,145,Possession,71,100.0,0.134,167,40,0,0
BG-42-002701,Metro,Madhya Pradesh,Indore,138.75,212,5,1,4,2,85.72,3,38.58,88,56,35.68,45.74,67,0,44,180,Compensation,42,60.73,0.519,88,79,1,128
BG-42-002702,Industrial Corridor,Telangana,Warangal,49.87,102,3,0,5,1,87.82,4,53.22,44,18,70.22,68.21,72,1,17,154,Compensation,75,61.75,0.2535,185,32,1,177
BG-42-002703,Industrial Corridor,Rajasthan,Jaipur,15.85,63,4,1,2,0,84.31,2,66.28,14,68,49.11,36.71,28,5,48,97,Award,97,44.65,0.3183,102,41,0,0
BG-42-002704,Industrial Corridor,Madhya Pradesh,Bhopal,52.7,183,5,3,2,0,82.45,2,47.18,59,64,19.28,22.14,34,1,34,174,Rehabilitation & Resettlement,185,41.22,0.1852,310,42,1,296
BG-42-002705,Railway,Maharashtra,Nashik,155.71,198,7,2,2,2,83.2,3,48.85,73,51,54.79,48.51,100,1,47,93,Compensation,97,75.31,0.7776,87,41,0,0
BG-42-002706,Power Transmission,Telangana,Hyderabad,91.3,238,6,1,6,1,76.29,4,72.04,38,61,38.45,40.87,89,2,49,188,Award,76,61.04,0.2299,123,72,1,198
BG-42-002707,Highway,Uttar Pradesh,Varanasi,76.75,181,4,1,7,1,100.0,2,100.0,0,0,100.0,100.0,160,1,0,206,Possession,78,100.0,0.4969,137,52,0,0
BG-42-002708,Highway,Uttar Pradesh,Varanasi,43.46,59,5,2,2,1,70.97,3,0.0,50,100,5.35,0.0,3,3,53,68,Survey,115,0.0,0.7871,73,88,1,232
BG-42-002709,Railway,Telangana,Warangal,17.91,31,4,0,2,0,77.56,2,21.97,17,36,17.71,17.55,5,2,60,36,Survey,31,20.29,0.5669,277,25,1,232
BG-42-002710,Highway,Tamil Nadu,Madurai,267.7,212,9,0,3,3,87.47,3,73.97,37,12,100.0,90.06,211,2,18,114,Compensation,47,98.93,0.523,7,30,0,0
BG-42-002711,Industrial Corridor,Madhya Pradesh,Jabalpur,72.51,155,6,1,3,3,84.06,1,100.0,0,0,62.79,50.56,94,0,0,137,Possession,44,87.2,0.6419,205,81,1,177
BG-42-002712,Highway,Uttar Pradesh,Lucknow,60.73,110,5,0,1,1,98.27,2,39.77,51,50,46.63,50.65,47,1,21,52,Objections,144,46.56,0.4601,213,38,1,196
BG-42-002713,Industrial Corridor,Tamil Nadu,Coimbatore,50.03,71,6,0,5,1,72.98,5,5.86,63,90,0.0,0.0,0,1,46,77,Objections,21,7.72,0.3846,88,75,0,0
BG-42-002714,Metro,Tamil Nadu,Salem,233.6,338,9,2,9,5,81.86,7,33.2,144,65,0.0,0.0,0,3,35,211,Survey,100,3.37,0.3147,32,85,1,356
BG-42-002715,Highway,Uttar Pradesh,Lucknow,173.31,404,8,0,7,1,96.69,3,63.53,118,44,82.62,85.82,309,0,14,218,Rehabilitation & Resettlement,42,77.39,0.2162,177,109,1,255
BG-42-002716,Highway,Madhya Pradesh,Gwalior,39.5,53,2,1,1,0,73.42,1,0.0,42,90,0.0,0.0,0,3,44,111,Survey,95,0.5,0.5544,108,50,1,275
BG-42-002717,Metro,Maharashtra,Thane,217.38,453,9,2,4,1,77.42,2,25.61,272,56,55.66,53.75,224,4,40,186,Award,128,65.07,0.7123,51,57,1,276
BG-42-002718,Power Transmission,Rajasthan,Jodhpur,76.24,107,5,2,6,0,73.39,4,75.45,23,52,80.96,75.63,86,1,32,137,Possession,79,100.0,0.2478,161,68,0,0
BG-42-002719,Railway,Telangana,Warangal,52.54,46,5,0,1,0,89.06,0,9.97,28,89,43.95,49.63,18,0,0,43,Notification,20,22.02,0.1551,220,40,1,118
BG-42-002720,Highway,Uttar Pradesh,Lucknow,67.7,162,4,0,5,0,95.92,0,100.0,0,17,99.28,100.0,155,1,21,168,Compensation,83,100.0,0.4046,12,60,0,0
BG-42-002721,Railway,Rajasthan,Kota,45.76,59,7,0,1,0,81.16,2,29.87,31,50,44.5,44.56,26,1,8,15,Award,23,47.83,0.523,216,30,0,0
BG-42-002722,Highway,Tamil Nadu,Chennai,29.76,70,1,1,3,2,77.75,4,70.4,19,5,69.17,71.71,46,4,60,270,Rehabilitation & Resettlement,88,93.09,0.5983,196,41,1,248
BG-42-002723,Highway,Karnataka,Kalaburagi,159.32,277,9,0,6,1,62.64,5,20.31,161,69,0.73,0.0,2,0,0,199,Objections,41,4.91,0.1944,356,75,1,278
BG-42-002724,Irrigation,Gujarat,Surat,71.77,150,6,2,2,5,100.0,3,43.35,64,77,59.08,63.95,82,2,70,121,Award,106,77.78,0.4817,225,42,1,239
BG-42-002725,Highway,Madhya Pradesh,Gwalior,140.3,271,4,3,8,2,70.57,6,16.32,155,79,2.14,2.44,6,1,19,315,Survey,81,12.77,0.6578,153,91,1,378
BG-42-002726,Highway,Rajasthan,Udaipur,107.75,235,8,1,7,3,59.07,6,64.84,77,26,30.75,36.34,68,2,39,157,Rehabilitation & Resettlement,116,70.18,0.6044,242,55,0,0
BG-42-002727,Irrigation,Uttar Pradesh,Kanpur Nagar,132.8,275,7,0,2,0,89.57,1,73.9,54,32,89.0,98.5,218,3,35,153,Rehabilitation & Resettlement,88,100.0,0.3671,83,59,0,0
BG-42-002728,Industrial Corridor,Karnataka,Belagavi,16.66,111,1,0,2,1,71.82,4,0.0,105,54,8.88,15.61,9,2,25,370,Survey,74,13.84,0.3361,231,28,1,296
BG-42-002729,Metro,Madhya Pradesh,Bhopal,42.8,120,4,1,4,1,86.33,1,21.07,72,38,17.07,15.59,19,2,35,124,Award,57,31.5,0.3815,20,85,1,294
BG-42-002730,Industrial Corridor,Telangana,Hyderabad,135.03,204,7,3,3,4,82.74,0,93.72,12,38,51.1,61.82,92,1,28,139,Possession,71,100.0,0.1919,7,104,0,0
BG-42-002731,Irrigation,Madhya Pradesh,Jabalpur,30.88,24,6,0,4,3,65.18,5,18.56,14,73,39.04,31.42,9,1,0,32,Notification,71,7.92,0.7418,335,33,1,178
BG-42-002732,Highway,Tamil Nadu,Coimbatore,115.41,201,6,0,3,0,65.54,4,25.17,84,72,0.0,0.0,0,2,57,139,Objections,164,36.12,0.5343,407,35,1,316
BG-42-002733,Highway,Gujarat,Surat,28.15,27,1,0,4,1,95.92,3,57.56,8,41,67.98,70.23,17,3,34,114,Compensation,72,61.72,0.1427,312,46,0,0
BG-42-002734,Power Transmission,Uttar Pradesh,Lucknow,86.76,141,7,0,1,0,98.79,1,16.91,81,45,35.18,30.96,44,3,61,76,Objections,208,60.46,0.7863,171,40,1,247
BG-42-002735,Power Transmission,Karnataka,Kalaburagi,310.44,466,10,0,11,0,84.44,9,0.0,411,72,26.75,31.85,121,1,3,239,Objections,22,0.0,0.213,180,68,1,323
BG-42-002736,Irrigation,Karnataka,Mysuru,159.12,253,4,1,8,2,80.42,6,62.63,84,34,88.55,86.78,200,6,102,246,Award,114,88.32,0.5147,508,266,0,0
BG-42-002737,Railway,Uttar Pradesh,Kanpur Nagar,19.48,8,4,0,4,2,81.03,0,18.71,6,79,24.49,9.24,2,4,45,56,Survey,37,47.69,0.6178,144,78,1,183
BG-42-002738,Irrigation,Rajasthan,Jodhpur,168.8,394,8,2,7,3,98.85,1,63.67,91,35,75.73,63.49,281,5,81,230,Compensation,94,100.0,0.6857,198,81,0,0
BG-42-002739,Railway,Maharashtra,Nashik,367.89,740,9,0,9,1,74.37,3,80.74,120,29,95.69,100.0,706,6,56,373,Compensation,127,100.0,0.3764,306,61,0,0
BG-42-002740,Industrial Corridor,Gujarat,Vadodara,802.4,982,13,0,17,4,100.0,8,43.08,414,36,43.35,33.64,390,5,42,438,Compensation,45,69.34,0.4965,114,178,1,458
BG-42-002741,Irrigation,Uttar Pradesh,Agra,125.22,296,6,1,5,3,69.54,5,0.0,176,117,0.0,0.0,0,3,36,222,Survey,104,0.0,0.2517,271,49,1,372
BG-42-002742,Highway,Madhya Pradesh,Jabalpur,28.75,97,4,1,1,1,78.18,5,100.0,0,12,99.53,93.84,86,0,33,110,Rehabilitation & Resettlement,85,100.0,0.5741,91,43,0,0
BG-42-002743,Highway,Tamil Nadu,Chennai,121.24,253,7,1,7,1,60.13,5,0.0,141,97,0.0,1.87,0,1,46,203,Survey,43,0.0,0.225,453,61,1,330
BG-42-002744,Industrial Corridor,Maharashtra,Thane,306.99,242,10,0,2,1,100.0,0,66.79,66,40,71.45,69.09,166,1,25,138,Rehabilitation & Resettlement,54,100.0,0.7091,105,74,0,0
BG-42-002745,Power Transmission,Tamil Nadu,Coimbatore,73.72,156,3,3,4,2,81.4,4,0.0,135,55,0.0,0.0,0,3,94,196,Objections,97,24.05,0.4943,269,76,1,386
BG-42-002746,Highway,Madhya Pradesh,Bhopal,197.25,328,8,2,7,3,75.42,3,16.07,230,89,35.83,21.93,109,3,55,198,Rehabilitation & Resettlement,133,52.39,0.2193,237,79,1,404
BG-42-002747,Power Transmission,Tamil Nadu,Chennai,43.74,102,5,0,1,0,71.76,2,0.0,71,83,7.85,12.55,8,0,0,70,Survey,93,15.24,0.2064,242,60,1,235
BG-42-002748,Railway,Gujarat,Rajkot,115.34,224,6,2,6,3,42.49,9,9.6,146,81,0.0,0.0,0,3,49,183,Survey,87,0.0,0.5647,90,66,1,313
BG-42-002749,Railway,Telangana,Warangal,11.69,23,3,0,1,0,81.22,3,64.67,7,40,65.83,52.37,15,1,29,25,Award,40,84.34,0.3522,28,31,0,0
BG-42-002750,Railway,Tamil Nadu,Chennai,40.03,81,6,3,3,2,59.62,6,0.0,49,91,0.33,0.12,0,0,23,57,Notification,79,0.0,0.4235,332,67,1,264
BG-42-002751,Irrigation,Gujarat,Rajkot,85.21,165,7,0,1,1,81.24,0,25.74,77,88,0.0,0.62,0,0,33,81,Survey,35,9.42,0.3114,333,36,0,0
BG-42-002752,Highway,Karnataka,Mysuru,64.03,127,5,2,6,4,55.23,7,83.26,18,61,77.79,72.9,89,4,60,125,Rehabilitation & Resettlement,87,81.51,0.3633,179,68,1,281
BG-42-002753,Industrial Corridor,Tamil Nadu,Salem,30.25,105,4,2,2,2,58.54,4,73.09,17,39,59.73,56.95,61,4,88,95,Rehabilitation & Resettlement,113,100.0,0.4633,237,113,1,212
BG-42-002754,Highway,Tamil Nadu,Salem,57.41,133,6,1,0,1,99.05,4,5.72,98,99,3.0,9.32,4,2,48,43,Notification,62,0.0,0.3962,190,46,0,0
BG-42-002755,Irrigation,Gujarat,Ahmedabad,111.47,128,8,1,3,0,100.0,2,56.92,33,38,60.16,58.63,73,1,39,126,Possession,103,94.29,0.185,66,98,0,0
BG-42-002756,Power Transmission,Madhya Pradesh,Jabalpur,79.92,182,4,0,3,0,89.14,2,100.0,0,0,94.14,80.2,167,6,61,166,Rehabilitation & Resettlement,84,100.0,0.2721,55,30,0,0
BG-42-002757,Highway,Tamil Nadu,Madurai,89.9,135,4,3,2,4,84.37,4,82.2,18,41,81.42,79.84,103,3,22,155,Rehabilitation & Resettlement,202,97.32,0.1182,7,49,0,0
BG-42-002758,Railway,Tamil Nadu,Chennai,153.79,186,7,0,5,0,91.85,4,52.07,79,24,29.61,35.41,50,0,10,158,Compensation,95,72.55,0.1603,149,84,1,179
BG-42-002759,Railway,Telangana,Warangal,65.07,169,4,1,3,2,83.89,4,56.3,53,32,58.85,46.2,99,1,16,174,Compensation,112,74.6,0.3404,337,39,0,0
BG-42-002760,Railway,Uttar Pradesh,Kanpur Nagar,254.0,430,6,0,3,0,85.76,3,47.65,176,46,62.86,66.58,240,1,26,249,Compensation,19,93.55,0.3519,194,26,0,0
BG-42-002761,Power Transmission,Rajasthan,Jaipur,38.81,155,3,0,4,0,75.91,3,47.66,51,45,41.31,38.63,60,0,16,233,Compensation,66,77.05,0.1746,7,26,0,0
BG-42-002762,Industrial Corridor,Gujarat,Vadodara,400.38,911,11,1,10,1,90.44,5,60.28,278,41,87.78,73.81,744,2,28,387,Possession,105,100.0,0.475,323,95,0,0
BG-42-002763,Railway,Karnataka,Mysuru,208.6,275,10,4,5,5,53.12,7,0.0,204,125,8.35,13.53,22,8,117,158,Survey,141,11.02,0.2457,442,81,1,436
BG-42-002764,Industrial Corridor,Telangana,Karimnagar,64.41,107,4,1,3,0,75.04,2,2.77,77,105,4.86,0.0,5,4,63,138,Objections,123,0.0,0.5864,376,34,1,293
BG-42-002765,Metro,Tamil Nadu,Salem,67.93,44,5,1,0,0,86.47,1,17.57,33,93,39.0,36.91,15,1,0,44,Notification,57,34.8,0.2511,212,20,0,0
BG-42-002766,Highway,Gujarat,Vadodara,101.03,199,6,3,5,3,82.42,4,61.83,67,54,54.58,54.99,99,4,69,172,Possession,105,87.13,0.3977,123,128,1,301
BG-42-002767,Highway,Uttar Pradesh,Lucknow,138.23,158,6,0,5,1,89.65,2,0.0,129,62,24.37,23.12,36,0,5,156,Award,31,43.23,0.5032,360,37,1,181
BG-42-002768,Railway,Telangana,Hyderabad,205.54,185,7,1,10,3,73.35,7,56.46,75,39,65.37,57.25,107,7,107,170,Compensation,126,64.91,0.3066,37,71,1,226
BG-42-002769,Industrial Corridor,Rajasthan,Jaipur,29.3,60,4,2,0,0,92.03,1,63.94,18,32,43.74,51.21,24,3,41,53,Rehabilitation & Resettlement,64,91.98,0.2661,114,80,0,0
BG-42-002770,Highway,Karnataka,Mysuru,121.5,141,5,1,4,1,85.34,2,84.13,21,25,76.67,67.61,95,5,73,107,Possession,89,97.3,0.4572,152,59,0,0
BG-42-002771,Industrial Corridor,Karnataka,Kalaburagi,15.75,3,2,0,1,0,83.15,3,26.95,2,84,35.66,30.62,1,1,33,49,Survey,38,38.12,0.4101,243,13,0,0
BG-42-002772,Highway,Madhya Pradesh,Bhopal,74.3,124,5,1,6,2,69.22,3,46.56,61,59,88.78,93.46,101,1,33,150,Rehabilitation & Resettlement,143,80.17,0.2645,181,50,1,313
BG-42-002773,Industrial Corridor,Rajasthan,Kota,274.0,460,9,2,10,0,66.95,5,81.81,57,27,83.8,80.68,360,2,60,238,Possession,93,100.0,0.3063,73,99,1,284
BG-42-002774,Highway,Tamil Nadu,Chennai,27.55,86,2,1,4,1,66.24,4,7.25,52,97,0.0,0.0,0,0,0,137,Notification,208,12.0,0.2216,465,55,0,0
BG-42-002775,Metro,Karnataka,Mysuru,23.82,62,4,0,1,0,100.0,0,93.56,3,9,76.69,71.93,45,2,22,68,Rehabilitation & Resettlement,80,100.0,0.3716,116,30,0,0
BG-42-002776,Highway,Karnataka,Belagavi,102.17,74,4,0,1,0,89.59,3,14.24,44,70,16.73,0.0,12,7,96,72,Objections,83,22.35,0.241,267,62,0,0
BG-42-002777,Railway,Madhya Pradesh,Gwalior,259.81,302,8,1,6,4,72.92,4,42.44,118,69,56.24,61.75,150,3,33,174,Compensation,110,74.25,0.6824,107,117,0,0
BG-42-002778,Highway,Madhya Pradesh,Gwalior,111.09,103,7,0,2,0,88.41,0,55.31,37,49,50.74,38.76,49,1,13,78,Award,66,53.35,0.3209,31,52,0,0
BG-42-002779,Metro,Uttar Pradesh,Varanasi,18.66,3,3,0,2,0,64.27,3,5.83,2,68,4.25,1.82,0,3,61,46,Objections,122,18.66,0.3402,218,32,1,239
BG-42-002780,Power Transmission,Karnataka,Bengaluru Urban,22.28,3,6,0,3,1,65.34,7,11.62,2,50,0.25,0.0,0,1,22,58,Survey,42,9.2,0.3097,382,43,0,0
BG-42-002781,Highway,Uttar Pradesh,Kanpur Nagar,92.59,71,6,1,2,3,84.54,1,31.97,28,68,6.29,4.74,4,1,38,91,Survey,75,30.12,0.1639,296,73,0,0
BG-42-002782,Power Transmission,Karnataka,Kalaburagi,33.33,54,5,1,7,2,75.26,4,0.0,32,84,0.0,0.0,0,3,79,105,Survey,74,7.83,0.2052,342,78,1,277
BG-42-002783,Industrial Corridor,Rajasthan,Jaipur,95.52,108,7,2,2,3,78.97,3,25.64,49,67,58.78,42.71,61,1,26,108,Compensation,102,62.66,0.4702,137,57,0,0
BG-42-002784,Metro,Gujarat,Vadodara,100.16,247,6,3,12,3,73.85,10,0.0,232,91,6.24,0.0,15,2,80,240,Objections,99,6.5,0.4173,186,102,1,401
BG-42-002785,Industrial Corridor,Madhya Pradesh,Jabalpur,57.87,162,3,0,8,0,77.36,4,2.41,88,81,0.0,0.0,0,1,14,262,Survey,37,0.0,0.5232,323,87,1,336
BG-42-002786,Railway,Tamil Nadu,Salem,365.7,620,10,0,9,1,87.31,4,39.2,223,54,32.26,28.55,182,2,5,300,Compensation,28,61.4,0.5346,162,87,0,0
BG-42-002787,Industrial Corridor,Karnataka,Bengaluru Urban,137.33,238,6,2,6,2,98.48,1,21.64,122,68,57.92,55.7,129,3,62,205,Compensation,126,78.61,0.341,145,62,1,355
BG-42-002788,Power Transmission,Karnataka,Bengaluru Urban,225.71,371,7,0,3,1,86.16,2,86.46,46,1,64.4,60.84,223,3,36,185,Compensation,89,90.82,0.4077,149,49,0,0
BG-42-002789,Power Transmission,Uttar Pradesh,Lucknow,178.84,178,7,0,0,1,92.97,1,84.1,20,0,95.02,86.96,160,0,0,106,Possession,37,100.0,0.5663,322,35,1,124
BG-42-002790,Highway,Rajasthan,Jodhpur,75.94,54,4,0,1,0,78.19,4,49.3,25,46,58.58,62.67,29,1,8,71,Award,108,84.92,0.4912,359,24,0,0
BG-42-002791,Industrial Corridor,Maharashtra,Nagpur,73.29,106,4,0,2,0,97.96,2,81.92,12,33,65.03,60.36,66,2,17,82,Rehabilitation & Resettlement,142,100.0,0.447,194,29,0,0
BG-42-002792,Highway,Telangana,Hyderabad,67.48,127,4,0,3,2,58.3,5,0.0,79,87,0.0,6.44,0,6,90,140,Notification,76,0.0,0.4902,211,27,1,256
BG-42-002793,Metro,Uttar Pradesh,Varanasi,147.66,153,6,1,3,2,79.76,3,68.4,28,9,81.82,61.63,120,5,105,112,Rehabilitation & Resettlement,166,82.78,0.3285,278,54,0,0
BG-42-002794,Highway,Telangana,Hyderabad,50.89,96,4,0,2,0,100.0,2,100.0,0,0,82.92,82.02,73,3,49,141,Possession,93,100.0,0.2256,36,35,1,138
BG-42-002795,Highway,Uttar Pradesh,Varanasi,340.37,641,9,0,9,1,82.51,4,80.72,112,1,78.61,77.54,486,1,27,329,Rehabilitation & Resettlement,25,87.23,0.4536,288,92,0,0
BG-42-002796,Industrial Corridor,Karnataka,Mysuru,47.15,17,5,0,2,0,93.74,2,56.96,5,23,78.86,69.73,12,0,0,27,Compensation,49,79.6,0.5416,51,19,0,0
BG-42-002797,Irrigation,Maharashtra,Thane,101.65,203,5,0,2,0,100.0,0,50.57,80,31,69.67,75.73,127,0,0,147,Compensation,38,100.0,0.3685,121,66,1,115
BG-42-002798,Highway,Rajasthan,Jodhpur,71.29,132,5,0,1,0,81.54,4,6.99,81,67,0.0,0.0,0,2,40,120,Objections,149,29.01,0.4144,165,35,0,0
BG-42-002799,Industrial Corridor,Rajasthan,Udaipur,59.7,62,4,0,4,1,87.91,5,19.04,31,111,49.28,47.37,28,5,76,99,Compensation,115,42.57,0.3298,263,45,0,0
BG-42-002800,Industrial Corridor,Telangana,Hyderabad,486.81,531,10,2,6,2,89.71,3,59.52,161,37,31.17,31.3,154,4,90,237,Rehabilitation & Resettlement,108,78.77,0.3413,343,70,1,234
BG-42-002801,Irrigation,Madhya Pradesh,Bhopal,60.27,126,7,1,3,3,100.0,2,84.75,11,0,93.14,100.0,104,2,32,105,Possession,73,100.0,0.1736,149,135,0,0
BG-42-002802,Industrial Corridor,Karnataka,Bengaluru Urban,67.1,102,4,1,0,0,100.0,1,70.74,27,51,65.34,59.15,65,1,15,91,Award,64,73.9,0.5123,319,33,0,0
BG-42-002803,Highway,Tamil Nadu,Coimbatore,50.33,125,2,0,2,1,61.02,6,0.0,94,87,13.94,12.33,17,2,73,256,Notification,71,4.88,0.5065,399,52,0,0
BG-42-002804,Highway,Karnataka,Kalaburagi,88.48,199,6,1,4,2,65.42,4,46.89,70,68,44.41,50.95,80,6,102,146,Compensation,212,45.11,0.2179,197,88,1,320
BG-42-002805,Industrial Corridor,Maharashtra,Pune,78.96,147,5,1,1,0,75.91,1,2.53,79,86,28.47,24.44,39,0,29,92,Survey,69,34.1,0.194,266,29,1,235
BG-42-002806,Highway,Maharashtra,Thane,34.97,92,4,3,1,2,81.21,3,34.32,35,96,31.29,36.87,29,2,31,84,Objections,84,49.17,0.807,397,40,0,0
BG-42-002807,Irrigation,Maharashtra,Nagpur,60.98,84,5,0,1,0,80.49,4,7.29,51,82,17.39,14.38,13,1,24,69,Objections,38,36.97,0.3073,310,25,0,0
BG-42-002808,Irrigation,Rajasthan,Jodhpur,139.46,244,7,1,8,7,77.46,5,74.98,38,47,58.86,58.75,131,1,48,197,Rehabilitation & Resettlement,34,63.23,0.3584,110,102,1,295
BG-42-002809,Irrigation,Karnataka,Mysuru,194.73,297,7,3,3,0,97.2,4,4.02,213,113,14.37,10.15,40,0,42,177,Survey,122,0.0,0.745,269,56,1,393
BG-42-002810,Railway,Karnataka,Kalaburagi,87.29,151,5,0,3,1,91.16,4,19.62,91,63,31.63,26.2,46,2,48,137,Survey,52,43.39,0.4249,193,85,1,243
BG-42-002811,Industrial Corridor,Maharashtra,Nagpur,89.77,61,7,0,1,1,76.67,3,0.0,37,88,0.0,0.0,0,2,27,31,Notification,38,9.86,0.2613,366,29,1,185
BG-42-002812,Industrial Corridor,Gujarat,Ahmedabad,64.15,165,2,1,2,0,100.0,1,76.79,31,49,85.67,76.23,132,2,21,267,Possession,112,100.0,0.5967,58,43,0,0
BG-42-002813,Highway,Gujarat,Rajkot,57.29,150,3,2,5,2,82.21,3,42.83,79,70,38.12,28.92,53,0,12,177,Compensation,71,86.17,0.2782,139,71,0,0
BG-42-002814,Highway,Madhya Pradesh,Indore,41.03,67,3,1,0,0,99.62,3,31.79,37,83,40.3,36.22,25,0,22,93,Notification,32,22.16,0.0204,356,47,0,0
BG-42-002815,Highway,Maharashtra,Pune,24.65,44,2,0,3,0,55.71,3,0.0,33,129,0.96,0.0,0,1,11,58,Notification,33,0.0,0.8263,237,55,0,0
BG-42-002816,Railway,Karnataka,Kalaburagi,48.82,36,4,2,2,0,81.99,3,67.59,7,32,67.96,70.13,22,2,61,58,Compensation,66,66.3,0.5564,256,49,1,84
BG-42-002817,Irrigation,Uttar Pradesh,Agra,176.49,181,7,0,2,1,100.0,2,72.92,37,21,71.66,65.72,121,1,22,118,Objections,93,33.28,0.1946,181,27,0,0
BG-42-002818,Power Transmission,Gujarat,Surat,60.98,57,6,2,1,1,100.0,1,66.59,17,14,65.81,74.76,35,2,44,58,Compensation,86,94.35,0.2523,167,32,0,0
BG-42-002819,Railway,Karnataka,Belagavi,64.92,160,5,0,3,0,79.66,1,31.27,95,41,70.28,57.83,108,3,42,147,Award,73,47.29,0.227,349,63,0,0
BG-42-002820,Metro,Karnataka,Bengaluru Urban,63.92,47,5,0,0,0,100.0,0,89.07,4,1,100.0,90.26,46,0,0,35,Possession,6,100.0,0.1136,276,13,0,0
BG-42-002821,Highway,Uttar Pradesh,Agra,231.77,212,8,0,8,4,64.76,6,24.16,120,72,48.46,48.62,102,3,23,138,Objections,42,46.42,0.2829,454,161,1,305
BG-42-002822,Railway,Maharashtra,Nashik,40.74,40,3,0,2,0,100.0,2,50.2,18,41,53.9,61.33,20,4,77,54,Compensation,47,54.01,0.2747,252,30,0,0
BG-42-002823,Highway,Uttar Pradesh,Kanpur Nagar,106.87,118,7,2,4,4,75.65,4,0.0,71,85,0.0,0.0,0,4,65,124,Notification,98,9.51,0.6635,267,94,1,394
BG-42-002824,Industrial Corridor,Telangana,Nizamabad,81.06,141,7,1,4,1,100.0,4,83.06,16,20,80.48,89.68,102,3,43,117,Possession,47,100.0,0.2213,314,58,0,0
BG-42-002825,Industrial Corridor,Rajasthan,Jodhpur,90.41,211,4,1,4,1,97.16,4,82.6,22,13,80.96,84.2,168,2,16,193,Possession,41,100.0,0.5592,7,83,0,0
BG-42-002826,Power Transmission,Uttar Pradesh,Varanasi,104.11,131,8,1,5,3,98.52,2,55.49,50,40,73.38,74.51,87,3,60,85,Rehabilitation & Resettlement,98,100.0,0.7661,201,77,0,0
BG-42-002827,Irrigation,Uttar Pradesh,Varanasi,89.63,135,5,1,1,1,99.53,3,13.01,96,53,63.01,63.99,83,2,3,143,Award,60,66.45,0.4578,131,60,0,0
BG-42-002828,Highway,Madhya Pradesh,Indore,161.49,265,6,1,5,1,56.66,5,6.22,211,110,0.0,0.75,0,7,107,172,Survey,144,47.64,0.2284,250,48,0,0
BG-42-002829,Power Transmission,Rajasthan,Udaipur,83.65,140,6,0,2,0,82.63,4,46.41,59,43,49.91,43.27,63,2,0,100,Rehabilitation & Resettlement,50,84.28,0.2834,81,16,0,0
BG-42-002830,Highway,Rajasthan,Jodhpur,345.68,740,10,4,12,6,76.27,5,63.16,236,44,90.87,84.16,593,2,59,361,Rehabilitation & Resettlement,117,100.0,0.6759,368,137,1,451
BG-42-002831,Railway,Madhya Pradesh,Gwalior,88.73,196,6,1,5,2,88.12,5,17.52,140,71,4.73,0.0,9,0,31,178,Survey,43,37.81,0.3315,121,56,1,170
BG-42-002832,Metro,Karnataka,Mysuru,21.92,94,3,0,3,3,94.11,1,22.43,65,51,46.83,40.34,41,1,14,155,Award,14,45.93,0.5673,305,34,1,190
BG-42-002833,Highway,Maharashtra,Nagpur,142.69,315,8,1,4,2,79.59,3,64.73,65,58,44.45,46.96,132,2,37,183,Award,70,75.04,0.3439,215,54,1,159
BG-42-002834,Highway,Uttar Pradesh,Varanasi,117.18,286,5,0,5,0,85.71,3,36.87,104,30,53.75,60.8,137,3,64,241,Rehabilitation & Resettlement,96,65.41,0.4808,179,58,0,0
BG-42-002835,Railway,Tamil Nadu,Salem,87.89,163,6,0,2,0,70.78,2,29.92,85,63,50.7,39.79,81,2,4,123,Compensation,157,71.44,0.3268,177,33,1,291
BG-42-002836,Highway,Karnataka,Bengaluru Urban,69.57,176,7,2,4,4,98.68,4,66.17,35,71,74.05,64.12,122,1,29,186,Compensation,79,75.02,0.2868,109,53,0,0
BG-42-002837,Irrigation,Maharashtra,Pune,15.77,39,2,0,1,2,84.2,0,100.0,0,0,90.0,98.03,34,0,0,149,Compensation,8,100.0,0.0524,155,26,0,0
BG-42-002838,Railway,Madhya Pradesh,Gwalior,18.04,27,3,0,0,1,70.45,3,9.73,18,39,0.0,0.0,0,2,28,47,Objections,142,2.29,0.5468,271,10,1,179
BG-42-002839,Metro,Rajasthan,Udaipur,319.9,444,10,1,5,1,94.98,4,43.37,230,53,23.42,25.85,93,1,24,189,Award,127,73.69,0.7509,86,66,1,236
BG-42-002840,Irrigation,Gujarat,Vadodara,53.6,127,5,1,2,1,61.67,2,4.95,81,82,0.0,0.0,0,1,44,107,Notification,57,0.0,0.5788,107,45,0,0
BG-42-002841,Industrial Corridor,Maharashtra,Nashik,185.4,318,8,2,7,2,61.75,5,61.87,114,43,72.35,84.75,207,3,31,216,Rehabilitation & Resettlement,135,97.58,0.5837,288,125,1,281
BG-42-002842,Railway,Tamil Nadu,Coimbatore,23.75,106,2,2,1,3,75.43,1,20.79,76,67,38.59,36.65,37,1,41,170,Award,115,53.7,0.3316,40,88,0,0
BG-42-002843,Irrigation,Rajasthan,Kota,37.06,38,5,1,3,0,92.64,1,42.44,17,60,44.29,47.9,16,2,68,71,Award,81,68.12,0.6269,7,44,0,0
BG-42-002844,Highway,Rajasthan,Kota,147.37,200,6,1,2,0,82.69,4,37.99,93,75,56.61,61.17,102,0,4,137,Objections,66,76.05,0.3376,440,38,1,115
BG-42-002845,Highway,Gujarat,Surat,78.89,102,8,3,3,1,81.87,2,18.56,72,75,22.43,6.7,22,7,117,43,Survey,152,3.43,0.8424,324,93,1,400
BG-42-002846,Metro,Gujarat,Ahmedabad,131.65,266,7,0,1,0,94.31,1,37.66,94,59,44.25,28.02,113,1,3,147,Compensation,21,78.17,0.6109,398,46,0,0
BG-42-002847,Railway,Uttar Pradesh,Lucknow,84.7,166,6,3,5,3,85.97,3,12.71,96,77,33.01,25.75,52,3,97,131,Objections,148,46.69,0.553,92,91,1,451
BG-42-002848,Power Transmission,Telangana,Warangal,72.52,144,6,3,5,4,73.01,7,0.0,95,138,0.0,0.0,0,1,6,151,Notification,146,0.0,0.645,348,73,1,357
BG-42-002849,Highway,Tamil Nadu,Madurai,49.7,47,5,1,0,0,78.83,2,50.9,14,68,55.66,52.98,24,1,23,32,Rehabilitation & Resettlement,134,76.72,0.2193,166,24,0,0
BG-42-002850,Industrial Corridor,Maharashtra,Nashik,32.94,57,5,0,1,0,84.79,0,52.06,16,78,50.68,56.07,27,2,31,22,Award,34,47.7,0.8169,241,35,0,0
BG-42-002851,Industrial Corridor,Madhya Pradesh,Jabalpur,263.0,180,7,4,5,2,66.3,5,24.87,117,101,7.06,0.0,11,4,48,125,Award,134,31.77,0.8735,200,85,1,337
BG-42-002852,Irrigation,Maharashtra,Nashik,300.02,420,11,1,6,3,67.53,6,95.07,12,0,88.0,77.01,347,1,0,189,Award,40,89.82,0.4902,254,106,0,0
BG-42-002853,Highway,Tamil Nadu,Coimbatore,37.3,78,3,0,2,1,95.64,0,100.0,0,0,100.0,89.91,69,2,18,68,Rehabilitation & Resettlement,56,100.0,0.3947,261,36,0,0
BG-42-002854,Highway,Maharashtra,Nagpur,35.4,54,4,1,2,1,83.32,4,31.43,30,77,17.88,24.15,9,5,67,80,Objections,89,36.9,0.6041,389,33,1,236
BG-42-002855,Irrigation,Karnataka,Belagavi,64.83,119,4,0,3,0,77.32,1,49.91,45,39,54.11,57.52,64,1,22,114,Rehabilitation & Resettlement,73,70.42,0.5722,242,33,0,0
BG-42-002856,Industrial Corridor,Uttar Pradesh,Agra,112.43,212,6,2,7,3,64.96,5,92.7,13,33,69.02,56.03,143,4,27,200,Possession,152,100.0,0.547,7,95,1,251
BG-42-002857,Highway,Karnataka,Kalaburagi,74.04,131,6,2,2,0,90.1,2,81.42,15,26,92.69,95.92,117,2,59,132,Compensation,55,100.0,0.368,141,64,0,0
BG-42-002858,Highway,Uttar Pradesh,Kanpur Nagar,127.69,215,4,2,9,3,100.0,6,63.37,74,59,44.39,37.33,93,5,74,287,Award,160,70.23,0.4883,7,98,1,379
BG-42-002859,Power Transmission,Madhya Pradesh,Jabalpur,82.32,86,5,0,3,1,89.29,4,100.0,0,40,83.06,69.28,70,2,34,86,Rehabilitation & Resettlement,104,100.0,0.3668,175,52,0,0
BG-42-002860,Industrial Corridor,Karnataka,Mysuru,78.12,149,4,0,2,0,71.88,5,52.35,64,19,50.07,47.09,71,4,50,166,Award,65,80.94,0.1115,357,23,0,0
BG-42-002861,Industrial Corridor,Madhya Pradesh,Gwalior,590.2,1303,11,2,20,6,81.79,11,63.32,350,15,35.35,31.84,457,3,42,500,Award,83,80.14,0.5331,66,176,1,446
BG-42-002862,Irrigation,Uttar Pradesh,Varanasi,56.25,117,3,0,6,0,93.33,5,55.9,32,35,47.42,50.96,55,2,45,189,Compensation,96,59.75,0.354,208,71,0,0
BG-42-002863,Highway,Rajasthan,Udaipur,317.97,603,9,2,9,3,79.85,7,68.13,162,39,46.2,42.72,261,2,68,370,Objections,58,63.04,0.5521,221,79,0,0
BG-42-002864,Highway,Uttar Pradesh,Kanpur Nagar,272.46,471,8,1,7,5,100.0,3,35.3,215,52,36.33,42.79,165,0,38,281,Survey,37,36.49,0.265,261,58,1,233
BG-42-002865,Industrial Corridor,Tamil Nadu,Chennai,128.16,352,7,1,5,3,78.71,3,56.02,97,52,49.52,56.92,169,2,46,205,Award,58,93.2,0.1713,415,47,0,0
BG-42-002866,Irrigation,Maharashtra,Pune,18.34,47,5,0,5,2,82.22,4,0.0,42,79,18.84,11.74,8,1,0,86,Survey,67,0.0,0.3506,240,51,0,0
BG-42-002867,Highway,Rajasthan,Kota,87.78,38,6,0,3,1,78.84,5,37.72,14,40,25.89,21.8,10,3,36,64,Award,87,53.84,0.5093,295,77,1,219
BG-42-002868,Industrial Corridor,Madhya Pradesh,Gwalior,56.73,99,6,4,3,2,70.98,4,57.05,40,64,48.05,53.27,45,6,92,96,Compensation,178,85.92,0.5851,148,70,1,333
BG-42-002869,Highway,Rajasthan,Kota,87.01,145,7,1,8,3,82.11,4,100.0,0,24,100.0,97.69,133,2,30,146,Possession,70,100.0,0.597,110,74,1,243
BG-42-002870,Highway,Rajasthan,Udaipur,36.58,88,3,1,2,1,58.56,6,0.0,51,94,0.0,5.47,0,2,14,127,Notification,114,7.81,0.3498,274,24,1,241
BG-42-002871,Irrigation,Gujarat,Surat,156.81,251,9,4,7,4,98.59,3,28.13,135,117,36.05,41.81,89,1,72,157,Compensation,256,54.09,0.6522,216,81,1,442
BG-42-002872,Highway,Uttar Pradesh,Agra,188.29,195,7,5,3,5,93.91,3,26.48,117,83,16.91,1.3,31,1,55,130,Award,122,49.18,0.4278,123,82,1,409
BG-42-002873,Highway,Maharashtra,Thane,218.33,450,7,2,7,3,87.48,5,0.0,392,79,0.0,1.82,0,1,20,319,Notification,180,0.0,0.3227,62,90,1,421
BG-42-002874,Power Transmission,Rajasthan,Jaipur,63.07,76,5,1,3,1,70.0,5,27.03,49,73,0.0,0.79,0,3,60,91,Objections,114,25.54,0.2001,222,69,1,264
BG-42-002875,Railway,Telangana,Karimnagar,36.69,89,4,0,5,2,76.4,5,28.38,36,31,0.0,1.05,0,2,23,127,Survey,85,49.26,0.5111,179,34,1,206
BG-42-002876,Railway,Tamil Nadu,Chennai,113.45,179,4,1,2,1,84.03,3,33.88,100,98,33.75,34.11,53,5,74,198,Survey,97,15.56,0.5838,226,31,1,252
BG-42-002877,Power Transmission,Telangana,Nizamabad,348.93,232,8,2,5,4,77.95,3,25.94,95,104,20.22,20.43,42,1,17,165,Objections,91,12.03,0.1625,48,88,0,0
BG-42-002878,Highway,Telangana,Warangal,90.51,220,8,0,5,1,83.8,3,76.26,47,48,61.88,73.93,124,1,2,136,Award,56,91.89,0.3118,246,34,0,0
BG-42-002879,Industrial Corridor,Karnataka,Mysuru,122.96,191,7,0,10,2,98.32,5,47.21,89,6,83.09,83.98,145,0,25,162,Compensation,159,98.21,0.5909,17,69,1,323
BG-42-002880,Railway,Rajasthan,Udaipur,70.96,130,7,1,4,2,63.45,5,0.0,95,82,2.13,0.0,3,1,38,73,Notification,55,0.0,0.2137,388,62,1,213
BG-42-002881,Highway,Gujarat,Vadodara,57.24,145,4,1,4,3,56.28,9,0.0,131,89,13.9,8.43,18,0,37,177,Survey,39,10.71,0.4357,316,51,0,0
BG-42-002882,Industrial Corridor,Uttar Pradesh,Lucknow,144.98,109,6,4,2,4,82.96,3,0.0,84,107,0.0,0.0,0,7,113,139,Survey,149,0.0,0.6242,207,64,1,300
BG-42-002883,Railway,Gujarat,Ahmedabad,78.66,123,3,0,2,1,82.48,2,75.62,27,37,62.01,69.87,72,1,18,156,Compensation,53,74.36,0.3487,291,18,0,0
BG-42-002884,Power Transmission,Madhya Pradesh,Bhopal,118.25,145,7,1,3,3,88.34,1,32.78,75,83,46.21,35.54,64,2,47,49,Objections,83,51.85,0.3416,233,64,0,0
BG-42-002885,Irrigation,Gujarat,Surat,128.51,138,7,1,3,1,84.74,1,75.91,18,59,73.84,83.72,91,3,39,123,Compensation,62,100.0,0.1748,201,41,1,104
BG-42-002886,Power Transmission,Telangana,Hyderabad,113.07,224,6,4,3,1,74.6,1,0.0,168,119,11.99,11.38,26,3,49,162,Survey,223,9.17,0.4505,363,69,1,385
BG-42-002887,Railway,Telangana,Warangal,133.79,259,6,2,2,1,72.44,1,0.0,176,92,0.0,0.0,0,2,54,162,Notification,73,0.0,0.3698,327,121,1,285
BG-42-002888,Highway,Telangana,Karimnagar,43.28,54,6,0,3,1,79.23,3,99.06,0,5,85.24,93.58,42,0,0,37,Possession,30,100.0,0.5089,7,29,0,0
BG-42-002889,Irrigation,Telangana,Karimnagar,41.21,69,4,0,0,0,79.07,3,30.44,45,74,12.15,16.46,8,0,3,89,Survey,53,27.78,0.6109,260,65,0,0
BG-42-002890,Metro,Karnataka,Kalaburagi,82.76,185,5,0,5,3,87.81,4,17.8,143,49,12.84,7.85,21,1,45,174,Survey,74,30.79,0.5266,370,49,1,309
BG-42-002891,Industrial Corridor,Maharashtra,Nashik,84.36,132,5,1,1,0,85.36,0,16.33,81,74,17.91,17.39,21,0,4,122,Survey,30,22.5,0.552,108,18,0,0
BG-42-002892,Power Transmission,Karnataka,Belagavi,56.38,77,4,0,1,0,92.01,0,95.85,2,38,100.0,100.0,71,1,25,79,Possession,153,100.0,0.0747,172,16,0,0
BG-42-002893,Railway,Karnataka,Kalaburagi,103.83,218,7,2,2,1,60.64,4,8.93,183,100,40.04,47.33,81,3,56,164,Compensation,97,44.08,0.311,140,49,1,247
BG-42-002894,Highway,Gujarat,Ahmedabad,177.08,368,6,2,10,2,92.88,5,53.92,110,71,48.76,45.55,175,2,47,302,Compensation,165,85.42,0.3103,480,106,1,412
BG-42-002895,Industrial Corridor,Rajasthan,Udaipur,221.41,232,8,1,8,5,71.25,5,72.39,61,37,80.76,89.51,181,2,8,159,Possession,86,69.51,0.5684,245,97,0,0
BG-42-002896,Industrial Corridor,Uttar Pradesh,Varanasi,265.02,410,10,2,5,5,56.0,2,0.0,305,113,0.0,0.0,0,2,54,197,Notification,78,0.0,0.3988,566,112,1,345
BG-42-002897,Railway,Maharashtra,Nashik,29.91,80,4,1,2,1,82.98,1,92.86,4,25,100.0,100.0,75,0,43,92,Possession,84,100.0,0.3826,110,26,0,0
BG-42-002898,Industrial Corridor,Gujarat,Surat,33.77,55,5,1,3,0,84.64,1,37.44,29,94,40.05,25.32,22,0,39,46,Survey,134,22.59,0.4137,326,51,0,0
BG-42-002899,Power Transmission,Tamil Nadu,Coimbatore,67.92,139,7,0,6,1,83.73,6,46.22,69,40,35.51,45.71,47,1,16,107,Compensation,86,76.05,0.5187,275,46,0,0
BG-42-002900,Railway,Telangana,Hyderabad,91.31,89,7,2,4,2,79.36,5,27.82,56,60,30.79,14.78,26,1,68,85,Award,124,52.41,0.374,184,51,1,331
BG-42-002901,Highway,Maharashtra,Pune,70.76,128,5,1,4,1,97.63,0,57.1,46,13,62.72,54.37,73,3,72,154,Award,68,69.74,0.1949,435,83,0,0
BG-42-002902,Industrial Corridor,Tamil Nadu,Coimbatore,55.03,57,5,1,3,2,92.34,3,100.0,0,10,100.0,100.0,53,1,24,60,Possession,80,100.0,0.4412,83,47,0,0
BG-42-002903,Power Transmission,Maharashtra,Pune,67.12,113,6,0,2,3,69.29,5,12.25,60,92,0.0,0.0,0,1,48,107,Survey,23,8.72,0.3904,255,40,0,0
BG-42-002904,Irrigation,Tamil Nadu,Madurai,126.05,240,6,1,2,2,81.76,1,78.97,45,49,94.65,98.31,214,4,60,152,Possession,110,100.0,0.3689,150,26,0,0
BG-42-002905,Highway,Madhya Pradesh,Indore,29.56,51,3,1,2,2,88.45,0,65.2,14,39,73.3,61.79,35,0,23,109,Award,62,82.11,0.3835,176,83,0,0
BG-42-002906,Irrigation,Uttar Pradesh,Kanpur Nagar,558.18,650,11,1,4,1,92.08,5,79.52,110,51,100.0,91.26,622,2,65,276,Compensation,81,84.53,0.1548,163,71,0,0
BG-42-002907,Power Transmission,Uttar Pradesh,Lucknow,87.08,96,9,1,3,1,78.54,3,86.78,11,26,100.0,95.67,91,2,29,72,Possession,72,100.0,0.2744,430,34,0,0
BG-42-002908,Industrial Corridor,Tamil Nadu,Salem,198.48,452,7,3,8,4,60.94,9,0.0,268,79,0.0,0.0,0,4,75,279,Notification,120,0.0,0.4107,384,85,1,460
BG-42-002909,Railway,Tamil Nadu,Madurai,53.84,78,6,3,4,4,95.25,2,68.96,16,61,84.58,91.64,61,2,23,72,Possession,88,100.0,0.2957,324,116,0,0
BG-42-002910,Highway,Gujarat,Surat,135.57,134,6,3,4,5,88.58,5,48.39,59,51,79.67,77.11,105,1,30,137,Compensation,92,81.88,0.465,270,84,1,372
BG-42-002911,Metro,Madhya Pradesh,Jabalpur,92.77,205,8,0,4,1,85.58,4,61.03,75,28,80.45,69.35,164,3,53,108,Compensation,120,58.03,0.6664,77,53,1,258
BG-42-002912,Railway,Gujarat,Surat,169.94,360,7,1,5,1,73.88,4,12.58,293,104,11.9,9.41,40,2,39,186,Survey,69,33.05,0.5765,185,66,1,289
BG-42-002913,Railway,Gujarat,Ahmedabad,73.05,97,5,1,2,1,100.0,0,73.55,15,55,59.41,57.33,55,1,38,113,Compensation,72,93.61,0.1786,57,61,0,0
BG-42-002914,Irrigation,Uttar Pradesh,Varanasi,296.26,311,7,1,7,2,98.85,2,61.17,93,49,56.78,58.69,173,1,0,198,Compensation,52,68.65,0.0531,205,58,1,181
BG-42-002915,Highway,Maharashtra,Thane,25.95,87,5,0,2,1,94.78,1,32.52,35,46,38.49,35.51,32,0,14,54,Award,65,46.16,0.7693,221,35,0,0
BG-42-002916,Irrigation,Gujarat,Vadodara,183.0,166,9,1,2,1,81.56,2,0.0,130,71,0.0,0.0,0,0,0,69,Survey,45,37.34,0.4154,70,100,1,204
BG-42-002917,Metro,Telangana,Nizamabad,94.16,222,4,0,5,0,86.53,4,38.0,109,63,30.96,27.22,64,1,35,230,Objections,98,40.52,0.3757,192,47,1,183
BG-42-002918,Power Transmission,Rajasthan,Jaipur,37.91,133,6,1,7,1,81.45,4,33.4,56,68,36.64,51.44,44,3,33,117,Rehabilitation & Resettlement,68,86.13,0.2215,145,82,0,0
BG-42-002919,Railway,Maharashtra,Nagpur,408.16,246,9,0,4,1,44.98,9,5.92,218,74,9.72,10.44,22,3,60,109,Notification,36,0.0,0.5974,238,56,1,236
BG-42-002920,Industrial Corridor,Gujarat,Vadodara,375.76,547,11,1,8,3,72.37,8,37.76,222,69,21.1,11.33,114,2,13,247,Compensation,68,48.06,0.4795,219,76,1,304
BG-42-002921,Industrial Corridor,Madhya Pradesh,Indore,16.3,48,3,5,3,0,100.0,2,89.99,4,41,65.11,71.14,28,4,96,75,Possession,129,100.0,0.2276,71,102,1,361
BG-42-002922,Irrigation,Karnataka,Bengaluru Urban,98.64,221,7,0,6,4,77.65,7,0.0,208,76,13.45,30.12,27,0,8,173,Notification,70,24.9,0.6583,187,53,1,306
BG-42-002923,Highway,Karnataka,Kalaburagi,150.59,129,7,4,2,3,95.61,3,20.04,97,70,40.66,42.89,47,1,51,97,Survey,103,48.17,0.5667,266,74,1,299
BG-42-002924,Highway,Gujarat,Surat,121.92,257,7,0,4,2,81.89,3,53.19,101,42,67.36,64.89,155,1,16,151,Compensation,136,57.23,0.5394,248,45,0,0
BG-42-002925,Irrigation,Tamil Nadu,Coimbatore,287.85,517,10,0,8,1,62.98,7,0.0,443,79,0.0,0.0,0,1,34,245,Notification,43,0.0,0.29,306,69,1,311
BG-42-002926,Highway,Gujarat,Vadodara,243.74,498,8,2,6,4,81.2,4,50.24,170,49,56.04,53.27,277,2,50,282,Compensation,84,100.0,0.5921,403,82,0,0
BG-42-002927,Industrial Corridor,Gujarat,Surat,105.86,116,6,0,1,0,100.0,3,86.32,11,14,58.52,46.65,61,0,10,103,Compensation,35,84.36,0.5178,149,34,0,0
BG-42-002928,Highway,Tamil Nadu,Madurai,529.37,734,10,1,9,4,67.34,5,31.85,468,65,33.28,33.63,241,3,52,280,Compensation,125,52.69,0.4294,217,91,0,0
BG-42-002929,Highway,Maharashtra,Nagpur,181.18,420,7,0,7,1,73.92,3,23.03,188,57,4.57,0.0,18,0,0,237,Objections,4,29.83,0.1951,273,100,0,0
BG-42-002930,Industrial Corridor,Rajasthan,Jodhpur,64.64,85,7,1,2,1,91.65,2,57.86,27,55,57.22,59.82,43,1,32,68,Compensation,82,88.66,0.4301,309,75,1,171
BG-42-002931,Industrial Corridor,Uttar Pradesh,Lucknow,55.04,109,6,3,1,2,86.66,0,65.73,24,42,67.15,51.0,66,3,49,75,Compensation,205,92.2,0.4631,113,45,0,0
BG-42-002932,Industrial Corridor,Telangana,Hyderabad,231.52,551,7,0,11,1,68.34,6,0.0,341,91,0.0,0.0,0,1,37,359,Survey,54,0.0,0.4624,335,118,1,381
BG-42-002933,Metro,Tamil Nadu,Salem,45.41,124,6,0,2,0,100.0,1,35.52,53,41,14.03,24.51,17,2,26,84,Compensation,30,69.04,0.4445,260,23,0,0
BG-42-002934,Power Transmission,Karnataka,Belagavi,61.7,183,5,0,4,1,100.0,1,98.37,3,0,96.21,86.73,164,3,42,146,Possession,127,100.0,0.5029,7,29,1,163
BG-42-002935,Irrigation,Telangana,Warangal,70.69,107,6,0,4,1,88.16,2,42.85,50,60,55.55,48.25,59,0,24,131,Compensation,59,47.52,0.3898,179,28,0,0
BG-42-002936,Railway,Gujarat,Surat,113.81,238,7,2,8,1,72.26,5,56.57,76,25,27.3,28.23,58,1,25,169,Award,150,64.24,0.3115,272,89,1,298
BG-42-002937,Railway,Rajasthan,Kota,73.35,85,6,0,0,0,79.07,2,56.58,27,63,22.42,16.06,19,1,12,50,Objections,60,36.91,0.0927,238,6,0,0
BG-42-002938,Railway,Madhya Pradesh,Gwalior,29.86,80,2,1,3,3,89.22,1,0.0,54,100,0.0,7.53,0,3,51,163,Notification,72,0.0,0.5676,541,31,1,212
BG-42-002939,Power Transmission,Telangana,Karimnagar,216.95,237,9,0,6,3,76.87,4,20.43,161,69,30.76,26.53,65,0,26,164,Objections,37,46.37,0.3382,305,47,1,228
BG-42-002940,Railway,Telangana,Nizamabad,61.96,175,2,0,1,0,88.66,3,0.0,106,94,22.11,27.86,36,1,35,318,Notification,53,9.41,0.6962,332,37,0,0
BG-42-002941,Industrial Corridor,Telangana,Warangal,430.93,549,12,2,5,1,93.86,5,90.56,33,1,63.44,65.27,316,2,54,202,Possession,118,100.0,0.5201,195,62,0,0
BG-42-002942,Metro,Uttar Pradesh,Agra,109.2,191,6,0,2,1,64.16,6,0.0,139,91,0.0,0.0,0,0,0,124,Survey,27,0.0,0.2022,347,18,0,0
BG-42-002943,Industrial Corridor,Maharashtra,Thane,235.98,524,9,0,14,5,78.29,8,71.77,92,0,99.91,99.05,493,2,49,305,Rehabilitation & Resettlement,59,77.96,0.4918,169,116,1,307
BG-42-002944,Power Transmission,Rajasthan,Jodhpur,141.84,310,7,0,7,2,62.38,8,1.3,237,101,0.0,0.85,0,4,39,239,Survey,49,0.0,0.6205,232,59,1,352
BG-42-002945,Metro,Telangana,Karimnagar,245.19,263,9,1,3,1,93.41,1,53.97,81,30,50.2,45.16,131,0,17,94,Objections,53,80.7,0.175,207,44,0,0
BG-42-002946,Metro,Madhya Pradesh,Gwalior,135.13,291,7,2,5,2,66.42,6,0.0,240,110,11.16,18.56,31,1,61,168,Award,95,20.23,0.4527,108,50,1,314
BG-42-002947,Highway,Gujarat,Rajkot,103.35,133,6,0,2,0,67.62,4,43.19,42,33,53.4,41.13,69,3,31,115,Objections,95,44.17,0.2407,217,78,0,0
BG-42-002948,Metro,Rajasthan,Jaipur,205.32,235,8,1,5,0,76.16,7,96.86,6,13,78.87,89.74,179,1,43,127,Rehabilitation & Resettlement,93,100.0,0.1545,89,70,0,0
BG-42-002949,Highway,Rajasthan,Jaipur,625.64,417,14,2,7,6,88.25,3,78.4,85,34,78.92,66.65,328,5,78,180,Possession,186,100.0,0.4867,60,97,1,285
BG-42-002950,Power Transmission,Maharashtra,Nashik,69.0,155,6,3,4,5,64.95,3,63.51,49,50,42.63,48.88,58,2,25,154,Possession,93,100.0,0.1717,325,68,1,276
BG-42-002951,Railway,Maharashtra,Thane,161.73,354,5,0,8,3,94.51,4,14.4,181,84,11.71,25.25,37,1,35,335,Survey,27,7.14,0.5042,172,94,1,319
BG-42-002952,Highway,Maharashtra,Pune,85.27,310,5,2,4,0,67.73,1,15.49,178,64,45.36,57.19,131,3,53,233,Rehabilitation & Resettlement,97,59.2,0.7079,103,57,1,295
BG-42-002953,Highway,Madhya Pradesh,Bhopal,128.36,210,7,2,5,4,74.22,4,0.0,188,62,0.0,0.0,0,8,108,142,Survey,155,9.06,0.6516,125,60,1,464
BG-42-002954,Metro,Telangana,Hyderabad,88.56,146,7,0,5,1,87.56,0,96.48,3,0,79.5,77.87,102,1,36,98,Possession,43,100.0,0.3263,348,118,0,0
BG-42-002955,Irrigation,Tamil Nadu,Chennai,15.24,40,2,0,2,1,88.54,0,43.42,19,69,41.29,39.5,16,3,50,93,Award,39,67.98,0.1202,175,35,0,0
BG-42-002956,Railway,Uttar Pradesh,Agra,72.96,178,8,1,4,3,66.15,4,13.93,89,72,30.98,41.93,52,3,38,148,Objections,84,22.96,0.7098,87,68,1,307
BG-42-002957,Highway,Uttar Pradesh,Varanasi,190.5,421,8,0,6,0,85.86,1,28.72,195,51,45.34,32.41,168,0,0,234,Survey,20,30.83,0.374,270,40,0,0
BG-42-002958,Railway,Karnataka,Belagavi,46.42,132,5,2,4,3,60.33,5,0.0,125,128,0.0,0.0,0,0,19,129,Notification,79,1.81,0.3854,81,59,1,267
BG-42-002959,Irrigation,Uttar Pradesh,Kanpur Nagar,178.89,226,6,1,4,2,88.52,0,50.37,101,31,66.63,57.09,150,3,45,169,Objections,50,52.14,0.5652,351,57,0,0
BG-42-002960,Power Transmission,Tamil Nadu,Madurai,99.18,124,7,0,2,0,93.9,1,85.38,13,33,100.0,99.71,110,0,8,80,Possession,82,100.0,0.467,7,48,0,0
BG-42-002961,Highway,Gujarat,Rajkot,73.46,140,5,1,2,1,89.56,3,83.57,19,5,86.27,79.91,114,2,45,128,Rehabilitation & Resettlement,47,100.0,0.1263,227,77,0,0
BG-42-002962,Industrial Corridor,Telangana,Nizamabad,176.74,297,6,2,9,4,65.9,8,71.76,62,19,77.69,77.06,221,6,111,220,Possession,106,95.66,0.8721,96,106,1,291
BG-42-002963,Power Transmission,Maharashtra,Thane,147.65,197,6,2,4,2,80.24,6,0.0,112,111,0.0,0.0,0,2,64,153,Survey,144,5.26,0.2712,285,69,0,0
BG-42-002964,Power Transmission,Uttar Pradesh,Varanasi,119.87,90,8,0,5,1,67.25,3,56.51,35,51,39.68,26.1,33,3,100,101,Compensation,72,46.84,0.4629,81,35,0,0
BG-42-002965,Metro,Madhya Pradesh,Indore,193.01,176,8,0,3,1,57.36,4,25.97,113,49,10.94,16.81,18,3,51,126,Objections,120,50.12,0.4396,363,36,0,0
BG-42-002966,Power Transmission,Telangana,Nizamabad,100.73,151,5,2,4,2,85.84,2,80.19,28,0,48.72,30.65,70,4,53,171,Compensation,127,69.27,0.3311,131,65,1,270
BG-42-002967,Industrial Corridor,Telangana,Karimnagar,22.97,65,3,1,4,0,89.13,4,15.98,32,75,15.58,14.78,10,2,42,98,Objections,101,49.24,0.323,7,43,0,0
BG-42-002968,Highway,Gujarat,Rajkot,63.28,99,7,0,1,1,74.52,3,21.67,49,65,0.0,0.0,0,2,24,43,Objections,57,24.43,0.1519,7,122,1,211
BG-42-002969,Highway,Maharashtra,Nashik,20.22,53,3,2,1,1,65.44,3,59.37,14,82,68.89,72.19,35,3,39,65,Compensation,160,86.19,0.4982,212,46,0,0
BG-42-002970,Railway,Madhya Pradesh,Jabalpur,144.88,153,7,3,3,2,72.84,3,0.0,122,78,0.0,15.35,0,2,46,120,Survey,106,0.0,0.3023,427,51,1,376
BG-42-002971,Highway,Gujarat,Rajkot,175.38,344,8,3,6,2,91.29,4,36.19,205,67,88.34,71.6,300,3,105,173,Award,91,85.48,0.0932,181,98,1,367
BG-42-002972,Railway,Madhya Pradesh,Jabalpur,181.88,284,3,2,3,2,87.7,1,56.83,108,48,59.94,52.93,150,3,53,349,Compensation,163,93.08,0.7925,150,57,0,0
BG-42-002973,Power Transmission,Madhya Pradesh,Jabalpur,126.63,93,8,3,3,3,70.54,5,0.0,84,99,3.66,0.0,3,4,101,76,Survey,180,2.54,0.6691,169,61,1,462
BG-42-002974,Power Transmission,Tamil Nadu,Coimbatore,185.74,257,6,1,6,0,76.24,5,86.25,33,10,78.99,70.95,184,1,46,189,Possession,49,100.0,0.5283,138,61,0,0
BG-42-002975,Highway,Maharashtra,Thane,24.26,55,3,0,1,0,90.29,3,59.91,19,28,53.22,56.84,28,0,14,90,Award,21,64.77,0.3546,245,140,0,0
BG-42-002976,Highway,Gujarat,Rajkot,78.57,175,7,1,4,2,76.59,3,59.76,53,39,79.17,76.92,129,3,70,97,Rehabilitation & Resettlement,175,86.58,0.3112,167,49,0,0
BG-42-002977,Industrial Corridor,Uttar Pradesh,Lucknow,27.61,154,6,0,5,1,97.04,3,70.58,29,34,47.39,39.49,67,3,52,163,Compensation,89,55.69,0.1422,18,36,1,262
BG-42-002978,Metro,Maharashtra,Pune,64.29,99,6,0,4,1,92.39,4,60.58,26,53,65.96,55.79,63,0,0,108,Rehabilitation & Resettlement,29,99.0,0.5248,7,34,0,0
BG-42-002979,Highway,Tamil Nadu,Chennai,312.0,508,10,1,13,2,98.94,4,25.79,301,75,47.94,29.45,235,2,49,285,Rehabilitation & Resettlement,78,63.67,0.7497,7,104,1,406
BG-42-002980,Power Transmission,Madhya Pradesh,Indore,205.32,253,9,0,6,1,89.23,5,79.67,48,11,100.0,100.0,242,0,10,126,Possession,24,100.0,0.4398,45,54,0,0
BG-42-002981,Highway,Tamil Nadu,Chennai,145.45,122,8,0,2,1,77.78,2,29.67,63,81,32.3,25.2,39,2,2,73,Compensation,73,37.69,0.1286,68,26,0,0
BG-42-002982,Highway,Tamil Nadu,Salem,74.05,123,7,1,6,4,88.67,5,8.96,84,88,0.0,12.99,0,1,30,129,Objections,191,0.0,0.27,253,78,1,293
BG-42-002983,Power Transmission,Gujarat,Rajkot,38.67,109,4,1,0,0,81.74,3,0.0,83,95,9.3,17.24,10,1,26,84,Survey,150,0.0,0.4812,116,27,1,257
BG-42-002984,Industrial Corridor,Gujarat,Ahmedabad,99.45,180,5,1,2,0,90.4,1,92.89,11,1,96.28,91.94,159,3,55,104,Compensation,83,100.0,0.2562,202,48,0,0
BG-42-002985,Railway,Tamil Nadu,Salem,208.21,196,7,2,1,2,73.65,3,0.0,159,116,0.0,0.0,0,2,94,90,Notification,106,0.0,0.4073,428,26,1,251
BG-42-002986,Industrial Corridor,Telangana,Hyderabad,118.85,233,6,2,4,3,57.87,3,14.41,150,85,26.87,17.84,57,0,52,220,Objections,87,19.74,0.5122,379,51,1,302
BG-42-002987,Irrigation,Rajasthan,Udaipur,24.08,19,4,1,5,3,62.4,2,3.76,15,103,0.0,0.0,0,3,55,74,Notification,106,0.0,0.5366,410,78,1,313
BG-42-002988,Highway,Karnataka,Mysuru,93.1,113,5,2,2,1,77.91,3,74.85,17,28,53.3,47.58,57,1,52,92,Compensation,78,84.86,0.4793,131,35,0,0
BG-42-002989,Industrial Corridor,Tamil Nadu,Chennai,18.53,3,4,0,2,0,69.91,5,29.68,1,48,23.9,21.23,1,1,13,77,Survey,32,23.51,0.1444,301,67,0,0
BG-42-002990,Highway,Telangana,Warangal,162.93,129,5,0,3,0,100.0,1,62.38,33,8,65.27,69.73,76,0,0,136,Compensation,62,84.5,0.2454,178,67,0,0
BG-42-002991,Metro,Maharashtra,Thane,49.19,51,5,2,1,1,74.53,0,78.37,10,34,81.64,95.21,39,2,60,84,Rehabilitation & Resettlement,77,63.55,0.3244,222,41,0,0
BG-42-002992,Railway,Maharashtra,Thane,32.19,67,4,1,0,0,79.77,1,55.21,24,28,69.39,61.91,43,3,45,68,Rehabilitation & Resettlement,156,69.78,0.4855,98,20,1,220
BG-42-002993,Railway,Gujarat,Ahmedabad,164.74,289,7,1,4,1,74.59,3,26.13,125,51,21.5,6.64,61,1,33,196,Objections,50,27.43,0.2422,201,37,0,0
BG-42-002994,Highway,Uttar Pradesh,Agra,133.95,242,8,1,4,4,99.36,1,68.91,57,51,57.79,53.23,135,0,3,146,Compensation,46,88.25,0.0553,170,39,1,234
BG-42-002995,Power Transmission,Tamil Nadu,Coimbatore,103.12,60,7,2,1,3,65.31,2,53.93,17,61,49.04,47.49,26,2,47,27,Compensation,131,88.59,0.344,260,55,0,0
BG-42-002996,Railway,Uttar Pradesh,Kanpur Nagar,494.41,1169,14,1,19,5,53.29,11,29.87,682,50,23.55,25.67,271,5,87,449,Award,129,40.9,0.6425,413,172,1,510
BG-42-002997,Irrigation,Karnataka,Bengaluru Urban,142.31,349,6,1,4,1,86.37,1,30.97,188,16,26.87,33.52,93,1,47,236,Compensation,44,54.17,0.4522,171,53,1,239
BG-42-002998,Railway,Tamil Nadu,Salem,51.11,71,5,1,3,1,63.41,7,0.0,58,68,0.0,0.0,0,7,89,78,Survey,144,0.0,0.1991,274,89,1,264
BG-42-002999,Power Transmission,Karnataka,Kalaburagi,129.72,184,7,1,3,3,92.2,4,71.66,44,71,58.28,58.5,105,6,118,106,Possession,226,85.17,0.2214,119,63,1,233
BG-42-003000,Metro,Rajasthan,Kota,68.11,137,5,3,7,2,82.63,3,0.0,98,102,0.0,13.02,0,4,84,153,Survey,154,0.0,0.3538,541,93,1,451
BG-42-003001,Railway,Gujarat,Vadodara,235.9,630,7,1,10,2,93.94,5,77.25,93,15,51.13,51.85,302,1,28,384,Rehabilitation & Resettlement,66,100.0,0.4474,53,76,1,288
BG-42-003002,Industrial Corridor,Madhya Pradesh,Gwalior,107.21,146,5,0,5,0,89.56,2,58.25,36,52,85.62,74.58,122,0,14,137,Compensation,51,81.25,0.5285,57,33,0,0
BG-42-003003,Power Transmission,Maharashtra,Pune,116.04,118,6,0,1,0,86.36,1,16.6,91,59,35.29,20.79,41,1,23,107,Objections,27,57.66,0.595,289,24,0,0
BG-42-003004,Metro,Tamil Nadu,Chennai,27.01,52,2,2,1,2,85.35,2,61.36,11,28,43.59,40.01,21,4,76,106,Rehabilitation & Resettlement,105,81.82,0.4225,238,43,1,184
BG-42-003005,Railway,Tamil Nadu,Chennai,89.93,150,5,1,3,3,69.81,4,3.98,122,91,11.3,21.68,16,2,46,105,Notification,93,11.01,0.0591,201,38,1,260
BG-42-003006,Industrial Corridor,Rajasthan,Jodhpur,81.86,119,5,1,5,3,77.3,5,69.02,34,36,86.45,83.46,97,2,40,101,Rehabilitation & Resettlement,84,100.0,0.3952,184,77,0,0
BG-42-003007,Industrial Corridor,Rajasthan,Jodhpur,37.74,71,4,2,2,1,71.44,2,42.18,31,37,57.27,49.05,37,3,84,74,Compensation,87,68.41,0.4454,174,72,1,178
BG-42-003008,Railway,Madhya Pradesh,Bhopal,71.72,67,7,0,3,0,65.81,4,8.89,34,72,0.0,0.0,0,1,21,45,Survey,103,0.0,0.1635,234,28,0,0
BG-42-003009,Power Transmission,Madhya Pradesh,Jabalpur,121.34,166,5,0,4,1,90.09,0,12.67,119,56,0.0,14.16,0,0,0,146,Notification,24,0.0,0.3289,222,56,0,0
BG-42-003010,Railway,Telangana,Hyderabad,85.33,124,7,0,1,1,97.7,1,84.7,12,23,78.27,59.47,85,1,51,112,Rehabilitation & Resettlement,96,97.83,0.3774,160,15,0,0
BG-42-003011,Metro,Karnataka,Kalaburagi,27.67,56,3,1,4,3,83.17,0,36.63,24,58,39.59,34.29,21,3,58,88,Objections,162,31.84,0.3237,7,48,1,259
BG-42-003012,Industrial Corridor,Maharashtra,Nagpur,68.82,131,5,0,5,2,99.1,0,89.06,11,32,71.52,60.3,86,1,0,117,Possession,18,100.0,0.5346,52,48,0,0
BG-42-003013,Irrigation,Madhya Pradesh,Gwalior,58.88,138,5,2,2,4,66.28,5,70.56,25,16,73.01,69.64,99,2,29,122,Rehabilitation & Resettlement,95,90.21,0.3133,408,49,1,248
BG-42-003014,Highway,Madhya Pradesh,Bhopal,99.96,248,6,2,6,2,75.66,6,47.18,90,63,53.41,50.48,128,1,30,180,Compensation,83,96.63,0.4262,192,64,0,0
BG-42-003015,Highway,Tamil Nadu,Salem,91.69,171,5,1,7,3,82.89,3,8.59,127,72,0.53,5.33,1,1,35,144,Objections,61,10.25,0.6427,123,79,1,311
BG-42-003016,Highway,Maharashtra,Nagpur,61.6,118,5,1,3,0,100.0,4,25.68,73,82,28.38,14.4,33,1,0,104,Compensation,45,44.04,0.3165,323,41,0,0
BG-42-003017,Industrial Corridor,Gujarat,Rajkot,59.71,105,3,2,5,1,66.24,6,81.85,17,0,75.57,73.35,72,3,11,134,Possession,103,100.0,0.3354,250,55,0,0
BG-42-003018,Metro,Rajasthan,Kota,90.36,82,6,1,3,3,64.23,5,23.07,51,93,0.0,0.0,0,1,29,59,Survey,36,24.74,0.1322,341,76,1,237
BG-42-003019,Railway,Madhya Pradesh,Jabalpur,185.0,201,4,0,6,0,50.6,5,51.13,57,60,16.09,0.12,30,1,45,232,Objections,35,34.04,0.2463,286,53,1,190
BG-42-003020,Highway,Rajasthan,Jaipur,107.01,70,7,1,4,3,67.19,7,5.47,39,89,27.63,22.97,19,4,87,46,Objections,93,25.5,0.2133,162,51,1,276
BG-42-003021,Irrigation,Telangana,Nizamabad,267.32,531,9,1,4,0,80.48,4,30.15,321,95,38.49,40.01,191,3,33,255,Award,86,35.87,0.3484,253,60,0,0
BG-42-003022,Metro,Telangana,Warangal,211.99,384,10,1,3,1,100.0,0,69.07,91,26,69.23,72.97,254,1,38,155,Rehabilitation & Resettlement,61,93.25,0.592,148,78,0,0
BG-42-003023,Industrial Corridor,Maharashtra,Thane,283.54,418,11,1,9,6,55.44,4,36.25,162,86,16.06,18.11,61,3,61,244,Award,98,37.44,0.4949,256,75,1,343
BG-42-003024,Highway,Karnataka,Belagavi,255.93,401,9,0,6,2,83.05,2,79.97,64,34,58.8,56.41,209,3,48,208,Compensation,88,100.0,0.1231,155,78,0,0
BG-42-003025,Highway,Telangana,Hyderabad,298.97,635,8,0,10,3,68.67,7,45.07,224,45,49.76,50.2,286,3,66,355,Objections,41,64.81,0.4903,133,81,1,277
BG-42-003026,Highway,Karnataka,Kalaburagi,34.04,29,7,0,0,0,65.31,2,19.6,13,98,27.62,22.12,8,1,6,21,Survey,108,17.98,0.2144,393,0,0,0
BG-42-003027,Railway,Karnataka,Bengaluru Urban,143.73,170,5,0,7,3,63.08,8,21.64,88,74,14.5,5.04,23,3,51,192,Objections,89,32.71,0.6355,269,93,1,306
BG-42-003028,Metro,Telangana,Warangal,226.93,456,6,2,11,5,90.96,4,96.26,11,13,82.18,73.08,360,4,105,384,Rehabilitation & Resettlement,122,97.63,0.6082,61,90,1,355
BG-42-003029,Highway,Karnataka,Bengaluru Urban,262.23,521,11,0,5,3,97.65,3,77.09,87,38,85.8,81.88,428,2,26,187,Compensation,44,71.08,0.3176,179,65,0,0
BG-42-003030,Railway,Karnataka,Kalaburagi,46.22,113,5,1,6,1,69.65,7,29.41,74,60,26.5,18.16,27,4,55,135,Award,78,51.89,0.7452,188,119,1,227
BG-42-003031,Highway,Maharashtra,Pune,144.88,157,4,2,5,2,94.42,1,62.45,45,25,71.75,83.02,101,5,96,179,Rehabilitation & Resettlement,159,80.69,0.2471,96,111,0,0
BG-42-003032,Railway,Uttar Pradesh,Agra,90.94,212,4,0,5,3,75.99,5,0.0,199,92,0.0,0.0,0,3,51,249,Notification,80,0.0,0.5627,135,83,1,327
BG-42-003033,Highway,Gujarat,Ahmedabad,375.27,509,10,0,7,1,83.91,4,42.57,217,56,44.18,26.58,215,1,0,242,Objections,121,55.93,0.071,411,55,0,0
BG-42-003034,Highway,Gujarat,Vadodara,28.22,65,3,2,4,2,77.21,3,4.14,50,93,23.59,27.14,15,0,41,96,Objections,50,25.42,0.4561,61,82,1,292
BG-42-003035,Highway,Madhya Pradesh,Bhopal,46.27,118,4,0,3,1,85.47,0,95.56,4,8,97.57,100.0,112,1,0,132,Possession,53,100.0,0.1507,7,20,0,0
BG-42-003036,Industrial Corridor,Gujarat,Surat,20.12,92,6,2,3,3,85.4,3,40.02,36,54,41.32,39.99,38,3,73,53,Compensation,66,50.71,0.5193,221,52,0,0
BG-42-003037,Irrigation,Telangana,Nizamabad,96.13,151,8,1,4,2,82.23,2,62.24,51,26,65.21,63.32,91,1,25,135,Compensation,75,86.25,0.3153,196,49,0,0
BG-42-003038,Industrial Corridor,Karnataka,Belagavi,523.78,759,11,0,11,1,78.59,6,0.0,418,104,7.51,3.47,52,0,8,320,Notification,72,0.0,0.3289,295,117,1,329
BG-42-003039,Highway,Tamil Nadu,Salem,82.64,128,5,1,1,0,74.03,5,13.6,92,82,9.43,5.03,11,3,53,75,Survey,109,5.26,0.3881,326,52,0,0
BG-42-003040,Irrigation,Tamil Nadu,Salem,92.84,138,7,0,4,1,94.66,2,36.42,68,57,52.26,48.68,68,3,29,123,Compensation,86,55.71,0.4817,163,90,1,271
BG-42-003041,Irrigation,Maharashtra,Nagpur,132.98,156,6,2,0,1,100.0,0,33.48,90,43,50.17,48.35,73,1,56,103,Award,70,55.09,0.3848,253,24,0,0
BG-42-003042,Metro,Madhya Pradesh,Indore,78.02,90,3,0,3,0,93.31,5,87.15,11,29,98.55,94.53,82,3,46,171,Possession,41,100.0,0.455,466,30,0,0
BG-42-003043,Highway,Karnataka,Mysuru,114.76,181,3,1,5,0,76.86,4,60.23,61,30,41.33,24.3,71,3,45,254,Rehabilitation & Resettlement,70,80.18,0.521,86,112,1,199
BG-42-003044,Industrial Corridor,Uttar Pradesh,Agra,117.19,284,6,1,9,0,92.42,3,23.33,148,62,25.2,14.41,65,1,57,254,Award,90,47.45,0.4493,179,70,1,329
BG-42-003045,Irrigation,Tamil Nadu,Madurai,43.53,77,6,1,1,0,98.02,3,47.22,38,63,45.96,45.25,34,2,38,67,Rehabilitation & Resettlement,113,69.61,0.295,91,48,0,0
BG-42-003046,Power Transmission,Maharashtra,Thane,79.42,83,5,1,3,1,100.0,1,57.13,22,31,76.34,65.32,59,2,24,79,Possession,48,94.89,0.4996,53,30,0,0
BG-42-003047,Industrial Corridor,Madhya Pradesh,Indore,155.02,209,8,1,3,2,75.63,2,84.02,25,23,61.48,52.16,120,0,30,115,Award,108,82.86,0.4212,69,64,1,156
BG-42-003048,Industrial Corridor,Karnataka,Mysuru,179.98,311,8,0,9,2,67.11,5,23.25,135,68,19.02,22.44,57,0,0,238,Compensation,88,58.67,0.2401,351,184,1,417
BG-42-003049,Irrigation,Maharashtra,Thane,241.97,176,10,0,3,2,100.0,1,100.0,0,9,100.0,84.2,173,0,38,75,Possession,53,100.0,0.0705,155,42,0,0
BG-42-003050,Highway,Tamil Nadu,Madurai,111.98,253,6,2,4,1,37.28,8,9.09,184,90,3.67,0.0,9,5,76,182,Objections,124,25.99,0.6361,111,67,1,328
BG-42-003051,Highway,Karnataka,Bengaluru Urban,113.82,137,6,1,6,2,100.0,2,99.5,1,16,100.0,100.0,134,3,41,91,Possession,63,100.0,0.0632,234,79,0,0
BG-42-003052,Power Transmission,Madhya Pradesh,Jabalpur,156.05,175,7,1,4,1,85.64,3,39.72,66,75,20.3,11.76,34,0,1,137,Survey,86,34.95,0.4468,88,67,1,189
BG-42-003053,Highway,Karnataka,Bengaluru Urban,53.21,130,4,0,3,1,71.31,2,65.11,43,38,81.61,78.47,102,5,68,154,Compensation,81,64.04,0.5325,276,55,0,0
BG-42-003054,Railway,Tamil Nadu,Salem,51.49,81,3,0,3,0,100.0,3,78.47,12,50,88.35,64.71,65,1,13,152,Rehabilitation & Resettlement,25,100.0,0.1607,160,45,0,0
BG-42-003055,Railway,Tamil Nadu,Chennai,77.49,131,7,3,3,4,78.41,1,38.34,62,65,57.97,63.32,74,2,50,101,Compensation,102,53.02,0.243,184,48,0,0
BG-42-003056,Highway,Maharashtra,Thane,30.88,64,4,1,1,4,84.01,0,41.07,35,57,26.42,31.7,15,0,0,48,Award,32,59.77,0.291,309,33,0,0
BG-42-003057,Highway,Maharashtra,Thane,118.57,113,6,1,2,0,75.86,2,100.0,0,51,91.97,89.48,96,1,33,89,Compensation,127,100.0,0.6635,188,43,0,0
BG-42-003058,Industrial Corridor,Rajasthan,Jaipur,198.2,252,7,0,6,2,90.2,1,48.05,88,34,33.59,22.24,84,2,43,233,Survey,89,33.91,0.4847,146,54,1,261
BG-42-003059,Railway,Karnataka,Belagavi,48.52,154,3,3,6,3,71.88,6,5.4,104,86,15.52,25.54,21,5,106,202,Survey,109,9.03,0.3754,122,95,1,487
BG-42-003060,Industrial Corridor,Maharashtra,Pune,121.28,298,6,0,7,3,88.07,5,16.84,161,66,15.81,31.66,44,1,10,235,Objections,63,57.61,0.279,298,47,0,0
BG-42-003061,Railway,Tamil Nadu,Coimbatore,51.76,98,5,1,8,0,68.67,7,60.96,21,71,86.12,97.23,76,6,94,109,Compensation,128,84.11,0.2411,79,84,1,290
BG-42-003062,Irrigation,Tamil Nadu,Coimbatore,37.97,42,3,0,3,2,93.45,3,38.95,17,64,42.58,47.18,16,1,38,106,Award,41,59.43,0.6356,113,60,1,88
BG-42-003063,Industrial Corridor,Uttar Pradesh,Varanasi,443.39,559,12,1,12,2,78.14,5,0.0,471,106,16.72,15.63,86,1,34,262,Objections,50,10.76,0.5278,236,97,1,433
BG-42-003064,Irrigation,Madhya Pradesh,Gwalior,38.41,95,4,2,6,4,91.49,4,68.28,17,36,54.79,49.54,51,5,70,154,Possession,95,82.67,0.4454,33,73,0,0
BG-42-003065,Railway,Tamil Nadu,Coimbatore,30.77,22,2,0,2,1,87.13,4,20.7,15,53,33.97,42.34,7,1,35,30,Award,50,42.63,0.2762,202,62,0,0
BG-42-003066,Highway,Gujarat,Surat,101.67,191,8,1,10,3,74.54,6,38.04,96,42,49.51,46.2,92,4,87,170,Award,101,44.26,0.6974,159,89,1,262
BG-42-003067,Power Transmission,Telangana,Hyderabad,106.15,132,6,1,1,3,73.14,4,54.18,52,41,64.05,38.02,79,2,42,44,Award,55,66.16,0.7155,61,30,1,150
BG-42-003068,Power Transmission,Maharashtra,Thane,146.03,293,8,1,3,1,69.14,3,3.35,197,106,6.43,4.28,17,6,94,139,Survey,129,0.0,0.4725,207,94,1,373
BG-42-003069,Highway,Rajasthan,Jodhpur,424.53,652,11,0,12,3,95.93,6,90.19,50,10,100.0,96.3,618,1,1,321,Rehabilitation & Resettlement,77,100.0,0.5041,100,123,0,0
BG-42-003070,Industrial Corridor,Uttar Pradesh,Kanpur Nagar,45.98,118,3,1,4,2,94.91,0,15.55,89,85,34.18,26.69,36,1,19,148,Award,90,31.85,0.4676,297,60,0,0
BG-42-003071,Industrial Corridor,Rajasthan,Jaipur,53.91,73,4,0,3,0,81.81,2,0.91,53,49,19.69,24.15,14,2,49,120,Notification,122,3.6,0.7965,556,35,0,0
BG-42-003072,Highway,Karnataka,Mysuru,310.15,402,10,1,5,2,85.86,5,41.94,201,50,59.35,51.79,232,3,51,167,Possession,102,51.71,0.4898,18,125,1,346
BG-42-003073,Industrial Corridor,Uttar Pradesh,Varanasi,181.51,161,10,0,2,1,100.0,0,78.07,31,11,100.0,99.51,148,0,0,67,Rehabilitation & Resettlement,158,96.59,0.0523,75,15,0,0
BG-42-003074,Highway,Maharashtra,Thane,162.4,242,7,2,7,0,91.24,7,49.04,102,60,42.97,21.22,93,2,71,161,Rehabilitation & Resettlement,126,70.99,0.3835,7,77,1,284
BG-42-003075,Highway,Madhya Pradesh,Indore,53.42,70,4,3,5,1,81.95,3,72.88,15,72,100.0,89.55,70,2,72,143,Rehabilitation & Resettlement,88,100.0,0.1818,7,74,1,225
BG-42-003076,Power Transmission,Rajasthan,Kota,210.76,175,10,1,5,4,92.49,5,85.86,15,39,79.7,75.07,137,1,22,67,Possession,105,100.0,0.2314,149,48,0,0
BG-42-003077,Metro,Maharashtra,Thane,162.8,203,6,1,3,0,65.77,4,50.35,83,41,37.79,19.34,72,1,74,150,Objections,128,74.93,0.5927,203,54,0,0
BG-42-003078,Power Transmission,Rajasthan,Jodhpur,99.65,121,6,2,2,3,96.2,0,48.0,49,33,61.86,52.04,72,1,25,86,Compensation,217,45.15,0.663,200,59,1,265
BG-42-003079,Industrial Corridor,Madhya Pradesh,Indore,53.63,173,4,0,4,1,100.0,1,67.61,37,39,35.59,39.28,59,0,0,217,Compensation,104,72.97,0.6778,108,30,1,170
BG-42-003080,Irrigation,Gujarat,Ahmedabad,93.26,101,6,0,4,0,78.7,2,9.69,69,80,0.0,0.0,0,0,5,88,Objections,53,0.0,0.7378,144,100,1,228
BG-42-003081,Metro,Tamil Nadu,Salem,320.15,449,8,0,8,1,57.72,6,0.0,352,89,27.6,36.77,116,3,16,258,Survey,84,0.0,0.3132,237,85,1,191
BG-42-003082,Railway,Madhya Pradesh,Bhopal,35.69,30,4,0,0,1,100.0,0,33.02,14,49,96.33,96.69,26,0,17,19,Survey,45,74.22,0.3516,400,22,0,0
BG-42-003083,Railway,Karnataka,Bengaluru Urban,45.16,43,4,1,6,3,84.95,2,70.56,8,47,31.72,19.4,13,3,77,96,Compensation,124,80.88,0.7703,127,66,1,229
BG-42-003084,Industrial Corridor,Karnataka,Bengaluru Urban,51.82,56,5,7,7,0,83.83,5,20.92,40,99,26.73,35.3,14,7,127,119,Rehabilitation & Resettlement,261,76.68,0.3932,248,244,1,638
BG-42-003085,Metro,Karnataka,Belagavi,61.64,176,5,0,3,2,100.0,5,100.0,0,0,66.11,69.24,112,1,13,147,Rehabilitation & Resettlement,98,100.0,0.5281,133,41,0,0
BG-42-003086,Industrial Corridor,Madhya Pradesh,Indore,84.56,154,7,2,1,7,66.06,3,17.31,107,105,16.23,16.25,23,3,49,67,Objections,174,22.31,0.4285,348,40,0,0
BG-42-003087,Railway,Gujarat,Vadodara,184.35,317,6,2,3,2,63.56,4,0.0,255,100,0.0,5.85,0,0,16,198,Survey,50,0.0,0.2046,391,41,1,280
BG-42-003088,Highway,Rajasthan,Kota,123.86,319,6,1,5,2,75.19,0,15.54,157,99,36.39,26.58,103,4,61,236,Award,102,35.84,0.2784,309,69,0,0
BG-42-003089,Power Transmission,Gujarat,Ahmedabad,89.9,195,6,3,4,3,71.33,7,42.64,106,81,54.89,54.69,96,5,77,162,Compensation,250,56.27,0.1939,197,110,1,406
BG-42-003090,Power Transmission,Tamil Nadu,Coimbatore,106.87,226,7,1,7,2,74.26,7,80.31,31,40,85.58,77.3,188,5,86,211,Possession,100,68.4,0.3536,387,106,0,0
BG-42-003091,Railway,Maharashtra,Pune,141.06,248,5,0,3,0,100.0,1,100.0,0,46,100.0,100.0,246,0,0,187,Possession,38,100.0,0.2593,69,24,0,0
BG-42-003092,Industrial Corridor,Telangana,Hyderabad,22.3,61,4,1,5,0,66.35,5,94.41,2,29,49.38,37.66,30,3,56,101,Possession,92,100.0,0.5503,7,61,1,195
BG-42-003093,Metro,Madhya Pradesh,Indore,201.8,345,7,3,8,5,66.52,5,59.35,105,29,73.41,72.37,233,3,80,247,Rehabilitation & Resettlement,149,95.5,0.7633,294,104,0,0
BG-42-003094,Power Transmission,Maharashtra,Nashik,44.21,101,6,0,5,0,70.45,3,89.26,9,0,55.95,62.6,50,4,38,120,Possession,122,96.4,0.1792,7,39,0,0
BG-42-003095,Railway,Maharashtra,Pune,60.05,128,7,0,0,0,90.56,0,57.19,50,34,92.87,88.39,109,0,0,78,Award,54,69.18,0.1706,123,3,0,0
BG-42-003096,Metro,Rajasthan,Jodhpur,112.43,262,3,0,3,2,80.5,4,29.02,137,36,3.96,12.28,10,1,0,293,Notification,60,2.06,0.3461,415,24,0,0
BG-42-003097,Highway,Maharashtra,Nashik,80.61,153,5,2,3,2,72.9,4,0.0,135,73,0.0,0.0,0,1,27,100,Notification,72,0.0,0.6349,138,57,1,286
BG-42-003098,Highway,Gujarat,Rajkot,126.41,289,7,3,6,4,91.04,3,48.82,112,84,57.74,46.15,153,2,30,203,Award,102,48.52,0.3581,205,80,1,340
BG-42-003099,Power Transmission,Madhya Pradesh,Jabalpur,95.91,258,6,1,8,5,65.31,7,10.17,174,97,20.42,20.45,50,7,126,200,Objections,124,45.49,0.5787,265,80,1,378
BG-42-003100,Railway,Tamil Nadu,Coimbatore,67.93,92,6,1,2,1,62.71,3,36.71,40,75,46.76,43.69,43,4,63,56,Survey,105,29.32,0.1982,156,60,1,266
BG-42-003101,Highway,Tamil Nadu,Coimbatore,290.91,298,9,0,3,0,87.77,4,88.94,26,2,87.28,94.61,229,1,7,135,Possession,89,100.0,0.4744,7,71,0,0
BG-42-003102,Highway,Telangana,Hyderabad,150.88,341,6,2,7,3,51.36,5,0.0,307,79,0.0,0.0,0,3,44,219,Survey,89,0.0,0.5486,255,88,1,339
BG-42-003103,Railway,Tamil Nadu,Coimbatore,109.04,70,5,0,2,0,69.34,3,60.72,15,31,29.98,35.59,19,3,59,64,Possession,98,84.34,0.5195,132,45,1,131
BG-42-003104,Industrial Corridor,Karnataka,Belagavi,149.01,330,5,0,7,3,78.5,6,56.74,82,57,91.41,89.87,290,0,28,278,Rehabilitation & Resettlement,79,80.57,0.2995,123,81,0,0
BG-42-003105,Railway,Maharashtra,Pune,48.7,22,4,0,0,0,83.7,2,58.45,5,35,62.09,67.77,12,0,0,14,Compensation,163,77.82,0.5701,205,13,0,0
BG-42-003106,Power Transmission,Telangana,Karimnagar,487.76,497,10,0,11,1,77.82,6,57.26,201,53,56.35,47.9,270,3,48,243,Compensation,104,67.19,0.3767,118,108,1,272
BG-42-003107,Power Transmission,Madhya Pradesh,Jabalpur,35.87,95,5,0,1,0,88.33,0,0.11,60,115,9.2,4.3,8,1,29,109,Objections,37,22.13,0.1788,261,19,0,0
BG-42-003108,Railway,Maharashtra,Thane,93.74,155,6,1,4,3,88.4,3,63.06,54,34,47.64,46.08,66,1,35,152,Compensation,51,70.78,0.3316,136,65,0,0
BG-42-003109,Power Transmission,Telangana,Warangal,68.09,158,4,2,1,4,77.57,4,0.0,147,74,0.0,7.37,0,3,70,178,Survey,80,0.0,0.5029,267,69,1,403
BG-42-003110,Highway,Karnataka,Kalaburagi,66.05,3,4,0,1,3,91.61,2,89.88,0,46,78.02,79.93,2,0,27,0,Possession,28,92.89,0.3239,7,25,0,0
BG-42-003111,Railway,Karnataka,Mysuru,59.54,90,4,1,3,1,87.68,1,18.44,54,84,25.7,12.07,23,2,50,115,Objections,61,35.7,0.5956,7,57,1,342
BG-42-003112,Highway,Uttar Pradesh,Agra,46.18,122,4,0,9,0,70.44,5,4.25,93,65,10.0,1.22,12,4,47,231,Objections,53,31.35,0.4898,168,56,0,0
BG-42-003113,Highway,Uttar Pradesh,Varanasi,221.56,536,7,1,12,1,77.24,6,75.04,84,16,72.43,69.42,379,2,33,370,Rehabilitation & Resettlement,48,100.0,0.7435,475,113,1,280
BG-42-003114,Highway,Telangana,Nizamabad,32.66,75,5,0,7,2,76.76,7,66.85,17,51,54.76,46.91,36,3,17,123,Compensation,67,76.16,0.3166,135,86,0,0
BG-42-003115,Highway,Gujarat,Ahmedabad,188.08,382,9,0,8,0,82.63,5,52.82,126,39,22.2,33.72,76,3,47,214,Award,42,26.88,0.6289,63,76,1,222
BG-42-003116,Power Transmission,Karnataka,Kalaburagi,143.86,107,5,1,5,2,89.18,3,65.69,24,18,57.88,50.21,59,2,41,120,Compensation,40,85.75,0.5776,191,62,1,246
BG-42-003117,Metro,Rajasthan,Jaipur,63.14,114,6,1,3,2,70.4,4,14.7,72,57,26.45,14.97,28,0,6,132,Survey,64,18.53,0.4321,392,54,1,252
BG-42-003118,Irrigation,Madhya Pradesh,Bhopal,131.12,244,7,0,3,2,89.04,3,14.83,148,86,33.97,27.67,81,1,25,116,Compensation,33,54.57,0.4479,142,61,0,0
BG-42-003119,Metro,Gujarat,Surat,75.47,192,6,2,2,0,76.3,2,34.08,106,78,31.57,34.33,54,3,50,124,Objections,134,32.21,0.4913,243,71,1,397
BG-42-003120,Industrial Corridor,Karnataka,Kalaburagi,35.49,90,6,0,1,0,68.37,3,33.32,56,88,37.54,32.92,32,2,17,81,Objections,37,61.88,0.3276,419,55,0,0
BG-42-003121,Highway,Karnataka,Kalaburagi,35.79,122,4,0,1,1,88.25,2,44.14,52,4,21.64,32.24,26,2,54,102,Survey,106,24.96,0.3338,174,14,0,0
BG-42-003122,Metro,Uttar Pradesh,Agra,144.66,166,7,0,4,1,93.11,5,63.37,37,36,27.79,14.53,44,1,10,132,Objections,93,58.81,0.025,367,50,0,0
BG-42-003123,Railway,Uttar Pradesh,Varanasi,138.78,231,7,1,2,2,79.12,3,28.5,104,52,22.1,18.04,49,3,49,137,Objections,108,10.43,0.3559,7,50,0,0
BG-42-003124,Irrigation,Tamil Nadu,Salem,103.92,202,6,0,3,0,97.81,2,63.44,65,8,65.23,83.98,125,1,32,165,Award,44,91.78,0.3171,138,127,0,0
BG-42-003125,Irrigation,Maharashtra,Nashik,62.6,57,6,2,2,4,78.28,2,0.0,32,92,9.36,11.89,5,2,28,47,Survey,60,22.26,0.7276,210,54,1,268
BG-42-003126,Highway,Maharashtra,Nashik,73.53,186,5,1,2,0,75.25,2,30.33,77,72,31.15,23.26,58,2,42,138,Survey,103,34.17,0.3376,434,52,1,196
BG-42-003127,Industrial Corridor,Rajasthan,Jaipur,65.99,109,6,2,6,1,79.1,5,44.02,48,78,38.18,22.85,39,2,29,122,Compensation,76,51.41,0.1477,214,81,0,0
BG-42-003128,Industrial Corridor,Madhya Pradesh,Gwalior,21.17,98,3,0,4,0,78.19,2,43.46,49,82,24.43,14.98,21,1,31,148,Survey,93,32.62,0.7541,277,35,0,0
BG-42-003129,Industrial Corridor,Rajasthan,Jodhpur,89.93,107,5,1,4,2,77.09,4,83.23,15,5,100.0,97.96,96,0,54,116,Compensation,37,87.55,0.4978,100,51,0,0
BG-42-003130,Highway,Uttar Pradesh,Lucknow,130.06,336,6,2,4,2,96.2,2,86.58,28,30,77.64,84.62,240,4,88,238,Possession,96,100.0,0.1862,84,80,0,0
BG-42-003131,Industrial Corridor,Madhya Pradesh,Indore,90.39,141,5,0,4,3,70.07,5,50.8,64,35,44.52,33.65,61,2,55,138,Award,95,31.13,0.2448,196,50,1,233
BG-42-003132,Power Transmission,Gujarat,Vadodara,352.59,794,11,1,13,2,100.0,3,100.0,0,0,90.43,79.32,633,1,37,354,Possession,69,100.0,0.2826,7,90,0,0
BG-42-003133,Railway,Gujarat,Surat,38.33,107,4,0,2,1,73.35,5,16.18,71,93,23.83,20.66,23,1,51,91,Survey,45,0.0,0.2837,234,31,0,0
BG-42-003134,Metro,Rajasthan,Jodhpur,50.46,112,5,0,6,2,93.61,1,5.81,89,99,0.9,12.9,1,1,0,139,Notification,71,1.64,0.2369,260,57,0,0
BG-42-003135,Highway,Telangana,Warangal,95.24,103,6,1,2,0,83.14,5,62.89,30,46,62.62,69.72,58,1,33,55,Rehabilitation & Resettlement,103,63.65,0.1162,328,30,0,0
BG-42-003136,Irrigation,Rajasthan,Kota,104.06,211,5,0,6,3,97.24,3,57.13,80,49,48.47,31.98,101,1,38,209,Rehabilitation & Resettlement,31,95.5,0.4676,320,66,0,0
BG-42-003137,Highway,Rajasthan,Kota,18.71,56,5,0,2,1,91.14,2,100.0,0,0,80.21,77.04,44,1,15,55,Rehabilitation & Resettlement,53,100.0,0.1908,318,30,0,0
BG-42-003138,Highway,Rajasthan,Kota,138.68,329,7,4,6,4,77.99,4,0.0,194,111,0.0,1.46,0,2,72,207,Notification,114,0.0,0.2688,86,112,1,402
BG-42-003139,Railway,Telangana,Hyderabad,104.44,215,6,4,3,1,69.94,4,19.55,111,92,63.69,61.13,133,0,26,139,Rehabilitation & Resettlement,157,77.49,0.7849,273,97,1,314
BG-42-003140,Power Transmission,Madhya Pradesh,Indore,15.71,32,3,0,3,0,76.68,2,49.79,12,41,79.4,68.2,23,3,70,71,Award,34,80.98,0.1622,194,39,0,0
BG-42-003141,Industrial Corridor,Tamil Nadu,Madurai,77.99,180,5,1,1,2,81.9,3,45.78,82,67,38.82,44.33,62,0,15,129,Objections,58,40.82,0.1157,398,88,0,0
BG-42-003142,Highway,Gujarat,Ahmedabad,44.84,117,3,0,1,0,100.0,1,39.22,66,43,44.56,47.89,47,0,4,136,Survey,49,47.7,0.3446,233,24,1,112
BG-42-003143,Highway,Maharashtra,Pune,59.58,118,4,3,0,3,82.24,2,78.7,16,56,79.17,88.39,86,4,65,111,Possession,108,97.54,0.2878,7,29,1,168
BG-42-003144,Power Transmission,Rajasthan,Jodhpur,29.36,59,5,1,7,6,72.19,8,0.0,44,113,0.0,0.0,0,2,41,100,Notification,100,0.0,0.5125,145,64,1,311
BG-42-003145,Railway,Madhya Pradesh,Jabalpur,119.46,122,4,0,2,0,86.87,0,82.82,19,29,87.97,82.39,96,2,60,131,Rehabilitation & Resettlement,57,100.0,0.8375,7,69,0,0
BG-42-003146,Highway,Gujarat,Vadodara,350.52,265,9,0,9,5,96.89,4,48.8,117,49,57.01,58.55,139,2,53,205,Compensation,81,89.55,0.6031,142,87,1,201
BG-42-003147,Irrigation,Tamil Nadu,Chennai,105.85,144,6,1,3,4,73.31,1,60.54,46,37,65.37,56.96,94,2,24,112,Rehabilitation & Resettlement,126,83.59,0.2806,74,42,1,243
BG-42-003148,Highway,Rajasthan,Kota,15.22,60,7,0,4,3,86.55,5,93.03,3,3,100.0,100.0,55,1,22,70,Rehabilitation & Resettlement,26,100.0,0.353,108,67,0,0
BG-42-003149,Metro,Tamil Nadu,Chennai,107.61,151,7,0,4,0,68.52,5,74.4,30,32,80.88,92.48,117,2,41,71,Rehabilitation & Resettlement,21,100.0,0.2264,140,57,1,95
BG-42-003150,Highway,Uttar Pradesh,Varanasi,73.28,178,7,0,4,1,66.21,4,5.61,110,65,0.0,0.0,0,1,17,136,Survey,68,23.8,0.2239,347,38,1,294
BG-42-003151,Power Transmission,Karnataka,Belagavi,35.49,49,3,1,4,3,68.69,6,0.0,35,73,4.12,0.0,2,1,31,60,Notification,67,0.0,0.6544,121,60,0,0
BG-42-003152,Power Transmission,Rajasthan,Jaipur,113.62,256,7,0,5,2,85.43,4,52.09,75,27,43.1,53.83,108,1,42,178,Compensation,22,83.47,0.1312,120,45,0,0
BG-42-003153,Railway,Karnataka,Mysuru,173.09,366,5,1,7,3,69.29,3,18.64,228,68,46.91,51.5,167,2,38,302,Objections,119,28.42,0.2105,317,107,1,358
BG-42-003154,Industrial Corridor,Uttar Pradesh,Agra,50.16,88,4,0,4,0,72.8,5,32.37,45,43,27.37,25.46,22,2,41,109,Survey,46,21.7,0.4638,185,40,0,0
BG-42-003155,Irrigation,Madhya Pradesh,Indore,22.99,62,4,4,3,4,74.58,2,0.0,38,84,0.0,0.0,0,0,56,62,Survey,194,0.0,0.4928,304,98,1,441
BG-42-003156,Power Transmission,Telangana,Nizamabad,17.13,25,2,2,2,1,69.74,3,23.39,11,63,24.6,20.51,6,2,60,48,Objections,125,51.02,0.4221,409,39,1,357
BG-42-003157,Railway,Uttar Pradesh,Varanasi,50.27,122,5,1,5,1,81.7,5,0.33,88,88,3.22,0.0,4,1,30,86,Notification,66,5.87,0.1391,496,45,0,0
BG-42-003158,Metro,Madhya Pradesh,Bhopal,75.61,198,6,4,3,3,68.47,4,0.0,130,100,7.5,1.08,15,2,86,163,Notification,102,12.61,0.1089,219,118,1,418
BG-42-003159,Irrigation,Maharashtra,Thane,56.67,150,4,1,3,0,77.5,3,94.21,6,19,100.0,99.26,132,0,3,153,Possession,39,100.0,0.3032,176,55,0,0
BG-42-003160,Highway,Madhya Pradesh,Indore,49.57,53,4,1,2,0,92.03,4,42.19,26,74,29.65,12.74,15,0,0,58,Objections,53,25.85,0.2086,143,72,0,0
BG-42-003161,Highway,Tamil Nadu,Salem,134.87,228,6,0,5,0,79.7,4,85.58,20,21,91.44,90.39,185,3,51,131,Possession,105,100.0,0.3421,82,42,0,0
BG-42-003162,Highway,Telangana,Warangal,124.0,234,6,1,2,1,69.26,3,70.32,43,14,100.0,100.0,207,2,74,143,Possession,63,100.0,0.6276,7,68,0,0
BG-42-003163,Power Transmission,Madhya Pradesh,Jabalpur,100.45,183,5,3,6,2,60.38,3,5.32,129,114,2.41,0.0,4,6,141,155,Survey,186,0.0,0.4929,378,92,1,432
BG-42-003164,Highway,Rajasthan,Jodhpur,164.55,337,8,1,8,3,84.86,5,66.85,95,35,91.69,99.42,275,0,0,172,Rehabilitation & Resettlement,58,100.0,0.362,144,60,1,199
BG-42-003165,Railway,Rajasthan,Udaipur,50.65,86,4,3,1,0,93.98,2,36.38,43,75,39.03,30.61,32,5,80,93,Compensation,169,59.22,0.5729,186,44,0,0
BG-42-003166,Industrial Corridor,Gujarat,Ahmedabad,35.67,58,6,2,4,3,81.65,5,34.11,35,74,49.36,51.27,26,1,4,62,Compensation,64,69.64,0.4791,79,47,1,175
BG-42-003167,Highway,Karnataka,Kalaburagi,56.38,48,7,0,2,1,75.52,0,35.77,26,60,40.57,49.27,17,0,11,97,Survey,25,49.48,0.0586,141,30,0,0
BG-42-003168,Railway,Karnataka,Bengaluru Urban,53.35,45,5,1,4,2,71.42,5,0.0,33,122,11.46,14.49,5,3,64,67,Survey,88,10.45,0.4851,388,80,1,313
BG-42-003169,Metro,Tamil Nadu,Salem,16.59,35,3,1,0,4,82.67,2,0.0,24,88,13.23,0.44,5,0,0,35,Notification,60,18.27,0.3704,394,36,0,0
BG-42-003170,Highway,Uttar Pradesh,Lucknow,55.34,81,4,2,7,3,57.61,6,21.38,58,96,26.04,38.38,19,5,75,167,Compensation,143,45.25,0.2674,125,91,1,335
BG-42-003171,Irrigation,Gujarat,Ahmedabad,207.24,318,8,1,4,2,85.57,5,69.14,93,35,100.0,97.15,286,3,76,165,Possession,46,100.0,0.3709,300,66,0,0
BG-42-003172,Highway,Tamil Nadu,Chennai,162.5,266,8,1,6,2,91.13,2,60.57,84,43,59.4,64.64,147,0,51,170,Compensation,38,56.82,0.4126,193,54,0,0
BG-42-003173,Power Transmission,Rajasthan,Kota,130.34,331,6,1,6,2,63.46,8,49.24,140,45,60.57,60.24,184,1,43,267,Rehabilitation & Resettlement,65,67.65,0.2521,7,95,1,268
BG-42-003174,Metro,Maharashtra,Nashik,95.13,127,5,0,3,2,95.75,2,93.5,6,0,100.0,100.0,120,1,11,119,Possession,146,100.0,0.467,7,67,0,0
BG-42-003175,Highway,Maharashtra,Nagpur,272.9,262,9,1,5,1,71.29,6,67.5,67,47,59.46,64.8,137,6,119,139,Compensation,97,87.42,0.1577,162,47,0,0
BG-42-003176,Highway,Madhya Pradesh,Gwalior,36.67,67,4,0,1,1,64.46,3,7.76,50,92,5.57,1.16,4,0,18,95,Notification,85,0.0,0.4388,70,29,1,283
BG-42-003177,Metro,Telangana,Hyderabad,39.57,22,4,2,1,3,100.0,0,59.29,8,0,69.73,65.1,14,3,52,51,Rehabilitation & Resettlement,94,88.14,0.3528,124,43,0,0
BG-42-003178,Railway,Telangana,Nizamabad,210.49,205,8,1,4,2,67.44,4,0.0,143,89,25.33,27.73,51,1,17,168,Objections,38,23.48,0.288,330,68,1,285
BG-42-003179,Highway,Tamil Nadu,Madurai,87.54,135,5,1,4,1,81.47,4,0.0,106,92,0.0,0.0,0,1,0,151,Notification,63,0.0,0.2068,145,37,1,251
BG-42-003180,Irrigation,Rajasthan,Jodhpur,50.05,149,4,2,3,0,78.53,2,39.01,51,64,40.93,46.59,55,2,78,157,Award,85,45.85,0.6886,7,104,1,245
BG-42-003181,Metro,Gujarat,Rajkot,133.16,190,7,0,1,0,84.02,1,100.0,0,13,95.58,100.0,173,0,55,106,Possession,61,100.0,0.2511,63,30,0,0
BG-42-003182,Irrigation,Tamil Nadu,Madurai,60.29,148,4,1,3,0,69.9,4,0.0,139,83,33.44,34.8,49,1,27,154,Objections,58,14.59,0.7162,410,49,0,0
BG-42-003183,Highway,Gujarat,Ahmedabad,43.82,99,4,0,2,0,75.11,1,45.24,43,52,25.98,21.08,26,0,20,87,Award,29,60.0,0.6653,243,34,1,192
BG-42-003184,Highway,Gujarat,Vadodara,42.85,54,6,1,3,2,97.41,1,0.0,38,121,20.82,25.86,11,1,26,67,Survey,80,21.67,0.6696,221,51,0,0
BG-42-003185,Industrial Corridor,Uttar Pradesh,Kanpur Nagar,110.75,128,6,1,3,3,86.85,3,0.0,112,60,0.0,7.99,0,0,19,128,Notification,70,0.0,0.0929,319,67,0,0
BG-42-003186,Highway,Uttar Pradesh,Lucknow,100.95,310,8,1,4,1,94.68,1,2.86,173,97,34.31,29.74,102,4,44,190,Notification,130,22.46,0.4878,430,121,1,335
BG-42-003187,Highway,Tamil Nadu,Salem,288.13,468,10,2,5,2,75.94,6,59.7,149,41,53.0,44.25,237,0,31,190,Rehabilitation & Resettlement,49,100.0,0.3275,256,55,1,238
BG-42-003188,Highway,Telangana,Hyderabad,67.89,108,4,2,1,1,100.0,1,78.84,16,23,92.45,81.99,99,7,141,91,Rehabilitation & Resettlement,139,100.0,0.7169,75,29,1,237
BG-42-003189,Highway,Madhya Pradesh,Bhopal,66.97,186,7,1,0,3,81.99,0,1.27,115,113,0.0,0.0,0,2,39,112,Survey,62,0.0,0.4576,77,75,1,359
BG-42-003190,Power Transmission,Madhya Pradesh,Bhopal,270.89,449,8,1,9,5,98.38,3,20.12,217,75,12.9,12.46,58,3,45,257,Objections,171,31.06,0.1584,416,70,0,0
BG-42-003191,Railway,Telangana,Karimnagar,188.39,187,10,1,11,2,65.74,7,0.0,159,87,0.0,5.63,0,5,95,150,Survey,76,0.0,0.882,501,98,1,350
BG-42-003192,Irrigation,Tamil Nadu,Madurai,96.15,203,6,0,4,0,73.18,3,17.72,128,73,2.62,0.0,5,1,8,136,Notification,14,11.25,0.3784,164,25,0,0
BG-42-003193,Highway,Telangana,Karimnagar,24.56,87,4,0,0,1,89.9,3,61.6,31,16,50.48,54.7,43,0,3,73,Compensation,78,75.68,0.444,132,28,0,0
BG-42-003194,Railway,Karnataka,Mysuru,44.72,132,5,1,2,1,100.0,2,55.16,46,69,70.8,75.89,87,7,93,135,Compensation,112,97.39,0.7862,215,39,0,0
BG-42-003195,Railway,Madhya Pradesh,Bhopal,36.85,92,5,1,1,0,82.74,1,62.9,20,50,65.37,77.19,57,2,30,75,Compensation,83,52.7,0.4996,211,21,0,0
BG-42-003196,Metro,Tamil Nadu,Coimbatore,88.16,128,5,0,0,0,100.0,0,77.65,20,11,84.08,78.96,95,0,0,81,Award,41,100.0,0.0,135,19,0,0
BG-42-003197,Irrigation,Uttar Pradesh,Lucknow,57.02,98,4,3,4,4,87.66,2,50.36,33,51,17.79,28.67,16,2,68,147,Compensation,102,58.65,0.7145,203,66,1,271
BG-42-003198,Power Transmission,Maharashtra,Nagpur,308.69,501,9,2,12,2,84.55,6,0.0,368,96,0.0,0.0,0,2,73,285,Survey,160,0.0,0.6685,106,92,1,455
BG-42-003199,Highway,Maharashtra,Nashik,24.36,66,5,0,2,1,83.9,1,29.61,33,77,15.29,10.65,10,2,48,48,Survey,47,24.56,0.4043,277,60,1,224
BG-42-003200,Railway,Uttar Pradesh,Agra,33.82,70,3,0,2,1,98.68,2,62.01,16,19,70.46,62.2,44,0,46,95,Possession,17,75.0,0.1998,145,18,1,141
BG-42-003201,Power Transmission,Rajasthan,Jodhpur,104.14,255,8,3,4,2,83.24,0,62.62,71,35,52.01,48.9,125,6,117,141,Rehabilitation & Resettlement,158,71.57,0.342,255,64,1,319
BG-42-003202,Highway,Maharashtra,Nashik,129.95,203,7,2,9,5,82.76,6,76.09,40,44,85.82,75.5,168,3,60,188,Possession,82,97.93,0.3981,7,92,1,281
BG-42-003203,Metro,Telangana,Karimnagar,10.81,3,3,0,2,1,100.0,0,100.0,0,0,77.45,73.13,2,0,5,70,Possession,55,100.0,0.5244,22,22,0,0
BG-42-003204,Highway,Maharashtra,Nagpur,21.36,38,3,0,0,0,100.0,1,42.11,12,45,79.91,72.68,29,1,23,25,Compensation,39,82.93,0.0698,329,44,0,0
BG-42-003205,Railway,Madhya Pradesh,Bhopal,69.35,53,7,1,3,1,86.0,4,100.0,0,16,100.0,83.58,51,3,69,51,Possession,47,100.0,0.5466,196,46,0,0
BG-42-003206,Railway,Tamil Nadu,Coimbatore,253.37,287,9,0,5,1,92.52,1,37.77,139,26,34.64,36.35,90,4,62,170,Award,72,38.81,0.7423,512,62,1,179
BG-42-003207,Railway,Uttar Pradesh,Kanpur Nagar,387.69,930,11,0,11,2,60.86,7,0.86,752,100,11.39,12.32,94,5,90,400,Notification,88,0.0,0.4247,592,82,1,351
BG-42-003208,Irrigation,Karnataka,Belagavi,61.46,34,5,1,0,1,79.13,3,0.0,28,78,0.0,0.0,0,3,38,69,Notification,151,0.0,0.1032,65,76,1,342
BG-42-003209,Metro,Telangana,Nizamabad,74.7,135,6,0,5,0,75.17,4,16.12,100,107,26.52,28.43,33,4,52,145,Survey,72,28.89,0.4609,359,45,0,0
BG-42-003210,Irrigation,Gujarat,Vadodara,43.84,147,5,2,1,2,72.23,1,0.0,107,128,0.0,1.57,0,2,55,105,Survey,73,0.0,0.456,216,65,1,253
BG-42-003211,Industrial Corridor,Maharashtra,Thane,142.1,134,6,1,4,0,66.77,3,18.01,93,101,20.06,7.47,26,4,47,112,Objections,82,45.38,0.7284,267,66,1,214
BG-42-003212,Railway,Maharashtra,Nagpur,290.85,651,9,0,15,1,82.84,12,59.27,163,24,41.59,42.33,257,2,41,362,Compensation,70,73.06,0.5352,290,130,1,366
BG-42-003213,Metro,Rajasthan,Jodhpur,233.88,482,9,1,2,2,73.94,2,44.22,148,36,56.42,56.82,264,3,12,198,Rehabilitation & Resettlement,79,68.02,0.4207,7,37,1,196
BG-42-003214,Railway,Telangana,Hyderabad,83.66,199,7,0,5,0,92.87,4,50.65,61,40,56.45,52.16,105,2,45,157,Compensation,127,60.33,0.1932,184,45,0,0
BG-42-003215,Power Transmission,Maharashtra,Nagpur,43.78,39,4,0,5,3,59.27,6,4.38,31,97,0.0,0.0,0,4,47,82,Survey,54,0.31,0.4778,423,50,1,175
BG-42-003216,Highway,Karnataka,Mysuru,86.19,95,4,0,5,0,73.23,7,31.32,59,75,53.73,77.0,46,1,16,126,Rehabilitation & Resettlement,27,87.39,0.4289,211,53,0,0
BG-42-003217,Irrigation,Rajasthan,Jodhpur,258.43,540,10,0,12,4,67.83,11,13.55,276,71,11.75,6.08,62,1,8,305,Objections,58,41.88,0.2575,413,75,0,0
BG-42-003218,Industrial Corridor,Maharashtra,Thane,62.15,77,7,1,5,2,47.46,3,27.68,41,24,17.47,11.21,13,2,39,105,Notification,212,0.0,0.9018,145,90,1,301
BG-42-003219,Industrial Corridor,Tamil Nadu,Salem,20.04,42,4,0,0,0,80.95,4,52.66,15,46,53.81,53.87,21,0,0,55,Objections,32,21.02,0.4566,248,4,0,0
BG-42-003220,Metro,Maharashtra,Nashik,64.2,164,7,4,8,7,52.6,7,0.0,149,77,0.0,0.0,0,5,80,176,Objections,249,0.0,0.6985,102,102,1,526
BG-42-003221,Industrial Corridor,Uttar Pradesh,Varanasi,68.5,203,6,1,4,1,78.06,2,33.49,86,68,40.62,32.24,75,0,22,158,Objections,112,35.22,0.3322,123,49,0,0
BG-42-003222,Industrial Corridor,Gujarat,Rajkot,19.94,3,2,0,1,0,84.59,3,99.02,0,5,80.55,87.62,2,2,0,0,Rehabilitation & Resettlement,78,91.24,0.2654,189,26,0,0
BG-42-003223,Industrial Corridor,Uttar Pradesh,Lucknow,103.09,202,4,3,7,3,64.83,5,31.94,122,56,33.08,19.1,63,4,69,226,Rehabilitation & Resettlement,96,67.66,0.3118,133,109,1,362
BG-42-003224,Highway,Tamil Nadu,Coimbatore,128.36,218,5,1,10,4,98.58,7,40.89,74,89,31.76,22.63,65,2,52,232,Compensation,83,69.93,0.233,154,81,0,0
BG-42-003225,Industrial Corridor,Uttar Pradesh,Varanasi,379.14,248,10,0,2,1,88.56,1,40.83,93,54,31.57,24.17,76,0,0,108,Survey,63,57.38,0.4183,403,43,0,0
BG-42-003226,Railway,Rajasthan,Jodhpur,29.49,73,3,0,1,0,100.0,2,96.51,2,21,76.75,77.58,51,1,38,115,Rehabilitation & Resettlement,54,100.0,0.4677,151,41,0,0
BG-42-003227,Industrial Corridor,Karnataka,Kalaburagi,153.61,131,6,1,2,1,70.33,4,71.49,31,52,71.48,80.44,91,3,27,100,Compensation,77,54.47,0.629,305,28,0,0
BG-42-003228,Metro,Maharashtra,Nashik,185.58,457,7,0,7,2,66.36,4,0.0,304,71,7.28,0.0,32,4,35,264,Survey,87,0.14,0.5865,215,51,0,0
BG-42-003229,Highway,Karnataka,Bengaluru Urban,129.76,122,7,0,2,1,89.27,0,49.86,35,50,47.1,45.02,51,3,12,96,Compensation,45,65.99,0.2714,29,41,0,0
BG-42-003230,Power Transmission,Madhya Pradesh,Indore,38.27,67,4,0,3,0,86.88,3,34.24,26,32,41.89,25.92,27,3,15,95,Award,91,30.06,0.4502,226,18,0,0
BG-42-003231,Metro,Gujarat,Surat,36.53,75,3,0,1,2,100.0,0,17.03,51,69,36.01,26.94,25,0,0,106,Award,18,39.25,0.2915,282,65,0,0
BG-42-003232,Industrial Corridor,Karnataka,Kalaburagi,92.55,93,5,2,7,4,47.96,8,0.0,73,82,0.0,0.0,0,7,117,175,Survey,101,0.0,0.3015,354,112,1,392
BG-42-003233,Industrial Corridor,Tamil Nadu,Chennai,92.03,96,7,1,2,2,100.0,1,95.31,3,12,51.98,51.84,45,2,17,117,Award,77,100.0,0.7399,216,40,0,0
BG-42-003234,Industrial Corridor,Uttar Pradesh,Lucknow,54.73,47,5,0,4,3,88.11,1,0.0,43,82,19.18,0.0,9,0,1,84,Survey,80,0.0,0.3556,299,59,0,0
BG-42-003235,Power Transmission,Karnataka,Bengaluru Urban,240.64,525,8,3,14,3,67.21,9,0.0,294,86,11.52,0.0,58,2,27,344,Survey,125,13.25,0.4756,47,133,1,524
BG-42-003236,Highway,Telangana,Nizamabad,62.14,5,7,0,2,1,93.42,0,22.6,2,84,41.4,43.7,2,0,12,42,Survey,53,68.63,0.2408,313,18,0,0
BG-42-003237,Highway,Madhya Pradesh,Gwalior,18.82,59,7,2,6,3,91.95,1,86.79,6,35,93.54,97.14,54,1,18,39,Possession,64,100.0,0.4113,253,62,0,0
BG-42-003238,Industrial Corridor,Karnataka,Belagavi,71.58,109,6,3,2,2,65.29,2,6.6,95,93,39.1,31.81,42,7,134,55,Objections,173,19.73,0.3002,388,92,1,424
BG-42-003239,Highway,Maharashtra,Thane,125.74,199,7,2,3,0,65.98,0,43.52,102,106,29.11,22.6,57,2,50,151,Objections,130,36.33,0.409,219,63,1,269
BG-42-003240,Highway,Tamil Nadu,Salem,112.57,116,5,2,4,3,60.14,5,39.45,59,43,31.91,24.2,33,2,16,107,Objections,97,54.95,0.3299,95,43,1,205
BG-42-003241,Highway,Rajasthan,Kota,111.87,137,7,0,6,1,80.5,3,100.0,0,0,100.0,100.0,121,0,0,113,Possession,75,100.0,0.479,117,52,1,161
BG-42-003242,Railway,Telangana,Nizamabad,282.93,671,9,0,10,4,100.0,5,35.03,316,83,25.34,28.87,150,3,42,363,Compensation,110,65.67,0.4978,7,111,1,337
BG-42-003243,Irrigation,Tamil Nadu,Chennai,35.1,101,5,0,3,1,87.32,3,73.74,22,42,72.88,83.33,67,2,13,103,Possession,35,100.0,0.1131,319,44,0,0
BG-42-003244,Highway,Tamil Nadu,Salem,61.01,118,4,1,4,2,74.41,6,0.0,97,111,0.0,8.21,0,6,90,140,Objections,121,0.0,0.886,380,75,1,312
BG-42-003245,Railway,Karnataka,Kalaburagi,294.73,590,9,1,11,4,77.47,8,22.29,325,98,28.34,25.52,162,0,19,328,Survey,73,5.63,0.4896,290,96,1,275
BG-42-003246,Irrigation,Maharashtra,Thane,17.75,89,4,0,3,0,78.13,1,46.52,43,73,45.6,41.66,37,4,65,123,Compensation,56,39.41,0.4425,70,69,0,0
BG-42-003247,Irrigation,Maharashtra,Thane,82.03,191,8,1,5,0,63.02,4,5.46,158,71,0.0,0.0,0,3,66,161,Objections,106,6.22,0.6261,160,45,1,302
BG-42-003248,Highway,Uttar Pradesh,Kanpur Nagar,228.87,343,10,1,7,3,86.39,2,69.38,99,32,92.33,89.79,314,3,43,154,Rehabilitation & Resettlement,89,100.0,0.6046,264,96,0,0
BG-42-003249,Irrigation,Rajasthan,Jaipur,226.15,452,9,3,6,2,100.0,1,92.04,25,39,99.29,100.0,410,2,72,236,Possession,171,100.0,0.5031,115,81,1,372
BG-42-003250,Highway,Maharashtra,Thane,145.2,96,8,1,4,0,91.33,5,34.91,40,38,53.84,55.48,47,0,0,108,Award,47,34.56,0.2009,476,78,0,0
BG-42-003251,Power Transmission,Karnataka,Mysuru,148.17,150,6,1,0,2,100.0,0,99.1,1,0,100.0,100.0,140,2,52,45,Possession,133,100.0,0.5646,149,25,0,0
BG-42-003252,Highway,Madhya Pradesh,Gwalior,37.23,102,5,3,2,2,93.36,3,49.93,41,92,47.14,38.87,43,0,23,104,Compensation,84,100.0,0.0845,54,78,0,0
BG-42-003253,Railway,Madhya Pradesh,Jabalpur,256.86,365,7,0,4,1,98.18,0,34.21,151,37,33.3,34.49,121,0,31,212,Objections,44,32.64,0.4862,258,55,0,0
BG-42-003254,Highway,Gujarat,Surat,32.78,144,4,3,4,2,86.87,3,0.0,122,109,0.0,0.0,0,2,83,134,Award,129,8.7,0.3483,254,65,1,416
BG-42-003255,Industrial Corridor,Rajasthan,Jodhpur,34.39,81,6,1,3,4,72.66,4,0.0,75,91,8.19,14.03,7,2,60,71,Notification,69,0.0,0.6062,235,48,1,252
BG-42-003256,Highway,Rajasthan,Kota,116.78,163,7,1,3,0,70.63,2,82.07,16,33,18.81,0.7,28,5,96,146,Rehabilitation & Resettlement,134,66.46,0.6486,278,69,1,193
BG-42-003257,Metro,Tamil Nadu,Coimbatore,57.72,180,5,0,0,1,93.88,0,17.77,133,49,37.29,40.57,62,4,56,86,Survey,69,64.23,0.1255,392,81,0,0
BG-42-003258,Industrial Corridor,Karnataka,Mysuru,101.02,105,6,0,4,0,92.29,4,21.95,53,77,0.0,0.0,0,5,17,115,Objections,112,10.6,0.5216,259,57,1,210
BG-42-003259,Highway,Uttar Pradesh,Lucknow,120.86,171,6,1,7,0,86.16,6,36.79,83,30,20.79,18.3,32,3,73,141,Compensation,117,40.52,0.3532,150,93,1,324
BG-42-003260,Irrigation,Gujarat,Vadodara,355.13,645,7,2,10,3,57.97,9,0.0,424,89,0.0,0.0,0,4,72,441,Notification,163,0.0,0.5346,360,93,1,487
BG-42-003261,Railway,Gujarat,Ahmedabad,121.14,190,5,1,6,2,84.92,4,35.37,83,60,32.51,24.41,56,0,31,241,Notification,71,36.48,0.2127,260,61,0,0
BG-42-003262,Highway,Gujarat,Ahmedabad,52.2,154,5,0,5,1,66.1,5,68.99,42,34,40.12,34.26,60,5,63,135,Compensation,120,56.87,0.5583,216,101,0,0
BG-42-003263,Highway,Rajasthan,Jaipur,147.11,183,6,0,5,3,68.23,3,0.0,122,107,0.0,0.11,0,1,31,149,Notification,32,3.78,0.5964,386,57,1,248
BG-42-003264,Railway,Maharashtra,Nagpur,44.02,99,4,0,4,2,77.5,6,73.32,23,11,57.53,53.61,54,2,54,139,Award,147,83.53,0.2262,113,56,0,0
BG-42-003265,Highway,Gujarat,Ahmedabad,177.78,388,6,3,8,7,67.86,4,16.97,218,103,41.04,41.58,155,1,28,316,Objections,98,24.81,0.4589,358,130,1,384
BG-42-003266,Metro,Madhya Pradesh,Indore,90.17,37,5,2,1,1,87.77,3,13.48,21,110,23.31,29.12,8,4,80,50,Survey,92,25.35,0.2222,253,131,0,0
BG-42-003267,Industrial Corridor,Gujarat,Ahmedabad,117.97,217,6,0,2,1,93.27,0,0.0,185,72,1.09,0.0,2,3,44,113,Survey,48,0.34,0.2141,210,15,1,239
BG-42-003268,Metro,Rajasthan,Kota,20.6,129,5,4,2,1,76.46,2,65.0,30,23,54.65,60.33,68,6,115,90,Rehabilitation & Resettlement,160,93.56,0.7032,428,67,1,278
BG-42-003269,Railway,Karnataka,Bengaluru Urban,14.15,62,5,1,1,0,100.0,1,54.58,16,41,59.96,49.97,35,2,44,58,Possession,125,72.37,0.5903,196,21,0,0
BG-42-003270,Power Transmission,Telangana,Hyderabad,25.76,88,3,1,4,4,76.02,3,10.91,51,102,20.13,34.94,17,2,61,127,Survey,118,18.85,0.5402,7,50,1,253
BG-42-003271,Railway,Uttar Pradesh,Kanpur Nagar,346.06,507,10,2,13,9,92.94,4,77.45,100,56,50.3,37.98,243,2,34,291,Possession,235,100.0,0.1407,149,152,1,374
BG-42-003272,Industrial Corridor,Tamil Nadu,Madurai,34.17,34,2,0,0,1,76.51,1,80.12,5,8,67.72,59.73,21,2,35,36,Compensation,67,100.0,0.199,136,25,0,0
BG-42-003273,Irrigation,Uttar Pradesh,Lucknow,153.83,397,7,1,5,2,82.17,3,70.52,83,36,77.7,84.57,285,2,41,217,Compensation,81,100.0,0.6773,123,51,1,182
BG-42-003274,Highway,Maharashtra,Nashik,51.24,67,6,0,4,2,97.38,2,79.07,11,35,100.0,100.0,61,0,13,53,Compensation,54,83.96,0.3529,205,30,0,0
BG-42-003275,Industrial Corridor,Madhya Pradesh,Gwalior,70.67,108,5,1,4,2,100.0,2,90.67,6,36,100.0,100.0,99,2,17,125,Compensation,73,100.0,0.3546,24,45,1,173
BG-42-003276,Irrigation,Gujarat,Vadodara,82.62,177,7,0,4,2,81.69,3,89.92,12,26,78.07,75.76,132,1,27,140,Rehabilitation & Resettlement,104,100.0,0.6707,140,53,0,0
BG-42-003277,Metro,Tamil Nadu,Salem,318.95,424,10,0,8,2,57.58,7,35.42,160,82,35.68,27.36,141,3,66,217,Award,83,64.39,0.4624,36,78,1,261
BG-42-003278,Irrigation,Telangana,Warangal,136.67,225,7,2,4,2,90.64,4,58.68,62,62,61.57,48.47,137,2,39,113,Compensation,127,71.52,0.5507,143,67,1,330
BG-42-003279,Railway,Maharashtra,Thane,116.52,162,6,1,5,2,82.98,3,45.68,58,53,48.65,51.08,70,1,2,145,Objections,153,39.0,0.4852,54,46,0,0
BG-42-003280,Industrial Corridor,Uttar Pradesh,Lucknow,241.62,365,8,0,3,2,97.04,2,38.92,162,59,41.66,45.3,142,0,21,181,Survey,79,39.16,0.1696,336,51,0,0
BG-42-003281,Railway,Gujarat,Vadodara,51.6,43,3,1,2,1,70.31,1,14.34,30,83,17.12,19.05,7,0,3,97,Compensation,55,36.97,0.2008,7,27,1,184
BG-42-003282,Highway,Maharashtra,Nashik,201.28,450,6,0,5,3,80.31,1,0.0,349,97,0.0,0.0,0,0,0,296,Notification,49,0.0,0.3961,378,76,0,0
BG-42-003283,Irrigation,Gujarat,Ahmedabad,176.1,131,8,2,1,2,61.35,3,8.5,102,63,12.45,24.13,16,4,70,48,Objections,158,4.63,0.1741,191,96,1,352
BG-42-003284,Highway,Telangana,Karimnagar,174.5,363,9,0,3,0,87.51,7,27.62,173,52,14.95,17.1,50,1,0,167,Survey,31,34.31,0.7246,192,19,0,0
BG-42-003285,Irrigation,Rajasthan,Kota,75.64,98,4,2,1,2,86.66,1,30.53,42,77,26.77,26.01,25,2,21,82,Survey,100,20.86,0.3361,247,68,1,252
BG-42-003286,Industrial Corridor,Karnataka,Bengaluru Urban,60.35,111,5,0,4,0,97.19,3,41.92,53,67,46.96,47.73,50,1,35,103,Compensation,65,69.96,0.6274,129,60,0,0
BG-42-003287,Irrigation,Gujarat,Ahmedabad,42.7,54,3,4,3,7,86.84,4,33.96,21,95,52.91,66.91,27,3,72,82,Compensation,210,90.27,0.2335,228,105,0,0
BG-42-003288,Irrigation,Tamil Nadu,Madurai,44.89,119,3,0,2,1,74.23,2,47.26,37,5,47.95,39.69,52,1,0,147,Award,70,32.99,0.1565,232,29,1,116
BG-42-003289,Industrial Corridor,Gujarat,Vadodara,41.12,102,5,0,1,0,85.05,4,56.89,37,61,32.0,24.03,33,1,10,75,Survey,19,53.85,0.4969,358,15,0,0
BG-42-003290,Irrigation,Gujarat,Ahmedabad,114.83,279,6,1,2,2,100.0,2,28.07,179,70,6.09,5.38,17,0,60,167,Award,44,5.96,0.5466,264,46,0,0
BG-42-003291,Power Transmission,Maharashtra,Thane,71.33,167,3,1,3,3,60.17,6,68.78,30,8,60.77,58.41,99,2,37,231,Objections,121,61.65,0.3623,243,49,1,182
BG-42-003292,Metro,Maharashtra,Nagpur,120.92,170,8,0,3,0,100.0,2,80.19,22,9,100.0,100.0,156,2,29,78,Rehabilitation & Resettlement,80,100.0,0.3561,92,81,0,0
BG-42-003293,Industrial Corridor,Maharashtra,Nashik,126.51,235,6,1,4,1,67.2,5,49.91,83,21,56.54,55.33,119,2,18,172,Compensation,62,60.84,0.5665,371,42,0,0
BG-42-003294,Highway,Maharashtra,Pune,36.68,77,3,1,0,4,87.04,3,64.86,19,44,43.75,47.79,33,2,39,78,Award,80,68.48,0.3068,394,33,0,0
BG-42-003295,Highway,Tamil Nadu,Coimbatore,35.81,69,4,1,3,0,66.52,3,17.75,52,69,25.13,32.59,17,3,29,76,Award,59,29.44,0.4852,154,64,1,263
BG-42-003296,Highway,Maharashtra,Nashik,71.31,91,5,0,1,1,80.75,2,100.0,0,0,100.0,96.95,86,4,28,91,Possession,50,100.0,0.4103,120,18,0,0
BG-42-003297,Metro,Madhya Pradesh,Bhopal,46.06,25,5,0,7,2,69.29,6,70.56,7,69,55.0,66.66,12,3,48,101,Rehabilitation & Resettlement,39,71.5,0.1756,7,70,0,0
BG-42-003298,Highway,Madhya Pradesh,Indore,42.34,98,4,0,0,0,95.33,1,20.98,52,79,30.27,27.93,26,1,0,92,Award,109,54.31,0.2227,250,50,0,0
BG-42-003299,Metro,Karnataka,Bengaluru Urban,332.47,372,10,1,8,6,77.54,6,65.01,74,56,45.42,48.74,150,1,31,219,Award,48,53.33,0.2763,210,97,0,0
BG-42-003300,Industrial Corridor,Tamil Nadu,Chennai,25.11,17,5,0,3,0,73.64,4,0.0,12,81,10.67,8.21,2,2,64,78,Notification,30,0.0,0.2939,308,24,0,0
BG-42-003301,Industrial Corridor,Gujarat,Ahmedabad,432.01,375,9,5,6,4,82.59,4,79.71,57,47,82.57,72.03,291,4,102,212,Possession,234,100.0,0.5011,7,145,1,398
BG-42-003302,Irrigation,Gujarat,Surat,107.89,44,5,2,5,1,59.82,8,0.0,36,94,22.93,18.5,10,1,6,82,Objections,66,9.43,0.252,235,88,0,0
BG-42-003303,Irrigation,Rajasthan,Jodhpur,188.48,301,8,1,3,1,65.08,5,52.47,115,65,41.28,52.73,120,1,12,175,Objections,82,81.24,0.3785,446,77,1,182
BG-42-003304,Irrigation,Madhya Pradesh,Indore,171.51,258,6,1,10,2,71.27,6,85.26,25,39,93.81,80.19,231,1,6,214,Possession,58,100.0,0.5059,149,110,1,143
BG-42-003305,Industrial Corridor,Gujarat,Vadodara,140.27,420,7,0,8,2,62.94,6,68.05,125,33,63.69,71.5,238,0,6,263,Rehabilitation & Resettlement,85,84.52,0.5384,73,82,1,274
BG-42-003306,Highway,Gujarat,Vadodara,323.59,388,9,4,8,2,66.35,6,10.82,198,81,27.72,11.59,104,2,68,218,Notification,117,6.31,0.5311,262,127,1,412
BG-42-003307,Irrigation,Rajasthan,Jaipur,36.02,91,4,1,2,3,75.98,2,10.42,64,106,13.4,13.32,11,1,1,102,Notification,75,16.06,0.2868,236,43,1,242
BG-42-003308,Highway,Rajasthan,Udaipur,75.56,88,5,0,5,0,73.1,4,0.0,70,87,23.53,31.31,19,1,21,84,Notification,81,0.0,0.3805,317,61,0,0
BG-42-003309,Highway,Tamil Nadu,Madurai,43.28,85,3,2,1,1,88.32,1,70.63,17,6,88.12,73.84,66,3,79,76,Compensation,84,89.39,0.4508,136,53,1,198
BG-42-003310,Railway,Rajasthan,Jodhpur,22.05,63,4,2,3,2,51.96,6,0.0,54,140,0.0,0.0,0,3,59,79,Notification,163,6.87,0.371,456,42,0,0
BG-42-003311,Industrial Corridor,Madhya Pradesh,Bhopal,50.45,98,6,0,1,0,67.24,1,97.91,1,14,100.0,100.0,94,2,22,75,Possession,51,100.0,0.4777,167,12,0,0
BG-42-003312,Industrial Corridor,Uttar Pradesh,Agra,383.0,328,10,0,3,0,74.19,4,92.35,16,13,100.0,93.57,325,2,51,171,Possession,87,100.0,0.4379,79,27,0,0
BG-42-003313,Highway,Karnataka,Belagavi,74.53,218,6,0,1,0,92.48,1,97.6,4,0,79.1,75.45,169,1,43,133,Compensation,54,100.0,0.1799,81,15,0,0
BG-42-003314,Power Transmission,Rajasthan,Jodhpur,418.56,696,10,0,9,1,88.74,3,64.92,191,48,54.88,50.52,341,0,9,324,Compensation,94,85.25,0.0797,26,103,0,0
BG-42-003315,Highway,Telangana,Hyderabad,454.26,888,10,2,10,2,61.32,8,34.08,495,43,15.33,3.14,132,6,89,388,Objections,129,53.09,0.2228,291,110,1,414
BG-42-003316,Railway,Madhya Pradesh,Bhopal,940.21,844,15,1,10,2,76.8,7,0.0,635,123,0.0,0.04,0,1,31,330,Notification,54,0.0,0.7182,283,76,1,366
BG-42-003317,Railway,Rajasthan,Jodhpur,393.23,384,10,0,7,4,93.09,5,91.64,18,0,94.34,100.0,319,1,47,203,Rehabilitation & Resettlement,43,100.0,0.6534,315,79,0,0
BG-42-003318,Railway,Telangana,Hyderabad,564.82,718,11,1,6,0,76.8,6,30.04,352,81,15.1,14.74,97,3,35,254,Survey,96,0.0,0.2015,100,78,1,245
BG-42-003319,Power Transmission,Tamil Nadu,Chennai,111.07,252,7,0,5,3,89.98,6,0.79,189,112,0.0,8.11,0,1,27,179,Notification,89,0.0,0.4027,451,73,1,353
BG-42-003320,Highway,Uttar Pradesh,Kanpur Nagar,102.79,203,4,1,5,1,71.7,5,40.92,110,62,34.67,30.52,69,2,65,220,Objections,117,55.9,0.2671,326,57,0,0
BG-42-003321,Highway,Uttar Pradesh,Lucknow,108.4,138,6,2,4,2,82.14,3,12.57,86,87,4.9,5.14,6,2,65,111,Notification,119,7.97,0.3724,203,51,1,415
BG-42-003322,Highway,Tamil Nadu,Coimbatore,85.63,78,7,0,4,5,100.0,2,64.93,15,39,74.8,80.6,56,0,0,64,Award,14,78.67,0.1532,272,63,0,0
BG-42-003323,Power Transmission,Gujarat,Rajkot,96.52,218,7,0,0,2,100.0,0,63.7,73,2,58.06,57.59,116,0,10,109,Compensation,27,72.61,0.0713,248,24,0,0
BG-42-003324,Irrigation,Madhya Pradesh,Gwalior,156.3,163,8,2,5,1,84.69,3,41.92,85,52,35.74,25.43,53,4,83,110,Rehabilitation & Resettlement,134,78.81,0.4265,266,57,1,316
BG-42-003325,Industrial Corridor,Tamil Nadu,Chennai,58.99,68,6,0,1,0,71.37,3,46.7,28,53,35.88,28.01,22,0,22,43,Compensation,31,46.85,0.3678,463,89,0,0
BG-42-003326,Industrial Corridor,Karnataka,Belagavi,28.44,16,3,0,0,0,82.28,0,73.55,3,42,70.38,69.03,11,3,71,29,Rehabilitation & Resettlement,169,79.89,0.4435,254,15,0,0
BG-42-003327,Irrigation,Telangana,Karimnagar,114.54,190,4,1,2,2,92.49,3,45.56,97,70,51.88,56.62,91,2,18,191,Award,47,86.79,0.1953,268,52,0,0
BG-42-003328,Highway,Telangana,Nizamabad,49.19,89,4,0,1,0,100.0,1,100.0,0,0,100.0,96.7,81,3,37,84,Rehabilitation & Resettlement,40,100.0,0.2648,190,42,0,0
BG-42-003329,Highway,Madhya Pradesh,Indore,53.44,112,6,0,2,0,72.73,5,14.84,80,87,27.07,33.0,30,3,52,75,Award,98,13.57,0.2854,330,29,0,0
BG-42-003330,Metro,Tamil Nadu,Coimbatore,76.39,111,6,2,2,1,82.88,1,11.76,61,98,30.66,43.6,31,2,51,76,Survey,125,38.99,0.659,238,107,1,385
BG-42-003331,Highway,Gujarat,Ahmedabad,63.58,112,4,2,4,2,83.71,5,67.38,21,4,97.82,100.0,101,1,68,146,Possession,101,100.0,0.5709,197,62,0,0
BG-42-003332,Metro,Gujarat,Surat,208.1,142,7,0,0,0,92.94,2,21.39,67,40,1.4,0.0,2,3,24,75,Objections,74,28.11,0.1732,253,28,0,0
BG-42-003333,Metro,Telangana,Karimnagar,74.93,121,4,0,1,1,83.09,0,0.0,73,102,5.18,0.79,6,1,40,98,Notification,196,0.0,0.3334,277,22,1,303
BG-42-003334,Railway,Telangana,Nizamabad,216.67,408,7,0,1,0,82.96,0,21.31,178,68,9.98,18.86,38,1,28,164,Objections,22,37.04,0.5251,191,37,1,173
BG-42-003335,Metro,Madhya Pradesh,Indore,100.97,81,4,0,0,0,75.68,2,0.0,64,106,0.0,0.23,0,1,14,90,Objections,57,8.38,0.5685,160,29,0,0
BG-42-003336,Railway,Uttar Pradesh,Lucknow,79.77,155,5,0,4,2,100.0,3,39.42,78,89,30.38,28.72,45,0,13,123,Objections,78,49.74,0.4186,262,56,1,141
BG-42-003337,Highway,Maharashtra,Thane,97.18,168,6,1,3,3,94.67,3,17.47,120,99,43.17,39.76,70,1,34,99,Compensation,57,70.28,0.2017,197,44,1,295
BG-42-003338,Power Transmission,Karnataka,Bengaluru Urban,30.47,79,4,5,3,5,87.79,1,25.17,38,81,60.76,51.99,44,0,9,109,Possession,163,81.24,0.4777,104,83,1,410
BG-42-003339,Industrial Corridor,Madhya Pradesh,Jabalpur,112.22,132,6,2,0,6,83.74,5,9.18,85,80,28.84,19.21,38,2,47,46,Objections,127,25.54,0.7108,243,25,1,229
BG-42-003340,Highway,Telangana,Warangal,168.91,416,6,1,14,2,74.46,7,55.29,127,44,67.54,61.99,267,0,25,346,Compensation,75,60.15,0.2639,230,101,0,0
BG-42-003341,Highway,Maharashtra,Nashik,189.18,247,7,2,3,1,68.12,6,0.0,176,106,29.53,23.94,66,7,124,165,Objections,129,0.0,0.4448,126,40,1,383
BG-42-003342,Highway,Tamil Nadu,Chennai,29.03,39,3,1,6,1,89.04,1,70.68,11,56,73.5,76.34,25,1,30,111,Rehabilitation & Resettlement,147,88.86,0.5884,220,89,0,0
BG-42-003343,Highway,Karnataka,Mysuru,25.4,69,5,0,0,1,82.05,0,16.96,41,41,46.29,41.64,30,1,29,42,Survey,24,24.56,0.0952,260,55,1,233
BG-42-003344,Highway,Tamil Nadu,Madurai,55.73,136,5,2,2,3,72.67,4,20.26,79,81,0.0,0.0,0,0,30,105,Survey,52,18.71,0.4299,428,43,0,0
BG-42-003345,Highway,Gujarat,Surat,259.23,388,12,1,6,1,85.48,6,28.26,248,84,24.11,18.72,83,4,69,150,Award,134,46.99,0.3952,127,53,0,0
BG-42-003346,Power Transmission,Rajasthan,Jaipur,102.18,192,6,0,5,0,74.08,6,51.61,70,67,60.08,55.45,110,0,10,147,Compensation,24,78.41,0.1779,217,45,0,0
BG-42-003347,Power Transmission,Uttar Pradesh,Kanpur Nagar,46.07,62,5,1,1,0,88.85,1,90.32,4,41,75.75,76.08,43,4,68,46,Rehabilitation & Resettlement,157,100.0,0.6874,213,132,0,0
BG-42-003348,Power Transmission,Uttar Pradesh,Lucknow,26.78,87,3,1,1,1,71.68,1,27.69,39,37,40.95,17.15,33,1,42,108,Compensation,77,45.38,0.2864,157,97,1,227
BG-42-003349,Industrial Corridor,Gujarat,Surat,49.54,85,4,1,3,0,93.0,4,100.0,0,0,100.0,100.0,82,2,25,119,Rehabilitation & Resettlement,75,100.0,0.356,219,40,0,0
BG-42-003350,Industrial Corridor,Gujarat,Rajkot,46.93,25,6,1,2,1,83.82,2,58.27,9,52,83.77,80.53,20,1,16,45,Award,70,100.0,0.4376,50,70,1,242
BG-42-003351,Power Transmission,Maharashtra,Thane,181.0,218,9,0,2,0,86.26,4,0.0,198,117,0.0,0.0,0,2,27,101,Notification,120,0.0,0.3102,373,26,0,0
BG-42-003352,Irrigation,Karnataka,Kalaburagi,192.49,255,5,0,2,0,100.0,3,0.0,198,90,5.73,0.0,13,2,26,180,Survey,107,13.07,0.0178,254,28,0,0
BG-42-003353,Power Transmission,Tamil Nadu,Chennai,36.97,100,3,3,4,5,70.48,5,0.0,60,100,0.0,0.0,0,5,75,166,Notification,117,0.0,0.3551,401,131,1,435
BG-42-003354,Power Transmission,Uttar Pradesh,Kanpur Nagar,156.42,382,7,1,6,2,100.0,2,6.31,316,64,39.17,13.92,132,3,53,261,Objections,66,38.71,0.7501,243,62,1,388
BG-42-003355,Power Transmission,Madhya Pradesh,Bhopal,144.11,158,6,1,1,4,98.14,0,24.55,70,58,38.27,46.39,55,2,44,101,Award,65,26.5,0.3321,171,22,0,0
BG-42-003356,Industrial Corridor,Madhya Pradesh,Indore,33.32,52,2,2,3,1,94.44,3,33.75,23,52,49.56,41.07,26,2,72,127,Objections,96,35.56,0.1432,190,60,0,0
BG-42-003357,Highway,Gujarat,Vadodara,80.07,89,6,0,2,2,99.91,1,79.37,14,17,72.64,81.03,59,1,7,24,Compensation,63,89.06,0.3667,277,20,0,0
BG-42-003358,Highway,Maharashtra,Thane,112.47,170,4,2,1,1,77.17,5,54.77,58,40,59.71,62.39,93,3,53,141,Award,173,60.58,0.5704,280,34,1,196
BG-42-003359,Railway,Maharashtra,Nashik,97.57,101,6,0,1,0,84.11,3,100.0,0,16,99.8,97.04,100,1,58,41,Compensation,45,100.0,0.2509,70,32,1,131
BG-42-003360,Highway,Uttar Pradesh,Lucknow,21.79,86,5,0,4,2,92.69,3,53.12,32,66,41.01,45.14,34,1,4,101,Compensation,85,79.76,0.3019,138,30,0,0
BG-42-003361,Highway,Rajasthan,Jodhpur,95.1,60,7,1,1,1,79.05,4,25.48,35,65,35.6,28.51,21,2,49,19,Objections,115,37.44,0.6945,230,31,1,184
BG-42-003362,Highway,Gujarat,Surat,142.45,300,6,1,6,3,89.58,3,32.22,159,55,15.31,10.94,45,0,0,283,Objections,76,29.91,0.3999,357,127,1,342
BG-42-003363,Railway,Karnataka,Belagavi,302.98,751,11,0,5,1,79.71,5,51.71,247,33,36.46,48.99,258,1,25,290,Compensation,52,70.31,0.7927,107,76,1,205
BG-42-003364,Irrigation,Madhya Pradesh,Bhopal,50.15,38,5,3,4,3,61.73,4,26.23,26,111,58.68,61.69,21,7,111,72,Compensation,235,42.22,0.5031,258,91,1,426
BG-42-003365,Railway,Uttar Pradesh,Varanasi,55.35,90,6,4,2,2,55.33,6,0.07,60,85,26.16,30.91,21,3,83,62,Objections,177,7.74,0.7275,239,91,1,369
BG-42-003366,Highway,Rajasthan,Jodhpur,72.45,201,4,0,7,2,61.54,9,56.49,64,43,55.95,53.72,100,2,29,225,Objections,69,40.64,0.2592,397,61,0,0
BG-42-003367,Railway,Maharashtra,Nagpur,108.09,157,8,1,2,2,79.88,3,65.98,49,17,46.7,37.49,72,2,51,93,Compensation,50,55.61,0.4162,7,37,0,0
BG-42-003368,Railway,Telangana,Karimnagar,92.54,171,6,0,6,2,66.68,3,76.47,24,0,69.98,66.7,108,2,40,194,Compensation,27,76.92,0.1688,120,68,1,182
BG-42-003369,Industrial Corridor,Rajasthan,Jaipur,138.86,228,9,0,3,0,66.43,6,33.14,115,51,17.37,5.89,39,0,44,131,Survey,23,29.62,0.4656,288,37,0,0
BG-42-003370,Industrial Corridor,Karnataka,Kalaburagi,34.81,42,6,0,0,0,92.84,3,84.56,4,19,100.0,86.04,39,1,5,39,Award,62,100.0,0.413,231,12,0,0
BG-42-003371,Highway,Tamil Nadu,Chennai,117.62,313,7,0,2,1,93.33,0,96.47,9,0,100.0,98.38,297,0,0,165,Possession,30,99.98,0.6724,44,25,0,0
BG-42-003372,Metro,Tamil Nadu,Salem,47.29,43,5,1,2,2,60.9,3,0.0,31,72,0.0,0.0,0,6,85,12,Notification,83,0.0,0.2573,150,33,1,220
BG-42-003373,Highway,Maharashtra,Nashik,76.35,56,5,4,4,2,100.0,3,21.2,40,66,32.57,34.12,16,5,106,69,Rehabilitation & Resettlement,145,80.17,0.3844,126,92,1,309
BG-42-003374,Industrial Corridor,Madhya Pradesh,Jabalpur,335.76,818,8,2,13,4,80.29,6,0.0,573,90,0.0,0.0,0,0,36,450,Survey,55,0.0,0.4392,293,156,1,524
BG-42-003375,Irrigation,Telangana,Karimnagar,27.98,3,5,0,0,0,92.08,0,72.93,1,23,68.94,52.6,2,0,0,3,Award,36,53.14,0.2715,7,15,0,0
BG-42-003376,Irrigation,Madhya Pradesh,Jabalpur,68.47,42,6,1,0,0,79.19,0,46.44,16,79,50.81,54.35,19,0,47,26,Award,148,37.67,0.311,118,50,1,311
BG-42-003377,Highway,Tamil Nadu,Coimbatore,30.89,48,2,0,1,0,72.21,2,0.88,45,100,0.0,3.07,0,0,7,96,Notification,33,0.0,0.5698,181,14,0,0
BG-42-003378,Power Transmission,Rajasthan,Udaipur,96.78,132,6,2,4,6,94.26,3,92.55,6,20,100.0,100.0,124,5,54,98,Possession,160,100.0,0.1591,261,82,0,0
BG-42-003379,Power Transmission,Uttar Pradesh,Kanpur Nagar,198.06,252,9,0,5,3,95.97,3,67.03,63,8,33.98,28.72,84,0,11,160,Award,70,68.9,0.3372,240,33,0,0
BG-42-003380,Power Transmission,Uttar Pradesh,Varanasi,98.07,207,8,0,3,1,86.9,4,94.26,9,0,100.0,100.0,202,2,32,149,Possession,94,100.0,0.2252,99,27,0,0
BG-42-003381,Highway,Rajasthan,Kota,77.99,134,6,1,4,1,77.35,4,61.57,45,50,32.65,29.65,41,4,59,108,Objections,61,49.53,0.4484,337,45,1,253
BG-42-003382,Metro,Uttar Pradesh,Kanpur Nagar,247.82,395,6,2,5,2,76.41,6,34.68,152,108,22.53,21.3,86,4,74,270,Rehabilitation & Resettlement,181,52.95,0.5642,44,70,1,296
BG-42-003383,Highway,Telangana,Hyderabad,111.54,141,5,0,2,0,95.22,3,96.52,4,4,96.23,98.26,124,3,49,94,Possession,92,100.0,0.3839,7,34,0,0
BG-42-003384,Highway,Maharashtra,Nashik,164.95,243,7,0,1,0,95.8,0,100.0,0,0,97.56,85.57,209,1,5,105,Compensation,49,100.0,0.5464,213,42,0,0
BG-42-003385,Industrial Corridor,Karnataka,Kalaburagi,151.75,330,9,5,9,6,72.91,6,0.0,232,122,22.0,19.96,70,4,74,232,Survey,182,19.1,0.5536,369,194,1,586
BG-42-003386,Metro,Madhya Pradesh,Jabalpur,8.58,84,2,0,2,3,100.0,3,60.62,20,58,54.13,51.4,40,0,0,179,Compensation,30,84.14,0.4306,42,65,0,0
BG-42-003387,Highway,Madhya Pradesh,Jabalpur,80.53,156,7,0,6,1,100.0,3,76.04,23,30,75.25,77.4,117,3,81,133,Compensation,34,100.0,0.1995,7,91,0,0
BG-42-003388,Power Transmission,Telangana,Warangal,36.15,66,3,1,5,2,78.07,3,100.0,0,9,90.32,91.34,53,1,23,130,Possession,118,94.85,0.5338,319,60,0,0
BG-42-003389,Metro,Tamil Nadu,Madurai,44.1,69,5,1,3,1,70.2,3,38.37,24,46,45.95,53.51,30,5,96,87,Award,71,54.69,0.5364,164,67,1,300
BG-42-003390,Irrigation,Uttar Pradesh,Kanpur Nagar,278.57,618,8,1,7,1,100.0,5,33.32,228,47,26.49,37.08,159,2,60,300,Objections,80,46.99,0.3876,382,70,1,286
BG-42-003391,Power Transmission,Maharashtra,Pune,63.44,140,5,1,3,0,83.97,2,40.39,76,66,12.27,7.78,16,5,68,96,Survey,103,50.41,0.2263,230,33,0,0
BG-42-003392,Power Transmission,Tamil Nadu,Chennai,389.18,728,9,0,16,1,100.0,9,34.41,263,41,38.12,20.76,263,0,17,383,Compensation,25,68.16,0.5601,199,113,1,325
BG-42-003393,Power Transmission,Gujarat,Surat,27.77,53,6,0,1,0,100.0,0,100.0,0,11,91.07,72.22,45,0,20,48,Possession,81,100.0,0.4074,103,6,0,0
BG-42-003394,Highway,Tamil Nadu,Madurai,35.98,31,3,0,0,0,79.61,4,7.28,22,65,9.97,16.82,3,0,0,63,Notification,23,0.0,0.4541,111,16,0,0
BG-42-003395,Highway,Uttar Pradesh,Kanpur Nagar,157.57,185,5,0,1,0,80.06,4,69.13,36,47,81.37,71.1,134,6,66,147,Rehabilitation & Resettlement,113,96.96,0.2954,7,20,0,0
BG-42-003396,Irrigation,Maharashtra,Pune,65.16,23,3,2,2,3,91.35,1,85.58,2,19,61.72,57.11,13,1,46,34,Possession,115,84.98,0.5111,7,37,0,0
BG-42-003397,Highway,Uttar Pradesh,Kanpur Nagar,109.49,155,6,0,1,0,57.47,5,10.52,111,75,7.4,13.61,10,2,32,59,Notification,44,0.0,0.4524,566,20,1,257
BG-42-003398,Railway,Gujarat,Surat,78.27,75,5,0,2,1,94.34,0,20.93,39,76,35.07,34.82,25,0,0,90,Survey,42,27.55,0.6839,269,26,0,0
BG-42-003399,Industrial Corridor,Rajasthan,Kota,76.4,120,6,1,5,1,75.45,4,36.81,45,82,36.72,52.39,42,5,64,117,Compensation,104,66.19,0.6493,204,50,0,0
BG-42-003400,Highway,Rajasthan,Jodhpur,67.13,159,5,1,4,0,70.14,4,68.07,31,49,93.2,98.45,144,1,12,144,Compensation,46,98.54,0.4951,25,41,0,0
BG-42-003401,Highway,Madhya Pradesh,Indore,98.85,137,7,0,5,1,86.35,1,29.32,58,63,38.22,31.73,52,1,13,119,Notification,64,36.37,0.1906,108,131,0,0
BG-42-003402,Metro,Karnataka,Bengaluru Urban,143.07,263,6,2,6,4,65.25,3,69.97,59,40,93.78,86.7,241,4,43,189,Rehabilitation & Resettlement,205,100.0,0.9317,20,106,1,266
BG-42-003403,Railway,Tamil Nadu,Madurai,311.54,303,10,0,2,1,99.95,3,42.04,104,31,55.92,61.37,149,0,10,114,Compensation,72,86.71,0.0521,193,31,0,0
BG-42-003404,Industrial Corridor,Rajasthan,Udaipur,72.82,114,4,2,5,0,61.81,5,100.0,0,10,91.93,87.32,101,2,51,135,Possession,57,100.0,0.37,7,81,0,0
BG-42-003405,Highway,Uttar Pradesh,Varanasi,62.5,122,3,1,5,2,88.39,3,75.14,19,56,87.62,91.22,101,0,13,194,Possession,52,100.0,0.2134,132,75,0,0
BG-42-003406,Metro,Madhya Pradesh,Indore,56.38,87,4,0,4,2,97.91,2,88.02,10,17,92.54,100.0,72,1,12,98,Rehabilitation & Resettlement,80,95.73,0.2761,152,32,0,0
BG-42-003407,Highway,Maharashtra,Nashik,277.5,594,7,0,6,1,87.35,6,40.5,315,39,43.98,32.17,249,1,8,330,Award,22,42.65,0.3518,125,51,1,309
BG-42-003408,Industrial Corridor,Maharashtra,Nashik,148.75,260,5,0,5,1,66.37,3,65.47,78,46,52.07,41.84,123,2,38,209,Objections,43,82.15,0.3494,300,49,1,190
BG-42-003409,Highway,Tamil Nadu,Chennai,18.74,57,4,2,6,0,75.5,6,19.32,38,83,0.0,0.0,0,0,0,91,Award,67,42.75,0.5734,280,64,1,278
BG-42-003410,Highway,Uttar Pradesh,Lucknow,18.09,58,3,2,4,0,65.69,7,2.47,53,59,0.0,0.0,0,3,91,97,Survey,184,0.0,0.4702,215,88,1,400
BG-42-003411,Power Transmission,Madhya Pradesh,Gwalior,44.08,65,5,0,4,1,100.0,1,59.32,17,22,66.39,58.33,38,1,40,84,Compensation,46,76.15,0.7076,223,117,0,0
BG-42-003412,Highway,Uttar Pradesh,Agra,102.94,264,7,0,8,1,88.22,3,17.82,199,49,29.45,25.03,75,3,1,212,Survey,75,27.76,0.4027,297,70,1,224
BG-42-003413,Power Transmission,Uttar Pradesh,Agra,83.36,184,3,1,3,1,92.69,2,30.77,93,47,36.08,30.1,66,1,54,255,Award,39,40.78,0.2847,22,37,0,0
BG-42-003414,Railway,Karnataka,Belagavi,129.26,295,7,0,2,1,53.47,5,0.0,176,73,19.01,18.49,55,3,50,217,Notification,131,0.0,0.3139,362,46,1,293
BG-42-003415,Highway,Uttar Pradesh,Agra,74.41,139,4,1,6,3,71.71,3,0.06,108,101,0.0,0.0,0,1,32,193,Objections,65,1.91,0.2915,303,105,1,307
BG-42-003416,Railway,Rajasthan,Jodhpur,261.89,526,8,0,9,1,100.0,4,79.51,92,4,100.0,100.0,515,0,1,318,Objections,24,74.3,0.1825,108,68,0,0
BG-42-003417,Irrigation,Rajasthan,Jodhpur,158.81,131,5,0,3,4,100.0,4,71.0,32,4,65.84,88.46,82,0,20,114,Compensation,25,92.51,0.2813,198,32,0,0
BG-42-003418,Railway,Rajasthan,Jaipur,91.11,60,6,0,4,3,94.46,5,96.56,1,21,100.0,96.74,55,1,12,94,Rehabilitation & Resettlement,67,75.67,0.5114,106,59,0,0
BG-42-003419,Highway,Uttar Pradesh,Lucknow,214.06,554,6,0,10,1,43.74,9,4.53,385,79,0.0,0.0,0,2,18,432,Notification,23,0.0,0.4396,98,67,1,314
BG-42-003420,Metro,Karnataka,Belagavi,22.89,47,2,1,0,0,100.0,0,33.0,26,79,29.1,20.52,13,1,19,89,Rehabilitation & Resettlement,97,55.65,0.1257,105,36,0,0
BG-42-003421,Railway,Karnataka,Bengaluru Urban,79.99,199,4,1,5,0,88.02,4,100.0,0,12,66.25,51.14,125,4,54,215,Rehabilitation & Resettlement,63,90.81,0.3315,77,52,0,0
BG-42-003422,Power Transmission,Karnataka,Kalaburagi,95.58,110,6,1,0,0,82.11,0,75.48,24,97,68.66,61.75,71,2,38,77,Objections,73,74.45,0.4615,243,96,0,0
BG-42-003423,Irrigation,Rajasthan,Udaipur,138.61,301,6,2,4,3,85.42,2,65.11,75,40,54.47,53.43,153,1,38,240,Compensation,77,61.08,0.4754,35,52,0,0
BG-42-003424,Metro,Telangana,Warangal,21.71,103,5,0,0,0,91.55,1,76.25,16,9,100.0,97.17,101,0,0,59,Award,24,100.0,0.6022,272,31,0,0
BG-42-003425,Metro,Madhya Pradesh,Jabalpur,69.52,168,5,3,1,0,74.21,6,21.13,77,88,50.1,61.93,84,2,62,154,Survey,199,40.17,0.4888,289,58,1,331
BG-42-003426,Railway,Tamil Nadu,Chennai,117.96,227,7,2,5,0,83.69,4,40.39,83,57,42.63,44.32,95,1,31,172,Compensation,143,88.92,0.5414,196,112,0,0
BG-42-003427,Irrigation,Maharashtra,Nashik,125.43,97,7,2,2,1,65.4,6,3.69,73,98,0.0,7.59,0,1,47,57,Notification,232,4.12,0.0511,504,64,1,372
BG-42-003428,Metro,Gujarat,Ahmedabad,221.16,454,7,0,7,1,98.13,3,100.0,0,0,100.0,94.63,419,0,11,277,Possession,50,100.0,0.4087,106,55,0,0
BG-42-003429,Highway,Maharashtra,Pune,157.47,278,6,0,7,2,100.0,4,88.25,23,36,89.19,74.68,240,2,0,228,Possession,48,100.0,0.3597,32,57,0,0
BG-42-003430,Irrigation,Gujarat,Ahmedabad,81.56,112,7,2,0,2,75.31,0,47.91,43,79,46.12,50.51,47,2,50,44,Rehabilitation & Resettlement,74,44.07,0.1744,7,54,0,0
BG-42-003431,Irrigation,Uttar Pradesh,Agra,146.93,95,8,1,1,1,96.38,0,73.29,15,21,45.09,50.15,39,2,30,80,Compensation,65,79.87,0.6077,272,54,0,0
BG-42-003432,Metro,Telangana,Nizamabad,72.89,171,6,0,5,3,75.31,2,76.52,30,37,48.82,38.61,81,1,0,160,Compensation,51,90.72,0.2431,86,37,0,0
BG-42-003433,Railway,Gujarat,Rajkot,96.3,92,7,1,5,3,65.9,4,60.09,31,58,78.13,60.52,65,1,15,66,Possession,103,96.57,0.4796,72,50,0,0
BG-42-003434,Industrial Corridor,Gujarat,Rajkot,161.72,184,8,0,6,2,65.06,5,2.41,148,102,34.19,18.58,55,4,35,149,Objections,61,13.71,0.3044,175,85,1,277
BG-42-003435,Power Transmission,Uttar Pradesh,Agra,82.58,189,6,1,6,3,71.48,4,0.0,113,65,0.0,5.92,0,2,50,166,Notification,65,0.0,0.4356,205,95,1,363
BG-42-003436,Metro,Telangana,Karimnagar,114.39,265,6,2,6,2,50.78,3,41.15,110,70,46.94,45.86,124,6,118,213,Compensation,111,52.85,0.4984,195,118,1,300
BG-42-003437,Railway,Rajasthan,Jaipur,184.76,406,9,0,7,0,97.41,4,64.57,91,15,68.49,65.48,261,3,50,232,Objections,36,33.06,0.4483,270,78,0,0
BG-42-003438,Railway,Gujarat,Rajkot,151.37,237,6,0,1,0,100.0,0,43.62,75,41,34.9,38.66,75,0,20,149,Objections,41,27.07,0.1296,178,41,0,0
BG-42-003439,Railway,Tamil Nadu,Madurai,229.7,169,8,2,2,1,86.14,2,0.0,144,97,0.0,0.0,0,1,16,102,Notification,47,0.0,0.2949,512,82,0,0
BG-42-003440,Highway,Uttar Pradesh,Lucknow,551.56,715,9,0,7,1,72.42,4,70.95,183,17,79.86,64.19,517,0,19,318,Compensation,19,79.62,0.311,234,88,0,0
BG-42-003441,Power Transmission,Telangana,Hyderabad,150.26,239,5,0,3,0,62.99,6,7.31,146,79,0.0,0.0,0,6,71,220,Objections,111,0.0,0.4739,209,34,1,339
BG-42-003442,Highway,Uttar Pradesh,Agra,59.2,122,7,0,4,1,77.66,1,23.09,61,82,17.46,38.26,20,0,0,111,Survey,37,59.9,0.3123,233,67,0,0
BG-42-003443,Railway,Maharashtra,Thane,128.95,153,7,0,5,2,65.07,6,0.0,103,90,0.0,7.89,0,3,41,100,Notification,58,0.0,0.1655,236,80,1,179
BG-42-003444,Power Transmission,Uttar Pradesh,Kanpur Nagar,124.59,55,6,0,2,3,84.41,1,19.57,36,61,19.41,20.28,10,1,25,67,Objections,84,58.61,0.59,130,26,1,308
BG-42-003445,Railway,Uttar Pradesh,Lucknow,139.88,327,7,2,9,4,69.61,6,83.09,52,32,76.95,69.22,238,2,66,206,Possession,93,100.0,0.2242,253,83,0,0
BG-42-003446,Railway,Uttar Pradesh,Kanpur Nagar,283.16,182,7,2,2,1,84.41,2,14.91,123,87,25.07,26.73,40,0,16,78,Objections,66,52.11,0.5124,345,81,0,0
BG-42-003447,Irrigation,Maharashtra,Pune,22.26,45,3,1,3,0,70.81,3,96.08,2,23,82.15,88.77,34,0,0,112,Compensation,82,100.0,0.2131,270,39,0,0
BG-42-003448,Highway,Karnataka,Belagavi,287.46,420,7,1,6,3,61.09,8,73.21,79,14,28.4,29.73,109,3,57,286,Rehabilitation & Resettlement,70,77.32,0.4651,88,88,1,219
BG-42-003449,Irrigation,Tamil Nadu,Coimbatore,376.28,283,9,2,2,2,66.86,4,23.35,127,71,5.83,3.87,15,1,32,123,Objections,54,23.91,0.1787,192,48,0,0
BG-42-003450,Highway,Uttar Pradesh,Lucknow,134.89,129,7,0,0,0,94.5,2,66.76,34,32,63.93,59.11,81,0,0,76,Rehabilitation & Resettlement,30,95.19,0.322,7,23,0,0
BG-42-003451,Railway,Maharashtra,Thane,137.51,299,7,1,4,2,100.0,2,85.4,29,50,92.41,99.5,248,1,31,189,Compensation,63,100.0,0.3815,26,81,0,0
BG-42-003452,Industrial Corridor,Uttar Pradesh,Agra,70.58,148,7,1,7,2,73.0,5,54.77,57,32,80.12,78.34,111,5,94,135,Compensation,128,82.61,0.6433,407,78,1,263
BG-42-003453,Railway,Tamil Nadu,Salem,86.06,164,6,2,5,4,94.27,2,0.0,111,100,8.75,5.15,13,0,19,124,Notification,82,10.56,0.4625,305,61,1,313
BG-42-003454,Metro,Maharashtra,Thane,149.66,286,4,4,6,1,60.37,3,0.0,214,96,0.0,0.0,0,3,123,269,Notification,182,20.42,0.351,315,83,1,423
BG-42-003455,Highway,Tamil Nadu,Chennai,142.14,125,9,0,4,1,99.91,4,95.62,4,0,91.8,85.17,114,0,0,106,Possession,14,100.0,0.1916,89,61,0,0
BG-42-003456,Industrial Corridor,Tamil Nadu,Salem,152.41,302,6,0,2,1,95.79,1,87.1,33,23,53.47,53.07,146,1,22,183,Rehabilitation & Resettlement,213,89.51,0.4129,175,26,0,0
BG-42-003457,Highway,Karnataka,Kalaburagi,141.36,256,7,1,4,2,71.64,1,91.03,21,7,75.66,59.6,171,1,36,128,Possession,121,100.0,0.4308,7,42,0,0
BG-42-003458,Power Transmission,Telangana,Karimnagar,175.69,157,7,0,4,0,92.18,1,100.0,0,23,100.0,93.32,151,0,0,110,Possession,45,100.0,0.3045,183,47,0,0
BG-42-003459,Industrial Corridor,Maharashtra,Nashik,160.66,250,7,1,2,1,64.74,1,0.0,237,76,0.0,0.0,0,2,40,136,Notification,58,3.17,0.5908,272,42,0,0
BG-42-003460,Metro,Rajasthan,Jodhpur,37.73,82,4,2,8,0,74.43,4,66.65,22,40,45.09,48.93,34,0,0,196,Rehabilitation & Resettlement,62,88.19,0.3061,276,77,1,211
BG-42-003461,Highway,Gujarat,Rajkot,166.64,132,7,3,5,4,65.77,6,39.08,70,73,47.25,48.37,59,5,76,103,Award,181,50.39,0.228,162,82,1,390
BG-42-003462,Metro,Telangana,Hyderabad,378.75,412,8,1,11,1,70.67,4,69.6,76,34,52.39,69.82,210,1,13,279,Rehabilitation & Resettlement,61,100.0,0.1599,146,140,0,0
BG-42-003463,Industrial Corridor,Rajasthan,Kota,83.82,139,9,0,2,0,75.58,5,0.0,93,60,0.0,0.0,0,0,0,79,Notification,30,0.0,0.251,413,18,1,280
BG-42-003464,Highway,Rajasthan,Udaipur,284.17,428,10,0,10,2,93.32,4,10.55,363,53,26.21,30.21,106,1,69,238,Objections,69,42.12,0.3017,142,66,1,312
BG-42-003465,Industrial Corridor,Telangana,Karimnagar,41.11,71,4,0,5,2,98.24,2,76.37,12,33,69.08,51.22,44,2,27,99,Rehabilitation & Resettlement,111,100.0,0.4763,149,89,1,211
BG-42-003466,Highway,Telangana,Nizamabad,83.61,201,8,1,4,0,80.51,3,80.72,23,48,100.0,97.81,199,2,50,128,Rehabilitation & Resettlement,81,100.0,0.7315,187,44,0,0
BG-42-003467,Highway,Karnataka,Kalaburagi,51.27,47,3,1,2,3,73.58,1,73.21,8,9,77.25,70.26,33,7,81,61,Compensation,83,100.0,0.2033,150,48,1,220
BG-42-003468,Power Transmission,Telangana,Karimnagar,258.11,466,9,3,13,5,79.04,8,0.0,434,58,9.12,0.0,38,6,107,308,Objections,132,11.33,0.6647,366,129,1,481
BG-42-003469,Highway,Uttar Pradesh,Agra,318.1,372,8,1,9,2,79.35,3,6.06,217,93,21.77,21.46,79,1,2,240,Objections,61,1.59,0.4722,124,67,1,341
BG-42-003470,Highway,Maharashtra,Pune,79.09,137,6,0,6,0,100.0,5,100.0,0,15,82.29,94.16,104,0,47,119,Possession,73,100.0,0.3834,15,113,0,0
BG-42-003471,Industrial Corridor,Rajasthan,Jaipur,218.51,379,8,2,9,3,78.03,4,33.45,204,83,23.35,24.22,88,6,105,261,Award,160,37.38,0.4429,398,88,1,391
BG-42-003472,Industrial Corridor,Madhya Pradesh,Indore,320.7,572,6,0,7,1,81.57,4,34.08,267,65,35.03,21.49,197,0,16,390,Award,20,72.32,0.4251,205,129,1,295
BG-42-003473,Highway,Karnataka,Mysuru,83.4,59,4,0,1,0,83.46,0,73.04,13,39,83.95,65.81,46,4,49,55,Compensation,81,98.93,0.3001,217,11,0,0
BG-42-003474,Highway,Maharashtra,Nashik,94.99,148,8,2,4,2,82.29,5,63.27,41,79,53.49,52.97,73,3,62,124,Award,107,37.23,0.231,48,56,1,257
BG-42-003475,Metro,Madhya Pradesh,Bhopal,153.99,307,7,1,11,1,69.81,5,40.19,172,46,5.82,0.0,17,10,167,252,Compensation,127,57.44,0.4372,214,100,1,437
BG-42-003476,Industrial Corridor,Rajasthan,Kota,43.64,59,7,1,0,1,79.97,3,21.47,40,94,31.04,18.51,17,1,23,50,Award,32,34.04,0.3994,203,36,1,252
BG-42-003477,Metro,Karnataka,Bengaluru Urban,93.51,141,7,0,1,1,84.06,5,46.31,67,81,42.29,45.41,58,1,25,66,Rehabilitation & Resettlement,24,77.39,0.5673,229,17,0,0
BG-42-003478,Industrial Corridor,Telangana,Karimnagar,475.43,702,11,1,5,4,88.44,1,91.17,36,19,100.0,100.0,683,2,17,257,Possession,123,100.0,0.3768,11,49,1,204
BG-42-003479,Power Transmission,Uttar Pradesh,Varanasi,57.4,140,4,0,6,2,78.79,1,68.03,32,27,93.18,78.45,122,3,67,189,Possession,49,91.94,0.432,267,45,0,0
BG-42-003480,Irrigation,Tamil Nadu,Salem,169.54,260,9,1,8,1,76.01,5,77.45,45,18,61.86,67.75,159,2,42,169,Compensation,66,74.18,0.6513,306,96,1,260
BG-42-003481,Railway,Tamil Nadu,Chennai,130.2,303,9,0,3,1,100.0,1,53.99,103,18,61.91,54.33,181,0,16,135,Award,17,39.98,0.2605,212,46,0,0
BG-42-003482,Highway,Rajasthan,Jodhpur,75.11,152,5,0,3,0,85.17,2,72.32,30,0,78.45,75.58,116,2,14,154,Compensation,86,76.85,0.4032,196,47,0,0
BG-42-003483,Highway,Karnataka,Kalaburagi,102.24,175,8,1,5,1,94.38,2,100.0,0,31,95.03,100.0,159,3,30,147,Rehabilitation & Resettlement,81,100.0,0.5825,7,97,0,0
BG-42-003484,Highway,Tamil Nadu,Coimbatore,347.96,440,11,1,12,3,81.92,8,17.73,298,68,5.76,0.0,24,5,68,247,Compensation,73,41.73,0.7778,288,99,1,368
BG-42-003485,Railway,Tamil Nadu,Madurai,133.34,227,8,2,7,6,57.93,7,47.0,103,54,41.44,38.57,90,6,105,133,Compensation,102,60.62,0.3732,188,67,0,0
BG-42-003486,Irrigation,Maharashtra,Pune,151.09,161,7,1,1,0,86.54,0,100.0,0,0,96.38,86.55,138,3,59,113,Rehabilitation & Resettlement,69,100.0,0.1758,209,42,0,0
BG-42-003487,Railway,Telangana,Karimnagar,308.18,397,8,1,6,1,100.0,1,50.99,155,46,58.2,58.8,213,1,31,182,Compensation,75,73.92,0.1337,267,93,0,0
BG-42-003488,Highway,Maharashtra,Nashik,67.93,116,4,3,5,1,86.37,5,92.16,8,46,100.0,100.0,104,3,41,149,Rehabilitation & Resettlement,99,100.0,0.3181,208,106,0,0
BG-42-003489,Metro,Madhya Pradesh,Gwalior,37.06,68,3,1,0,0,77.78,2,5.99,57,74,29.48,15.8,18,2,18,110,Survey,77,12.13,0.1273,354,69,0,0
BG-42-003490,Irrigation,Maharashtra,Nashik,352.37,677,12,1,9,2,77.27,6,44.67,231,88,48.02,39.38,313,5,76,259,Award,111,44.94,0.7692,254,72,1,289
BG-42-003491,Highway,Tamil Nadu,Chennai,95.51,197,6,0,4,1,84.18,1,78.4,34,18,66.35,75.61,130,0,0,163,Compensation,7,92.47,0.5702,75,44,0,0
BG-42-003492,Power Transmission,Maharashtra,Nagpur,175.02,161,6,0,3,0,70.87,5,0.0,133,87,0.0,2.76,0,0,0,95,Notification,72,0.0,0.5408,280,50,1,232
BG-42-003493,Power Transmission,Tamil Nadu,Coimbatore,46.53,104,6,2,1,2,99.47,0,63.94,21,62,80.73,80.26,84,1,41,64,Rehabilitation & Resettlement,121,100.0,0.5193,93,39,0,0
BG-42-003494,Railway,Rajasthan,Jodhpur,116.84,307,6,0,3,1,87.26,2,43.55,137,66,56.84,62.68,172,2,60,220,Compensation,60,77.61,0.3906,266,33,0,0
BG-42-003495,Industrial Corridor,Maharashtra,Thane,35.6,74,3,1,2,1,91.56,3,0.0,65,106,22.7,14.24,16,2,40,105,Survey,70,6.31,0.2784,340,39,0,0
BG-42-003496,Metro,Rajasthan,Jodhpur,90.11,124,8,1,1,0,76.26,1,78.25,17,74,98.61,93.68,114,0,31,16,Rehabilitation & Resettlement,54,100.0,0.3475,140,30,0,0
BG-42-003497,Highway,Telangana,Warangal,50.99,85,3,1,5,1,81.13,5,56.68,25,60,69.84,60.58,57,2,54,135,Rehabilitation & Resettlement,42,91.75,0.7264,328,75,1,171
BG-42-003498,Railway,Uttar Pradesh,Varanasi,42.43,75,5,3,1,2,93.12,1,80.13,13,39,82.39,68.13,59,5,76,30,Rehabilitation & Resettlement,156,100.0,0.3046,269,41,0,0
BG-42-003499,Highway,Maharashtra,Pune,67.19,155,4,1,1,2,82.61,3,91.73,10,33,73.01,65.05,102,1,59,138,Award,51,100.0,0.4949,244,27,0,0
BG-42-003500,Industrial Corridor,Gujarat,Rajkot,13.67,31,2,1,1,2,99.74,0,75.25,7,15,75.64,73.14,23,0,26,52,Rehabilitation & Resettlement,119,76.42,0.3379,146,51,0,0
BG-42-003501,Power Transmission,Karnataka,Bengaluru Urban,33.85,44,2,1,5,4,74.49,6,34.23,27,66,37.39,39.94,16,2,43,72,Award,83,23.55,0.322,72,87,1,281
BG-42-003502,Railway,Maharashtra,Pune,160.12,201,7,0,2,2,80.96,0,49.94,57,85,67.5,75.18,126,0,33,103,Compensation,73,70.72,0.2433,157,29,0,0
BG-42-003503,Industrial Corridor,Uttar Pradesh,Lucknow,113.08,163,5,2,2,2,51.53,2,15.28,91,76,24.32,23.01,36,3,76,109,Notification,172,15.17,0.2887,157,39,1,402
BG-42-003504,Highway,Tamil Nadu,Coimbatore,36.26,36,5,1,3,0,84.83,1,48.74,12,65,56.4,59.26,20,1,40,59,Compensation,90,63.63,0.3816,28,57,0,0
BG-42-003505,Highway,Maharashtra,Nagpur,132.73,165,6,1,3,1,84.8,1,73.7,27,21,65.15,70.38,100,4,36,107,Rehabilitation & Resettlement,80,100.0,0.4471,81,120,1,265
BG-42-003506,Industrial Corridor,Telangana,Nizamabad,42.41,56,4,0,3,0,100.0,3,44.2,26,34,30.83,36.49,17,5,75,84,Compensation,69,50.86,0.2712,7,24,0,0
BG-42-003507,Highway,Rajasthan,Udaipur,152.56,199,6,1,2,0,87.27,0,64.79,56,29,86.81,79.88,163,1,29,145,Award,52,84.77,0.5514,201,67,0,0
BG-42-003508,Power Transmission,Madhya Pradesh,Gwalior,78.06,53,7,0,2,0,74.91,4,80.23,9,51,73.45,65.95,36,0,8,78,Rehabilitation & Resettlement,54,99.58,0.902,45,28,0,0
BG-42-003509,Railway,Uttar Pradesh,Kanpur Nagar,66.02,133,6,3,5,0,74.1,4,32.07,79,82,18.54,16.7,24,6,114,127,Compensation,158,53.81,0.2976,83,92,1,358
BG-42-003510,Power Transmission,Uttar Pradesh,Agra,79.61,76,5,2,2,1,71.64,1,31.75,31,65,26.93,41.46,19,3,46,83,Objections,78,50.53,0.0887,385,40,1,284
BG-42-003511,Railway,Telangana,Hyderabad,663.56,876,11,1,11,4,99.35,7,70.63,177,29,65.63,70.99,537,4,80,362,Possession,104,100.0,0.5155,271,127,0,0
BG-42-003512,Railway,Maharashtra,Pune,46.66,106,2,1,3,2,93.33,0,51.01,36,45,48.21,42.89,47,1,25,189,Compensation,117,89.78,0.6861,73,67,1,228
BG-42-003513,Power Transmission,Tamil Nadu,Coimbatore,102.64,248,7,1,4,1,99.06,3,55.1,67,49,80.89,79.03,195,5,88,169,Possession,146,89.68,0.547,120,110,1,387
BG-42-003514,Metro,Telangana,Nizamabad,159.99,201,8,2,5,3,58.24,7,83.92,29,12,59.18,59.41,105,3,31,136,Possession,141,100.0,0.5135,29,84,1,160
BG-42-003515,Highway,Tamil Nadu,Chennai,39.65,86,6,2,2,1,94.85,0,78.44,16,41,100.0,88.23,78,3,62,71,Possession,64,100.0,0.1956,335,65,0,0
BG-42-003516,Power Transmission,Madhya Pradesh,Gwalior,23.92,47,4,1,3,2,70.53,2,51.03,20,69,55.4,47.32,25,5,39,70,Rehabilitation & Resettlement,172,89.97,0.543,204,66,1,260
BG-42-003517,Railway,Tamil Nadu,Coimbatore,52.94,34,6,0,1,0,100.0,2,62.58,8,33,32.83,34.48,10,2,56,27,Compensation,40,63.67,0.0791,266,41,0,0
BG-42-003518,Highway,Uttar Pradesh,Kanpur Nagar,157.21,272,8,1,5,1,76.3,4,0.0,183,66,0.0,3.79,0,4,67,150,Survey,66,0.0,0.55,298,56,1,335
BG-42-003519,Railway,Madhya Pradesh,Jabalpur,65.13,56,5,0,1,0,93.24,2,71.87,10,32,74.37,71.22,37,1,14,50,Compensation,73,82.06,0.1859,177,23,0,0
BG-42-003520,Industrial Corridor,Karnataka,Mysuru,71.17,159,5,2,5,3,100.0,2,94.58,8,0,94.86,89.21,150,1,43,138,Rehabilitation & Resettlement,136,100.0,0.1581,308,90,0,0
BG-42-003521,Industrial Corridor,Madhya Pradesh,Indore,177.44,143,6,0,3,0,89.59,3,93.92,7,0,78.51,79.48,103,3,42,136,Compensation,87,94.99,0.1265,7,44,0,0
BG-42-003522,Power Transmission,Maharashtra,Thane,44.92,88,5,1,3,0,97.19,0,64.93,19,51,85.13,75.19,74,1,6,95,Rehabilitation & Resettlement,66,100.0,0.1923,45,36,1,147
BG-42-003523,Metro,Tamil Nadu,Coimbatore,79.76,163,6,0,5,0,62.45,6,0.0,103,43,0.0,0.0,0,3,40,84,Survey,187,1.08,0.4119,144,59,1,291
BG-42-003524,Highway,Rajasthan,Jaipur,25.51,35,3,1,2,2,100.0,1,62.51,9,43,99.08,100.0,34,0,7,86,Award,40,84.14,0.6694,388,38,0,0
BG-42-003525,Highway,Rajasthan,Kota,110.67,165,6,0,3,1,81.59,2,2.01,135,99,0.0,0.0,0,1,5,150,Award,99,5.46,0.4311,382,35,1,291
BG-42-003526,Highway,Madhya Pradesh,Jabalpur,102.88,149,6,1,2,1,95.65,0,77.52,26,67,72.85,77.83,104,2,28,101,Award,66,62.61,0.1547,329,26,0,0
BG-42-003527,Power Transmission,Madhya Pradesh,Bhopal,161.81,182,8,2,3,4,72.72,1,12.87,138,54,11.27,6.21,18,2,41,100,Survey,114,0.0,0.9156,170,56,1,334
BG-42-003528,Highway,Gujarat,Rajkot,34.25,105,2,1,5,2,70.68,4,0.0,82,83,11.41,14.34,11,4,80,248,Survey,129,23.32,0.3503,398,61,1,374
BG-42-003529,Industrial Corridor,Gujarat,Surat,73.44,71,4,2,2,1,86.68,4,79.19,11,17,63.0,68.51,40,4,89,107,Rehabilitation & Resettlement,156,74.79,0.875,59,63,1,251
BG-42-003530,Industrial Corridor,Tamil Nadu,Chennai,30.79,37,3,0,1,0,100.0,1,45.99,16,57,56.35,41.85,19,1,29,22,Award,52,84.13,0.3807,254,24,0,0
BG-42-003531,Power Transmission,Telangana,Hyderabad,70.32,8,5,0,1,1,54.53,2,17.92,6,53,9.79,7.1,1,6,104,35,Notification,150,0.0,0.278,314,10,0,0
BG-42-003532,Highway,Gujarat,Vadodara,280.18,475,9,0,4,1,77.31,3,9.2,359,118,4.58,0.0,21,1,49,239,Notification,34,20.21,0.1692,265,31,0,0
BG-42-003533,Highway,Maharashtra,Pune,66.25,161,4,2,3,4,85.0,2,82.03,22,12,54.83,45.43,84,2,91,153,Award,87,77.35,0.2397,265,53,0,0
BG-42-003534,Irrigation,Telangana,Warangal,28.71,62,5,1,1,0,84.63,0,0.0,54,92,0.0,8.96,0,1,9,37,Survey,66,0.0,0.5804,318,24,0,0
BG-42-003535,Industrial Corridor,Tamil Nadu,Madurai,49.7,163,6,1,6,5,81.21,5,62.66,37,51,38.71,30.31,62,3,66,162,Compensation,70,89.74,0.4087,188,108,1,248
BG-42-003536,Metro,Uttar Pradesh,Agra,23.6,41,4,1,2,3,78.11,1,64.19,8,48,65.06,57.3,24,1,41,97,Rehabilitation & Resettlement,62,100.0,0.5231,182,70,0,0
BG-42-003537,Power Transmission,Uttar Pradesh,Kanpur Nagar,30.37,70,5,0,6,1,83.16,3,48.58,29,42,27.2,30.28,18,0,14,133,Survey,24,1.77,0.4246,262,65,0,0
BG-42-003538,Irrigation,Telangana,Karimnagar,146.47,230,6,0,4,2,93.51,1,66.38,71,2,72.79,93.97,162,2,22,183,Compensation,28,69.99,0.7833,123,36,0,0
BG-42-003539,Highway,Tamil Nadu,Coimbatore,26.92,121,3,0,2,0,94.72,0,45.48,42,44,36.12,30.64,42,0,23,154,Survey,24,66.94,0.04,350,23,0,0
BG-42-003540,Irrigation,Uttar Pradesh,Agra,109.93,206,7,1,9,4,82.06,8,26.54,98,41,0.0,0.0,0,3,84,184,Objections,69,41.24,0.6231,280,122,1,325
BG-42-003541,Highway,Maharashtra,Nashik,87.41,153,6,0,5,1,100.0,1,100.0,0,3,89.59,86.18,129,0,37,133,Possession,54,100.0,0.2412,54,42,0,0
BG-42-003542,Irrigation,Tamil Nadu,Chennai,55.97,139,4,0,4,1,91.55,2,79.16,23,27,54.92,58.62,68,3,71,150,Compensation,191,100.0,0.2645,57,58,0,0
BG-42-003543,Highway,Maharashtra,Nagpur,102.71,178,8,0,1,1,100.0,2,100.0,0,0,100.0,100.0,162,1,22,75,Possession,62,100.0,0.3494,203,50,0,0
BG-42-003544,Highway,Rajasthan,Udaipur,40.44,16,5,2,1,1,84.73,3,0.0,12,87,0.0,0.0,0,2,4,39,Survey,90,0.0,0.1433,388,48,0,0
BG-42-003545,Highway,Madhya Pradesh,Gwalior,167.78,188,8,0,1,1,89.19,0,10.58,157,56,32.99,45.11,55,6,81,64,Objections,80,30.56,0.6257,238,20,1,286
BG-42-003546,Power Transmission,Uttar Pradesh,Agra,48.98,139,4,0,7,1,100.0,5,42.38,64,99,57.93,60.54,79,3,35,200,Award,53,48.65,0.6336,218,108,0,0
BG-42-003547,Irrigation,Madhya Pradesh,Bhopal,62.86,102,7,1,0,1,86.55,0,74.22,15,41,67.19,58.77,62,2,81,43,Award,40,85.3,0.1473,417,23,1,132
BG-42-003548,Railway,Madhya Pradesh,Jabalpur,57.15,97,5,1,1,2,94.33,2,67.54,18,14,71.56,67.7,62,2,42,88,Possession,70,100.0,0.2219,7,19,0,0
BG-42-003549,Railway,Maharashtra,Nagpur,148.65,273,8,3,5,3,65.27,5,9.14,199,73,2.62,4.37,6,10,144,148,Survey,146,0.0,0.876,276,102,1,365
BG-42-003550,Railway,Rajasthan,Kota,132.36,145,6,2,3,3,92.84,2,56.1,44,58,62.88,60.91,90,2,48,79,Rehabilitation & Resettlement,196,87.85,0.4142,45,51,1,270
BG-42-003551,Highway,Rajasthan,Jaipur,10.51,25,3,0,1,0,100.0,1,55.94,7,5,100.0,96.81,23,0,19,71,Rehabilitation & Resettlement,42,100.0,0.0566,45,26,0,0
BG-42-003552,Power Transmission,Uttar Pradesh,Lucknow,104.94,81,7,0,3,2,100.0,1,59.79,22,23,65.29,79.9,53,1,20,90,Compensation,50,56.31,0.3481,134,38,0,0
BG-42-003553,Highway,Telangana,Nizamabad,21.21,45,6,1,2,1,71.34,4,20.65,33,89,7.68,9.93,3,1,27,41,Objections,60,0.0,0.6955,182,62,1,131
BG-42-003554,Irrigation,Uttar Pradesh,Agra,65.17,126,5,0,4,1,89.97,4,56.94,36,57,70.07,64.43,85,3,64,166,Award,52,83.85,0.2281,7,60,0,0
BG-42-003555,Irrigation,Maharashtra,Pune,78.53,164,6,1,2,2,71.95,1,48.18,75,57,50.71,45.89,74,1,0,146,Objections,164,54.81,0.3351,246,45,0,0
BG-42-003556,Highway,Rajasthan,Jaipur,64.61,170,6,0,2,1,84.94,1,67.97,37,30,98.89,100.0,159,1,33,128,Rehabilitation & Resettlement,101,100.0,0.3022,105,32,0,0
BG-42-003557,Metro,Karnataka,Mysuru,127.82,249,5,1,8,5,74.43,7,66.08,50,66,76.02,76.89,178,2,32,212,Award,67,82.37,0.7549,355,80,0,0
BG-42-003558,Irrigation,Tamil Nadu,Coimbatore,152.33,158,4,0,3,3,100.0,0,100.0,0,0,100.0,89.45,157,0,29,136,Possession,22,100.0,0.5795,202,38,0,0
BG-42-003559,Power Transmission,Rajasthan,Udaipur,46.12,82,3,0,1,0,90.24,0,82.76,9,6,91.33,87.47,68,3,43,108,Compensation,40,100.0,0.2785,7,29,1,44
BG-42-003560,Industrial Corridor,Gujarat,Rajkot,44.8,63,6,3,0,5,96.06,3,50.62,29,90,19.11,16.91,11,4,65,60,Award,129,50.06,0.3221,190,81,1,342
BG-42-003561,Highway,Tamil Nadu,Madurai,83.2,256,8,0,2,3,100.0,0,81.07,29,18,100.0,89.77,252,2,37,163,Rehabilitation & Resettlement,135,100.0,0.4018,416,18,0,0
BG-42-003562,Highway,Uttar Pradesh,Agra,24.9,3,3,0,0,0,94.39,1,71.75,1,37,83.46,94.6,2,0,0,14,Award,117,100.0,0.3566,106,41,0,0
BG-42-003563,Power Transmission,Maharashtra,Pune,58.46,136,3,0,2,2,100.0,1,72.94,28,29,71.32,59.32,94,1,46,189,Possession,87,100.0,0.4857,7,24,1,160
BG-42-003564,Railway,Uttar Pradesh,Agra,251.76,340,10,3,6,1,88.14,4,0.0,215,150,28.5,39.69,88,1,48,195,Survey,77,20.94,0.5779,227,68,1,377
BG-42-003565,Industrial Corridor,Rajasthan,Jodhpur,25.66,30,3,1,1,0,73.06,2,64.39,8,29,95.65,84.24,28,1,9,14,Possession,64,100.0,0.4989,7,25,0,0
BG-42-003566,Power Transmission,Rajasthan,Jodhpur,65.23,152,5,3,7,3,67.71,5,70.65,27,61,61.7,62.1,93,4,66,157,Rehabilitation & Resettlement,126,78.29,0.7464,268,79,1,325
BG-42-003567,Railway,Tamil Nadu,Chennai,53.31,211,6,1,6,3,93.15,6,75.87,40,0,93.81,100.0,183,1,25,184,Rehabilitation & Resettlement,68,100.0,0.5084,126,49,1,199
BG-42-003568,Highway,Maharashtra,Pune,425.9,528,12,0,11,4,54.08,6,34.5,236,63,31.83,28.68,164,3,42,261,Award,69,24.27,0.6987,223,105,1,271
BG-42-003569,Railway,Rajasthan,Jaipur,55.69,155,6,0,3,0,97.58,0,70.22,36,50,68.98,60.4,96,2,36,96,Rehabilitation & Resettlement,78,91.54,0.1741,77,28,0,0
BG-42-003570,Irrigation,Gujarat,Surat,58.33,100,3,0,2,0,82.36,0,48.25,32,63,35.04,34.26,31,0,0,147,Objections,27,52.14,0.3735,515,55,0,0
BG-42-003571,Railway,Maharashtra,Pune,37.54,60,3,0,1,2,100.0,0,83.27,9,28,97.94,99.12,54,1,54,96,Rehabilitation & Resettlement,49,100.0,0.3246,7,28,0,0
BG-42-003572,Highway,Rajasthan,Jaipur,86.27,148,7,1,10,3,39.6,8,0.0,117,105,0.0,8.84,0,5,66,169,Survey,75,0.0,0.3049,198,106,1,396
BG-42-003573,Irrigation,Maharashtra,Nagpur,106.29,149,6,1,4,2,86.75,5,26.93,65,57,39.36,27.81,55,5,61,136,Objections,127,56.8,0.495,334,80,1,284
BG-42-003574,Industrial Corridor,Uttar Pradesh,Agra,42.15,111,3,1,2,1,71.56,5,23.83,62,86,13.95,4.59,14,2,20,152,Award,87,55.19,0.1223,136,29,1,254
BG-42-003575,Metro,Gujarat,Ahmedabad,188.85,366,7,1,9,1,68.73,6,7.92,312,120,3.02,17.43,11,4,45,268,Objections,56,36.22,0.6029,264,82,1,347
BG-42-003576,Power Transmission,Gujarat,Vadodara,106.36,193,7,2,3,1,97.95,0,14.36,117,72,5.54,5.31,10,2,60,119,Award,76,11.45,0.5615,51,74,1,265
BG-42-003577,Railway,Gujarat,Rajkot,169.27,266,9,2,7,1,72.84,8,55.93,103,80,58.4,59.71,150,6,86,151,Rehabilitation & Resettlement,97,90.18,0.2206,170,103,1,328
BG-42-003578,Irrigation,Telangana,Warangal,65.86,149,5,0,2,0,83.75,1,37.28,63,58,40.22,44.11,60,0,0,117,Objections,85,29.01,0.2175,279,28,0,0
BG-42-003579,Power Transmission,Karnataka,Bengaluru Urban,104.02,156,5,3,2,4,79.81,3,74.49,24,48,69.22,68.21,106,3,56,133,Rehabilitation & Resettlement,124,100.0,0.3875,181,41,0,0
BG-42-003580,Railway,Telangana,Hyderabad,72.21,87,5,0,6,0,60.98,6,2.0,76,39,0.0,7.99,0,4,61,74,Notification,69,3.64,0.2397,207,51,0,0
BG-42-003581,Railway,Tamil Nadu,Salem,274.83,309,10,2,5,0,61.71,4,39.13,106,42,43.72,47.02,126,2,59,129,Rehabilitation & Resettlement,81,30.99,0.5178,24,60,1,306
BG-42-003582,Railway,Tamil Nadu,Coimbatore,93.97,158,7,0,3,2,87.12,2,85.4,21,16,46.03,44.51,67,1,0,91,Rehabilitation & Resettlement,64,89.99,0.3878,123,42,0,0
BG-42-003583,Industrial Corridor,Telangana,Hyderabad,86.23,109,6,1,5,2,71.02,7,56.93,43,66,54.05,40.08,58,4,20,80,Award,91,75.49,0.095,107,73,1,246
BG-42-003584,Industrial Corridor,Tamil Nadu,Salem,59.35,51,4,0,0,0,84.73,1,52.21,21,34,73.93,80.12,38,1,0,46,Rehabilitation & Resettlement,43,63.49,0.4808,7,17,0,0
BG-42-003585,Metro,Maharashtra,Thane,56.67,5,6,0,1,1,80.02,3,100.0,0,0,96.71,100.0,5,0,43,0,Possession,120,100.0,0.1764,64,13,0,0
BG-42-003586,Irrigation,Gujarat,Vadodara,103.56,196,8,0,3,0,85.48,4,93.09,12,2,97.51,100.0,179,4,14,121,Rehabilitation & Resettlement,84,100.0,0.3203,108,80,0,0
BG-42-003587,Metro,Gujarat,Ahmedabad,164.95,170,5,0,3,0,74.84,4,23.41,120,104,45.08,25.38,71,3,23,137,Award,43,15.15,0.2187,187,49,1,214
BG-42-003588,Power Transmission,Rajasthan,Jaipur,49.52,93,4,0,3,1,74.89,5,20.36,42,87,17.76,25.72,16,4,60,113,Award,82,46.66,0.4292,298,47,1,221
BG-42-003589,Industrial Corridor,Karnataka,Bengaluru Urban,94.75,210,7,1,3,2,58.91,5,72.75,51,28,72.96,76.37,138,5,118,154,Rehabilitation & Resettlement,105,76.4,0.4725,341,39,0,0
BG-42-003590,Metro,Gujarat,Ahmedabad,99.22,189,6,1,4,0,68.16,4,0.0,171,90,34.92,33.4,63,3,43,161,Objections,47,39.0,0.302,212,79,1,261
BG-42-003591,Highway,Karnataka,Belagavi,114.06,250,6,1,3,3,85.64,7,94.74,8,0,87.14,74.63,214,2,45,145,Rehabilitation & Resettlement,79,100.0,0.6203,183,45,0,0
BG-42-003592,Industrial Corridor,Rajasthan,Jodhpur,21.85,32,4,0,4,0,68.24,3,22.12,20,49,1.22,0.0,0,5,91,49,Objections,80,19.32,0.2446,192,50,1,205
BG-42-003593,Industrial Corridor,Rajasthan,Udaipur,40.86,160,5,3,5,2,82.84,3,67.12,46,28,64.95,66.64,102,2,35,139,Rehabilitation & Resettlement,149,93.73,0.2892,222,104,1,235
BG-42-003594,Highway,Telangana,Hyderabad,28.71,64,3,3,3,2,46.7,7,0.0,36,96,0.0,0.0,0,4,107,157,Notification,95,0.0,0.3562,324,97,1,382
BG-42-003595,Power Transmission,Madhya Pradesh,Jabalpur,87.91,130,6,0,3,1,100.0,2,5.71,82,103,0.0,14.47,0,1,3,69,Notification,21,0.0,0.5815,285,60,1,138
BG-42-003596,Metro,Karnataka,Kalaburagi,41.65,75,5,0,0,0,100.0,0,95.71,3,3,90.65,75.86,67,1,33,48,Possession,23,100.0,0.1784,180,20,0,0
BG-42-003597,Railway,Maharashtra,Pune,57.57,54,4,0,0,0,65.38,2,83.21,6,0,66.12,63.37,35,2,79,72,Rehabilitation & Resettlement,77,96.19,0.1815,34,84,1,142
BG-42-003598,Power Transmission,Rajasthan,Kota,32.94,95,3,0,3,1,92.66,2,65.54,20,25,81.48,66.52,76,2,20,135,Possession,64,100.0,0.6589,20,76,0,0
BG-42-003599,Railway,Madhya Pradesh,Jabalpur,62.02,73,4,2,2,0,89.83,2,83.22,12,23,83.32,68.19,54,1,32,78,Possession,52,100.0,0.3247,153,45,0,0
BG-42-003600,Industrial Corridor,Karnataka,Bengaluru Urban,34.84,78,3,0,4,2,70.15,4,15.97,42,69,16.81,5.73,13,2,24,155,Award,33,32.55,0.2332,69,35,1,235
BG-42-003601,Industrial Corridor,Uttar Pradesh,Kanpur Nagar,157.01,266,8,1,9,1,78.81,5,37.31,136,59,62.57,46.34,163,5,73,160,Objections,76,65.17,0.635,194,76,1,259
BG-42-003602,Highway,Uttar Pradesh,Agra,125.64,301,5,3,8,4,59.3,8,14.2,221,97,4.3,6.72,12,5,81,286,Survey,153,4.53,0.3353,298,92,1,429
BG-42-003603,Railway,Tamil Nadu,Salem,96.56,96,6,1,2,1,87.59,2,65.77,18,19,64.09,55.68,60,2,52,61,Award,81,99.99,0.0584,136,39,0,0
BG-42-003604,Highway,Gujarat,Surat,67.25,177,5,2,5,4,84.77,5,9.55,122,113,39.22,28.46,67,0,24,171,Survey,66,19.47,0.7527,269,50,0,0
BG-42-003605,Highway,Tamil Nadu,Chennai,16.77,74,3,0,5,2,100.0,2,65.8,14,17,73.47,71.19,48,1,26,154,Possession,45,100.0,0.6222,117,112,0,0
BG-42-003606,Industrial Corridor,Uttar Pradesh,Lucknow,59.35,29,7,1,6,0,77.67,2,0.0,26,97,0.0,0.0,0,3,50,61,Notification,59,0.0,0.1908,295,109,1,340
BG-42-003607,Highway,Telangana,Karimnagar,46.56,83,4,0,3,1,56.25,5,3.25,51,63,0.0,0.0,0,2,31,98,Survey,92,5.56,0.6461,380,34,0,0
BG-42-003608,Irrigation,Uttar Pradesh,Varanasi,104.36,50,5,1,2,2,76.1,4,16.39,37,59,36.77,31.46,17,2,41,77,Objections,72,37.82,0.5592,225,27,0,0
BG-42-003609,Railway,Maharashtra,Nashik,140.58,195,6,3,5,4,69.42,5,0.0,108,120,0.0,0.98,0,2,54,125,Survey,109,5.05,0.2399,247,63,1,345
BG-42-003610,Railway,Madhya Pradesh,Bhopal,111.02,103,6,1,1,0,83.69,0,0.0,73,104,3.49,6.41,3,3,45,86,Survey,126,0.0,0.3525,123,34,1,241
BG-42-003611,Irrigation,Tamil Nadu,Salem,235.2,303,9,1,7,1,63.06,6,47.18,144,74,12.58,2.32,38,1,40,168,Compensation,105,55.4,0.5906,302,71,1,324
BG-42-003612,Metro,Telangana,Warangal,54.34,47,6,1,1,1,56.42,3,0.0,43,109,0.0,11.14,0,1,24,59,Objections,60,0.0,0.3345,405,29,1,257
BG-42-003613,Industrial Corridor,Telangana,Nizamabad,52.57,114,5,2,4,1,70.23,4,40.61,60,27,61.25,59.13,65,3,68,113,Compensation,88,70.24,0.2761,354,102,0,0
BG-42-003614,Industrial Corridor,Rajasthan,Udaipur,196.43,324,7,1,4,0,100.0,3,100.0,0,20,100.0,100.0,303,1,34,183,Possession,38,100.0,0.3888,246,58,0,0
BG-42-003615,Irrigation,Maharashtra,Nagpur,97.8,181,6,0,5,0,74.2,4,48.74,65,49,71.24,70.04,116,2,61,153,Compensation,80,53.16,0.6213,39,134,0,0
BG-42-003616,Highway,Madhya Pradesh,Gwalior,70.27,172,5,0,3,2,89.77,3,24.82,108,46,56.78,61.38,90,1,0,169,Compensation,61,54.2,0.3007,50,32,0,0
BG-42-003617,Highway,Gujarat,Vadodara,375.11,819,9,1,7,2,85.61,5,8.63,488,70,0.0,0.0,0,0,16,360,Objections,55,7.19,0.7929,202,78,1,297
BG-42-003618,Irrigation,Uttar Pradesh,Kanpur Nagar,135.94,170,8,1,3,3,51.42,6,0.0,155,71,0.0,0.0,0,2,46,92,Survey,82,12.59,0.1759,203,81,1,271
BG-42-003619,Highway,Telangana,Karimnagar,73.52,82,5,1,0,1,79.04,1,20.66,37,82,33.05,26.18,27,1,41,83,Objections,68,23.89,0.3275,262,21,1,278
BG-42-003620,Industrial Corridor,Telangana,Nizamabad,49.46,37,5,0,1,1,100.0,2,100.0,0,23,100.0,87.72,33,0,0,36,Possession,63,100.0,0.257,135,17,0,0
BG-42-003621,Industrial Corridor,Telangana,Karimnagar,247.45,490,9,0,7,2,95.94,6,43.26,190,51,44.97,45.14,205,3,65,241,Compensation,104,74.12,0.3117,105,99,1,347
BG-42-003622,Industrial Corridor,Karnataka,Bengaluru Urban,101.05,190,6,1,2,1,68.28,3,37.7,81,27,19.38,17.19,37,3,15,121,Objections,70,34.69,0.6691,172,77,0,0
BG-42-003623,Power Transmission,Gujarat,Vadodara,87.32,190,4,1,7,1,100.0,2,64.94,55,34,73.76,63.7,125,1,30,244,Award,42,73.86,0.711,316,54,1,234
BG-42-003624,Irrigation,Tamil Nadu,Madurai,147.09,115,7,0,2,0,75.93,2,61.71,27,7,58.67,60.95,62,1,49,93,Rehabilitation & Resettlement,40,80.18,0.3068,7,97,0,0
BG-42-003625,Highway,Maharashtra,Pune,173.13,287,10,0,3,0,100.0,3,40.44,120,94,66.81,71.09,171,3,44,108,Compensation,156,84.18,0.662,251,33,1,218
BG-42-003626,Industrial Corridor,Tamil Nadu,Coimbatore,132.94,251,8,1,5,2,91.35,3,23.28,110,90,17.0,0.0,38,4,56,142,Compensation,88,45.1,0.4185,160,59,0,0
BG-42-003627,Industrial Corridor,Maharashtra,Thane,173.67,224,7,1,1,4,55.7,3,93.9,13,31,91.51,97.71,194,1,46,138,Possession,55,100.0,0.3152,130,48,0,0
BG-42-003628,Railway,Maharashtra,Nagpur,122.87,106,6,1,2,1,95.84,0,79.78,17,0,80.29,83.33,84,3,49,91,Compensation,87,100.0,0.4254,186,36,0,0
BG-42-003629,Irrigation,Gujarat,Rajkot,133.47,201,4,0,4,1,76.95,4,57.73,52,57,78.83,64.14,158,2,5,157,Compensation,92,100.0,0.4599,142,57,0,0
BG-42-003630,Metro,Rajasthan,Jaipur,47.69,106,4,2,3,2,66.66,5,9.71,88,92,3.12,0.0,3,2,58,124,Survey,73,0.0,0.1747,255,50,1,289
BG-42-003631,Highway,Uttar Pradesh,Lucknow,364.41,842,10,3,13,3,75.4,8,3.43,584,94,3.14,0.0,23,4,62,397,Survey,144,0.0,0.5568,15,146,1,481
BG-42-003632,Power Transmission,Karnataka,Kalaburagi,31.91,51,4,0,2,1,100.0,1,100.0,0,13,89.04,79.28,44,0,21,86,Possession,54,100.0,0.272,244,40,0,0
BG-42-003633,Irrigation,Telangana,Warangal,109.67,221,6,0,4,0,82.57,4,16.88,118,31,51.39,61.57,104,1,36,194,Compensation,57,70.71,0.7064,52,38,1,295
BG-42-003634,Highway,Gujarat,Rajkot,29.39,74,5,0,1,0,100.0,2,54.85,27,44,73.31,67.17,52,2,56,55,Award,66,60.79,0.0,374,31,0,0
BG-42-003635,Power Transmission,Rajasthan,Udaipur,79.16,138,4,0,1,0,92.8,0,60.65,50,30,76.21,55.74,100,2,42,180,Compensation,49,72.83,0.0708,253,44,0,0
BG-42-003636,Highway,Karnataka,Mysuru,54.22,114,5,2,1,0,69.5,2,0.0,73,83,4.95,0.45,5,0,36,53,Notification,103,0.0,0.3467,330,52,0,0
BG-42-003637,Highway,Maharashtra,Thane,95.45,186,6,0,4,3,100.0,1,72.63,28,10,52.5,45.6,92,2,30,140,Rehabilitation & Resettlement,24,99.75,0.3999,48,34,0,0
BG-42-003638,Highway,Maharashtra,Thane,112.55,91,5,1,1,0,78.48,2,10.81,69,73,20.4,12.64,17,3,72,74,Survey,69,11.96,0.405,179,37,0,0
BG-42-003639,Power Transmission,Maharashtra,Pune,39.84,51,6,3,3,3,64.26,3,44.02,22,58,46.09,46.63,21,5,108,74,Rehabilitation & Resettlement,125,73.8,0.271,218,70,1,334
BG-42-003640,Highway,Madhya Pradesh,Bhopal,83.64,222,6,0,4,0,80.61,3,66.08,62,40,35.32,21.96,73,1,38,182,Compensation,65,59.7,0.4283,153,28,1,233
BG-42-003641,Highway,Tamil Nadu,Chennai,261.11,404,7,0,6,2,76.78,6,2.23,300,77,48.24,60.44,184,2,47,272,Objections,59,25.25,0.4732,312,51,0,0
BG-42-003642,Power Transmission,Gujarat,Vadodara,29.97,69,5,1,3,2,79.05,1,4.0,50,34,7.0,3.98,4,1,13,93,Notification,50,0.0,0.1168,345,42,0,0
BG-42-003643,Railway,Madhya Pradesh,Bhopal,43.24,117,3,1,2,1,61.34,3,52.17,48,38,63.7,61.96,71,2,63,158,Rehabilitation & Resettlement,148,66.94,0.3023,199,61,0,0
BG-42-003644,Highway,Madhya Pradesh,Indore,170.48,242,6,0,3,1,85.77,1,48.36,90,44,47.45,41.89,113,0,21,161,Survey,35,34.14,0.422,342,93,0,0
BG-42-003645,Highway,Tamil Nadu,Coimbatore,91.11,180,7,0,1,1,55.33,6,0.0,138,84,0.0,10.44,0,6,31,75,Notification,168,0.0,0.237,209,48,1,250
BG-42-003646,Power Transmission,Uttar Pradesh,Lucknow,96.63,198,6,1,3,0,80.38,3,77.71,30,60,50.29,42.75,91,5,101,135,Rehabilitation & Resettlement,71,81.09,0.616,70,43,0,0
BG-42-003647,Industrial Corridor,Uttar Pradesh,Kanpur Nagar,194.0,250,8,0,3,3,84.02,3,27.21,155,46,0.0,0.0,0,4,53,132,Objections,61,29.77,0.2501,322,109,0,0
BG-42-003648,Power Transmission,Maharashtra,Nagpur,45.37,93,6,1,3,2,50.31,4,57.26,31,18,36.55,37.37,30,6,92,57,Award,108,57.56,0.2436,244,48,1,247
BG-42-003649,Highway,Telangana,Karimnagar,56.52,122,6,1,1,2,86.75,1,1.72,103,105,34.64,30.84,40,0,11,97,Objections,66,17.69,0.4868,125,32,0,0
BG-42-003650,Metro,Rajasthan,Jodhpur,51.21,108,4,1,3,0,58.33,1,90.71,6,20,86.43,88.96,84,1,41,106,Rehabilitation & Resettlement,42,99.43,0.3293,406,41,0,0
BG-42-003651,Power Transmission,Tamil Nadu,Madurai,64.81,95,6,1,0,1,78.53,2,26.97,46,85,29.37,34.33,25,3,58,69,Objections,98,11.03,0.7817,239,69,1,290
BG-42-003652,Highway,Rajasthan,Kota,250.04,341,6,2,6,2,90.57,2,0.0,292,54,0.0,3.85,0,4,67,254,Survey,146,0.0,0.1836,280,134,1,398
BG-42-003653,Highway,Gujarat,Surat,21.96,49,3,3,0,1,100.0,0,28.77,22,65,25.89,23.06,12,1,9,35,Objections,71,39.35,0.2805,297,44,0,0
BG-42-003654,Railway,Maharashtra,Nagpur,32.94,71,4,1,5,2,71.83,5,7.86,41,93,19.23,15.15,12,2,70,89,Survey,71,9.78,0.4906,176,86,1,303
BG-42-003655,Railway,Gujarat,Rajkot,28.72,88,5,2,1,2,73.71,1,0.91,80,82,18.82,17.88,15,2,42,59,Objections,167,30.57,0.1792,94,35,1,302
BG-42-003656,Highway,Telangana,Hyderabad,262.79,269,8,0,3,0,74.76,3,7.07,210,104,24.76,19.51,65,1,0,133,Notification,61,23.17,0.7858,309,46,1,338
BG-42-003657,Irrigation,Gujarat,Vadodara,52.38,72,3,0,4,1,74.96,4,0.0,53,66,0.0,0.0,0,0,56,149,Survey,318,0.94,0.125,140,93,1,376
BG-42-003658,Metro,Rajasthan,Jaipur,65.93,170,3,0,3,1,91.77,6,47.67,71,81,54.99,54.25,92,1,41,224,Award,52,69.12,0.1894,190,41,0,0
BG-42-003659,Industrial Corridor,Maharashtra,Thane,23.53,17,4,0,4,2,89.1,2,100.0,0,0,98.57,100.0,16,0,0,41,Possession,37,100.0,0.3247,138,65,0,0
BG-42-003660,Highway,Gujarat,Vadodara,69.41,108,5,3,2,3,67.41,4,0.0,71,107,0.0,2.06,0,4,52,108,Notification,99,12.84,0.7145,423,59,1,274
BG-42-003661,Industrial Corridor,Telangana,Hyderabad,171.27,321,6,0,2,0,54.18,4,0.0,203,69,0.0,0.0,0,3,43,230,Survey,110,0.0,0.564,184,45,1,290
BG-42-003662,Industrial Corridor,Uttar Pradesh,Varanasi,104.83,35,5,0,1,1,88.4,0,66.16,9,25,61.38,60.08,20,3,69,27,Possession,26,87.69,0.4689,94,69,0,0
BG-42-003663,Irrigation,Rajasthan,Jodhpur,78.55,49,6,0,1,1,90.31,1,86.96,4,47,77.02,82.36,34,2,9,40,Possession,28,100.0,0.4682,328,34,0,0
BG-42-003664,Railway,Rajasthan,Jaipur,24.49,88,5,3,4,2,100.0,3,45.56,32,51,40.8,37.44,35,3,61,87,Compensation,159,81.34,0.417,203,63,1,267
BG-42-003665,Power Transmission,Maharashtra,Thane,65.87,141,5,1,3,4,89.66,3,77.76,28,27,57.13,56.55,79,0,39,137,Objections,121,95.3,0.4403,219,90,0,0
BG-42-003666,Railway,Tamil Nadu,Coimbatore,96.31,157,7,0,4,0,77.52,5,33.05,61,83,25.62,52.06,40,0,0,125,Award,81,55.79,0.2533,53,29,0,0
BG-42-003667,Industrial Corridor,Telangana,Hyderabad,38.73,124,4,5,4,6,84.7,2,3.69,91,92,31.61,44.57,37,5,84,149,Survey,153,22.97,0.7276,203,160,1,485
BG-42-003668,Irrigation,Madhya Pradesh,Jabalpur,144.59,316,7,1,3,1,100.0,1,0.0,221,105,15.23,13.33,45,0,10,183,Survey,50,31.41,0.1451,255,46,0,0
BG-42-003669,Industrial Corridor,Tamil Nadu,Coimbatore,173.83,181,9,0,2,0,82.27,0,56.14,63,34,27.84,31.76,46,2,26,65,Award,117,60.31,0.232,378,37,0,0
BG-42-003670,Industrial Corridor,Uttar Pradesh,Varanasi,56.1,48,5,0,0,0,100.0,0,78.66,6,0,78.97,75.3,34,1,28,6,Compensation,113,92.44,0.2167,85,43,0,0
BG-42-003671,Irrigation,Madhya Pradesh,Bhopal,153.03,333,7,1,5,5,95.51,5,71.73,74,49,72.74,68.51,214,0,0,206,Objections,57,81.92,0.2893,342,68,0,0
BG-42-003672,Irrigation,Karnataka,Kalaburagi,78.43,96,5,0,1,1,77.46,2,80.75,16,65,55.28,61.19,48,2,42,54,Compensation,19,68.47,0.4261,374,31,0,0
BG-42-003673,Highway,Tamil Nadu,Coimbatore,214.37,385,9,0,7,1,74.22,6,55.12,122,63,47.44,53.18,167,4,52,214,Objections,68,48.62,0.2721,93,68,1,229
BG-42-003674,Highway,Maharashtra,Nashik,435.86,324,11,2,4,3,60.32,6,37.74,129,71,46.47,50.05,133,3,65,109,Objections,79,61.13,0.3708,156,100,1,295
BG-42-003675,Industrial Corridor,Karnataka,Kalaburagi,35.7,80,5,1,2,1,100.0,1,94.88,3,4,89.96,86.49,70,2,19,65,Rehabilitation & Resettlement,108,100.0,0.4663,268,131,0,0
BG-42-003676,Irrigation,Gujarat,Vadodara,158.47,258,7,0,4,2,100.0,4,100.0,0,10,81.73,94.75,194,0,0,153,Possession,12,100.0,0.4454,142,62,0,0
BG-42-003677,Metro,Tamil Nadu,Chennai,243.22,436,6,1,9,1,78.04,6,29.86,290,82,0.0,0.0,0,2,27,276,Objections,41,37.41,0.4681,214,88,1,272
BG-42-003678,Railway,Madhya Pradesh,Jabalpur,39.39,49,4,2,1,1,86.72,0,73.56,8,14,95.15,94.26,45,1,33,37,Compensation,66,100.0,0.4366,233,40,0,0
BG-42-003679,Metro,Madhya Pradesh,Jabalpur,54.05,64,5,0,1,2,100.0,1,22.09,28,25,40.78,29.89,23,1,12,62,Objections,15,20.55,0.1321,37,19,1,211
BG-42-003680,Highway,Madhya Pradesh,Indore,53.57,69,5,0,1,0,77.65,4,11.56,48,47,7.98,7.22,5,1,0,90,Notification,120,40.69,0.3923,331,22,0,0
BG-42-003681,Highway,Gujarat,Ahmedabad,77.0,171,5,1,3,2,74.3,1,48.7,59,38,74.48,70.47,126,4,44,175,Rehabilitation & Resettlement,90,81.65,0.383,24,90,1,327
BG-42-003682,Highway,Gujarat,Ahmedabad,64.39,48,7,0,1,1,100.0,0,37.05,26,49,35.33,44.6,15,2,21,41,Survey,94,34.01,0.7494,264,40,0,0
BG-42-003683,Highway,Rajasthan,Udaipur,73.07,135,4,0,1,1,96.5,2,45.85,65,40,48.85,47.17,64,0,45,131,Award,52,57.8,0.2547,175,32,0,0
BG-42-003684,Industrial Corridor,Madhya Pradesh,Bhopal,167.4,323,5,2,12,0,91.22,7,9.76,200,86,31.67,41.19,98,3,76,344,Award,99,46.49,0.3339,105,98,1,474
BG-42-003685,Railway,Maharashtra,Nagpur,18.79,3,2,0,1,1,81.71,2,4.77,3,63,14.62,11.51,0,1,21,0,Survey,79,11.21,0.5382,152,44,0,0
BG-42-003686,Highway,Gujarat,Rajkot,39.29,66,4,2,1,0,68.4,2,0.0,45,98,0.0,0.0,0,2,44,40,Survey,143,10.04,0.3647,375,38,1,327
BG-42-003687,Metro,Karnataka,Mysuru,146.34,278,8,0,8,2,99.69,4,37.75,105,48,47.22,48.99,127,2,53,174,Objections,101,21.89,0.3792,350,78,0,0
BG-42-003688,Railway,Tamil Nadu,Chennai,133.25,211,5,0,4,1,84.4,3,97.86,3,0,91.63,73.18,181,2,33,172,Possession,111,100.0,0.4628,7,103,0,0
BG-42-003689,Railway,Tamil Nadu,Madurai,36.71,25,3,1,1,2,91.61,2,62.13,8,40,64.21,59.86,15,3,51,52,Compensation,52,68.17,0.2907,172,48,0,0
BG-42-003690,Railway,Rajasthan,Kota,133.99,325,7,0,9,4,76.59,6,67.68,96,19,60.18,60.31,180,1,0,215,Award,152,79.88,0.1327,97,104,1,226
BG-42-003691,Highway,Telangana,Hyderabad,247.52,194,9,1,2,1,79.81,5,13.9,145,104,10.14,26.71,18,1,48,103,Notification,50,20.38,0.4225,357,56,1,231
BG-42-003692,Industrial Corridor,Maharashtra,Nagpur,82.33,222,4,1,4,1,77.74,4,40.33,119,49,52.26,55.78,105,2,30,218,Compensation,75,74.98,0.3121,201,90,0,0
BG-42-003693,Highway,Rajasthan,Jaipur,38.23,46,2,1,1,1,80.58,1,0.0,31,88,1.46,0.0,1,0,0,69,Survey,49,9.39,0.548,272,34,0,0
BG-42-003694,Highway,Karnataka,Mysuru,172.43,241,6,0,1,0,76.43,1,67.74,69,58,80.66,73.64,179,3,44,168,Compensation,63,59.98,0.291,109,21,1,118
BG-42-003695,Highway,Maharashtra,Nashik,339.83,561,10,1,4,1,95.27,1,75.37,122,17,60.03,49.42,306,0,45,244,Rehabilitation & Resettlement,109,99.74,0.5163,22,96,0,0
BG-42-003696,Railway,Uttar Pradesh,Agra,42.14,10,5,0,2,0,87.31,3,53.07,4,60,42.19,44.25,4,3,48,37,Award,131,44.69,0.4471,271,36,0,0
BG-42-003697,Highway,Rajasthan,Udaipur,88.36,167,5,0,4,1,80.74,3,21.35,119,59,23.97,29.82,35,5,50,178,Objections,166,39.31,0.1133,32,45,0,0
BG-42-003698,Railway,Karnataka,Belagavi,204.82,247,9,1,6,5,77.04,0,0.0,168,128,0.0,0.0,0,1,22,150,Notification,99,7.22,0.631,472,105,1,309
BG-42-003699,Highway,Uttar Pradesh,Varanasi,93.91,113,6,0,1,0,71.68,2,6.1,77,71,0.0,7.65,0,1,34,72,Notification,48,8.56,0.2164,148,17,1,255
BG-42-003700,Highway,Madhya Pradesh,Bhopal,21.16,11,3,2,3,5,64.74,6,49.18,4,35,32.79,23.98,3,1,47,38,Award,59,49.59,0.3047,60,76,1,268
BG-42-003701,Irrigation,Tamil Nadu,Chennai,122.09,195,4,1,1,3,80.65,1,87.18,19,40,94.9,86.25,163,0,8,151,Possession,59,100.0,0.2963,143,45,0,0
BG-42-003702,Railway,Madhya Pradesh,Gwalior,39.13,40,3,0,2,0,85.73,0,21.84,18,108,36.59,25.3,15,2,0,64,Objections,71,43.79,0.6577,92,24,0,0
BG-42-003703,Highway,Telangana,Warangal,30.98,46,6,3,4,3,56.24,4,43.32,15,75,60.27,54.06,25,4,79,61,Compensation,132,79.27,0.2819,198,77,1,316
BG-42-003704,Metro,Tamil Nadu,Madurai,21.49,49,3,1,3,1,81.16,4,62.02,11,35,78.55,77.09,38,2,48,73,Compensation,55,89.78,0.3018,176,42,0,0
BG-42-003705,Highway,Rajasthan,Kota,221.92,529,7,0,3,2,79.91,2,6.17,319,55,0.0,7.91,0,1,25,262,Notification,83,11.11,0.1576,271,23,0,0
BG-42-003706,Power Transmission,Gujarat,Surat,43.91,145,4,1,1,3,78.13,1,39.48,54,63,5.44,0.0,7,0,42,148,Survey,72,34.43,0.4876,360,20,1,133
BG-42-003707,Highway,Uttar Pradesh,Varanasi,111.8,210,6,1,2,3,67.27,4,71.77,53,64,55.38,43.84,107,1,58,149,Objections,91,76.29,0.3335,61,45,0,0
BG-42-003708,Metro,Uttar Pradesh,Varanasi,136.07,213,8,3,4,2,89.99,4,41.02,113,80,41.1,46.64,83,2,81,141,Compensation,145,98.32,0.4088,117,64,1,359
BG-42-003709,Irrigation,Tamil Nadu,Chennai,97.46,142,7,0,6,0,90.55,6,20.79,87,63,29.82,25.55,39,2,18,109,Award,38,36.39,0.546,331,38,0,0
BG-42-003710,Highway,Karnataka,Belagavi,108.55,107,5,2,5,1,78.78,4,62.64,27,37,66.46,59.36,68,5,88,138,Rehabilitation & Resettlement,95,88.92,0.1894,398,87,0,0
BG-42-003711,Highway,Maharashtra,Pune,116.14,139,8,1,2,2,84.4,2,65.79,31,43,54.42,54.6,67,3,39,89,Rehabilitation & Resettlement,59,99.28,0.7848,124,39,1,170
BG-42-003712,Industrial Corridor,Tamil Nadu,Coimbatore,95.63,177,7,0,6,1,93.2,4,81.84,24,2,80.63,74.55,136,1,16,129,Rehabilitation & Resettlement,82,100.0,0.4931,7,93,0,0
BG-42-003713,Irrigation,Telangana,Karimnagar,46.61,95,4,1,0,0,93.23,2,92.9,6,21,95.81,86.66,90,1,36,87,Possession,133,100.0,0.152,237,122,0,0
BG-42-003714,Railway,Karnataka,Kalaburagi,43.4,65,4,2,1,1,98.58,2,59.73,21,67,53.68,49.57,33,0,5,26,Rehabilitation & Resettlement,112,72.21,0.4209,7,40,0,0
BG-42-003715,Industrial Corridor,Karnataka,Bengaluru Urban,78.73,188,6,2,8,3,66.72,6,37.49,107,74,58.43,58.61,106,2,50,212,Rehabilitation & Resettlement,114,69.39,0.2403,33,77,1,334
BG-42-003716,Highway,Tamil Nadu,Madurai,77.41,130,7,0,2,1,97.51,0,70.69,31,31,71.77,61.13,91,1,0,85,Rehabilitation & Resettlement,36,100.0,0.0609,234,19,0,0
BG-42-003717,Industrial Corridor,Rajasthan,Kota,120.72,165,4,1,4,3,71.99,4,56.91,45,25,37.79,44.11,60,1,29,157,Rehabilitation & Resettlement,56,81.97,0.6575,118,49,1,203
BG-42-003718,Highway,Karnataka,Belagavi,206.71,415,8,0,1,0,98.09,1,85.0,39,25,58.94,55.91,229,4,46,203,Rehabilitation & Resettlement,49,92.6,0.5639,176,22,0,0
BG-42-003719,Industrial Corridor,Karnataka,Kalaburagi,112.74,203,6,1,1,1,83.27,2,62.2,63,24,57.56,54.31,105,3,43,100,Possession,80,100.0,0.7712,268,26,1,134
BG-42-003720,Highway,Maharashtra,Pune,44.76,15,4,0,1,0,77.73,0,67.09,4,46,41.23,34.75,6,2,32,30,Award,115,56.3,0.7042,575,21,0,0
BG-42-003721,Metro,Tamil Nadu,Madurai,14.96,29,3,0,1,0,72.55,2,20.72,16,83,0.0,0.0,0,3,49,54,Compensation,100,38.44,0.3682,7,35,1,261
BG-42-003722,Highway,Karnataka,Mysuru,46.29,52,6,0,0,1,77.93,3,43.63,19,25,46.24,38.33,23,1,2,46,Award,22,37.39,0.454,83,77,1,227
BG-42-003723,Industrial Corridor,Telangana,Hyderabad,29.21,73,5,2,1,1,68.73,3,77.85,15,17,71.04,78.24,51,6,100,55,Rehabilitation & Resettlement,104,100.0,0.2456,23,83,1,214
BG-42-003724,Power Transmission,Madhya Pradesh,Indore,47.74,132,7,0,1,0,67.0,1,58.0,44,35,48.06,47.44,59,4,53,71,Award,59,67.18,0.1509,471,19,0,0
BG-42-003725,Power Transmission,Tamil Nadu,Chennai,103.94,52,5,1,0,0,69.97,4,100.0,0,0,84.1,78.32,40,3,39,65,Rehabilitation & Resettlement,93,100.0,0.4728,127,34,0,0
BG-42-003726,Irrigation,Maharashtra,Nagpur,91.61,151,6,0,2,0,86.62,1,78.26,25,12,51.6,42.91,71,0,14,111,Rehabilitation & Resettlement,108,81.87,0.3947,336,19,0,0
BG-42-003727,Metro,Maharashtra,Nagpur,378.62,500,10,3,9,6,72.55,7,73.8,100,55,87.68,82.02,396,2,69,263,Possession,175,100.0,0.4805,115,133,1,402
BG-42-003728,Industrial Corridor,Tamil Nadu,Madurai,126.02,127,7,0,1,0,100.0,0,68.41,33,42,44.91,46.87,51,3,81,55,Objections,64,24.7,0.2434,118,18,0,0
BG-42-003729,Highway,Uttar Pradesh,Lucknow,394.39,581,12,2,8,3,70.69,6,25.17,370,88,32.01,27.2,181,3,35,241,Compensation,85,65.63,0.3568,174,90,1,363
BG-42-003730,Irrigation,Rajasthan,Udaipur,151.73,170,7,0,0,1,87.57,3,74.83,40,37,79.99,76.24,129,1,42,81,Rehabilitation & Resettlement,44,87.69,0.6903,7,4,0,0
BG-42-003731,Industrial Corridor,Tamil Nadu,Chennai,204.09,160,6,1,2,0,90.08,4,89.56,9,50,65.92,64.91,103,3,43,77,Possession,197,97.8,0.4757,290,50,0,0
BG-42-003732,Railway,Tamil Nadu,Coimbatore,64.26,113,4,0,3,0,69.3,6,94.08,4,6,61.08,54.63,64,3,50,114,Possession,128,100.0,0.2915,242,34,0,0
BG-42-003733,Metro,Tamil Nadu,Coimbatore,36.25,37,4,1,2,1,91.28,1,85.92,4,33,83.15,80.35,29,1,5,50,Compensation,64,73.07,0.224,7,32,0,0
BG-42-003734,Power Transmission,Rajasthan,Kota,59.79,86,6,1,3,1,93.74,3,36.31,43,20,12.69,27.15,10,0,24,93,Compensation,120,57.74,0.6388,146,83,1,286
BG-42-003735,Power Transmission,Gujarat,Surat,84.82,61,4,0,1,1,88.28,0,0.0,34,60,0.0,0.0,0,0,0,24,Survey,28,3.34,0.2999,213,7,1,215
BG-42-003736,Power Transmission,Maharashtra,Thane,51.8,42,3,1,3,1,82.91,3,87.65,5,32,72.37,72.15,29,1,27,100,Possession,66,100.0,0.5975,146,53,0,0
BG-42-003737,Metro,Uttar Pradesh,Agra,38.44,34,5,3,2,0,69.05,6,9.95,25,93,21.1,13.22,6,3,52,89,Objections,131,50.5,0.3035,116,118,1,290
BG-42-003738,Railway,Gujarat,Rajkot,119.52,184,5,0,1,0,100.0,0,90.84,14,12,70.03,74.97,127,3,32,140,Rehabilitation & Resettlement,85,100.0,0.4419,274,14,0,0
BG-42-003739,Irrigation,Gujarat,Ahmedabad,38.31,64,3,0,1,0,100.0,0,100.0,0,2,100.0,92.85,61,0,0,72,Rehabilitation & Resettlement,35,100.0,0.2432,7,83,0,0
BG-42-003740,Industrial Corridor,Rajasthan,Udaipur,25.11,68,5,2,2,3,72.51,3,31.2,32,32,50.01,50.65,32,2,79,58,Award,62,45.88,0.4405,18,56,1,270
BG-42-003741,Metro,Rajasthan,Jaipur,34.89,3,4,1,1,0,86.24,1,0.0,3,73,0.0,0.0,0,2,23,0,Survey,118,2.99,0.1373,264,38,1,198
BG-42-003742,Industrial Corridor,Gujarat,Rajkot,70.99,136,5,3,3,1,68.43,5,37.14,55,70,31.71,23.34,41,5,105,112,Survey,125,24.6,0.5313,285,67,0,0
BG-42-003743,Industrial Corridor,Uttar Pradesh,Agra,38.76,162,6,1,1,1,89.64,2,29.95,73,90,35.72,29.27,53,3,46,66,Rehabilitation & Resettlement,92,38.25,0.4802,71,72,1,202
BG-42-003744,Industrial Corridor,Rajasthan,Jaipur,71.35,171,4,1,4,1,90.44,0,14.19,131,83,48.48,44.02,81,1,14,178,Award,68,43.07,0.5859,191,94,0,0
BG-42-003745,Industrial Corridor,Tamil Nadu,Chennai,138.43,373,5,0,2,1,74.39,1,0.0,235,82,0.0,0.0,0,0,13,337,Survey,75,2.4,0.0499,403,23,1,289
BG-42-003746,Irrigation,Uttar Pradesh,Varanasi,135.58,289,9,1,7,3,82.3,4,89.82,26,17,98.14,100.0,278,0,32,188,Rehabilitation & Resettlement,148,89.62,0.1931,144,100,1,210
BG-42-003747,Power Transmission,Maharashtra,Pune,50.47,121,5,2,1,0,95.2,0,0.0,90,82,0.0,0.0,0,6,77,81,Objections,98,15.81,0.2855,89,42,0,0
BG-42-003748,Metro,Tamil Nadu,Salem,30.17,44,5,0,3,2,78.13,4,73.43,7,53,84.73,92.51,35,1,61,23,Possession,43,100.0,0.337,7,62,0,0
BG-42-003749,Highway,Karnataka,Belagavi,54.03,51,4,2,0,2,65.53,3,11.16,28,81,19.96,10.46,9,2,78,38,Objections,97,20.77,0.3197,259,47,1,238
BG-42-003750,Industrial Corridor,Karnataka,Belagavi,144.68,276,7,1,6,1,56.81,3,0.24,184,119,3.23,0.0,8,3,50,207,Survey,78,32.22,0.2232,114,59,1,268
BG-42-003751,Industrial Corridor,Uttar Pradesh,Agra,174.4,305,6,0,3,1,83.33,2,0.0,245,79,4.48,14.45,13,3,53,200,Notification,71,0.0,0.4262,307,30,1,270
BG-42-003752,Metro,Rajasthan,Jaipur,113.56,225,7,0,7,2,68.42,4,43.95,96,48,14.43,5.19,31,0,14,187,Award,19,41.26,0.1661,244,60,0,0
BG-42-003753,Irrigation,Madhya Pradesh,Jabalpur,223.89,558,9,0,7,1,87.12,4,46.56,282,46,60.71,60.98,306,2,33,304,Award,78,69.64,0.4678,319,65,1,241
BG-42-003754,Highway,Maharashtra,Thane,341.5,339,10,1,2,0,73.85,4,52.75,151,53,24.09,20.01,80,4,76,151,Rehabilitation & Resettlement,206,56.53,0.6421,166,29,1,237
BG-42-003755,Railway,Madhya Pradesh,Bhopal,58.17,79,6,0,1,1,100.0,0,58.31,22,13,40.82,29.74,31,2,20,65,Award,46,59.26,0.3492,146,69,0,0
BG-42-003756,Power Transmission,Tamil Nadu,Chennai,281.25,639,9,1,12,7,98.4,4,16.79,373,77,43.27,30.32,273,3,74,341,Objections,99,35.36,0.1326,344,112,0,0
BG-42-003757,Irrigation,Gujarat,Ahmedabad,69.52,175,4,0,4,1,89.51,5,55.96,43,29,14.05,5.46,24,2,26,164,Objections,114,45.94,0.2186,132,30,1,218
BG-42-003758,Railway,Gujarat,Surat,193.62,406,7,4,5,1,65.82,4,0.0,312,104,0.0,0.0,0,5,107,251,Objections,166,17.91,0.805,203,112,1,518
BG-42-003759,Highway,Madhya Pradesh,Bhopal,150.94,265,6,3,2,3,91.74,1,90.28,16,21,100.0,100.0,258,0,27,191,Possession,177,100.0,0.2614,179,114,1,262
BG-42-003760,Railway,Maharashtra,Pune,17.61,64,4,1,4,2,77.5,1,2.47,44,57,9.76,8.32,6,2,27,58,Survey,86,14.23,0.2084,261,88,1,255
BG-42-003761,Metro,Madhya Pradesh,Gwalior,39.53,13,5,0,1,0,100.0,1,98.02,0,0,100.0,95.28,12,0,0,44,Possession,28,100.0,0.5469,192,10,0,0
BG-42-003762,Metro,Maharashtra,Nashik,32.23,23,4,2,0,1,100.0,0,34.61,12,84,32.72,38.99,7,2,41,43,Objections,78,16.19,0.3224,30,108,0,0
BG-42-003763,Railway,Madhya Pradesh,Indore,20.58,3,5,0,0,0,86.54,2,22.61,2,64,11.73,20.32,0,1,16,0,Notification,64,2.87,0.5593,613,3,0,0
BG-42-003764,Railway,Gujarat,Surat,173.03,259,5,1,11,0,84.01,5,40.26,112,48,11.93,11.19,30,5,95,272,Objections,107,36.21,0.5491,216,95,1,358
BG-42-003765,Industrial Corridor,Uttar Pradesh,Agra,448.1,955,10,1,13,6,93.42,7,0.0,711,52,0.0,0.0,0,1,16,444,Notification,152,0.0,0.2458,211,128,1,462
BG-42-003766,Industrial Corridor,Uttar Pradesh,Kanpur Nagar,69.68,131,5,0,5,4,100.0,4,97.58,2,0,100.0,97.87,115,0,27,130,Rehabilitation & Resettlement,40,100.0,0.5683,184,87,0,0
BG-42-003767,Industrial Corridor,Maharashtra,Nashik,169.58,289,7,1,6,1,73.15,1,52.39,101,54,73.19,73.24,206,1,2,226,Award,50,99.86,0.5031,263,98,0,0
BG-42-003768,Railway,Telangana,Karimnagar,280.82,350,9,1,4,2,87.76,3,24.17,184,93,16.78,3.13,55,0,4,195,Objections,82,52.51,0.3626,189,39,0,0
BG-42-003769,Railway,Gujarat,Ahmedabad,101.16,184,6,1,6,1,91.68,1,30.12,88,10,59.45,56.91,97,2,57,150,Compensation,75,73.16,0.2577,65,95,0,0
BG-42-003770,Railway,Madhya Pradesh,Indore,83.91,154,4,0,2,0,68.66,4,57.11,44,63,49.34,47.62,71,1,31,138,Compensation,48,53.95,0.1772,237,54,0,0
BG-42-003771,Irrigation,Gujarat,Vadodara,70.35,128,6,0,0,0,100.0,2,100.0,0,16,100.0,90.0,118,0,10,83,Possession,12,100.0,0.3384,303,3,0,0
BG-42-003772,Railway,Madhya Pradesh,Jabalpur,131.64,151,7,1,5,3,70.26,3,77.45,25,25,88.46,82.01,118,1,0,130,Possession,96,100.0,0.3467,7,86,1,176
BG-42-003773,Industrial Corridor,Madhya Pradesh,Gwalior,172.39,204,5,1,3,1,63.99,3,67.32,52,22,75.38,67.37,146,3,65,150,Compensation,67,82.01,0.4986,307,49,0,0
BG-42-003774,Metro,Uttar Pradesh,Agra,123.9,154,6,0,0,1,91.3,1,87.66,17,31,70.81,78.49,104,1,10,76,Rehabilitation & Resettlement,56,94.6,0.254,7,12,0,0
BG-42-003775,Irrigation,Gujarat,Surat,120.54,219,7,0,2,0,91.19,2,76.88,35,26,73.72,61.9,153,0,17,100,Rehabilitation & Resettlement,45,93.14,0.6856,69,34,0,0
BG-42-003776,Railway,Tamil Nadu,Salem,82.19,128,7,2,2,3,99.25,0,22.48,57,50,45.24,46.27,55,3,52,83,Award,95,31.62,0.6652,232,55,0,0
BG-42-003777,Metro,Telangana,Hyderabad,23.94,77,2,2,3,2,76.7,2,14.65,55,99,40.87,51.88,29,4,65,147,Compensation,155,26.47,0.1204,341,54,1,375
BG-42-003778,Power Transmission,Rajasthan,Jaipur,175.59,404,8,0,3,1,89.4,1,0.0,280,91,0.0,0.0,0,1,12,177,Notification,29,7.99,0.2691,180,35,0,0
BG-42-003779,Highway,Uttar Pradesh,Agra,30.64,71,3,1,4,0,74.6,3,75.91,12,55,55.7,64.81,38,2,73,120,Rehabilitation & Resettlement,118,64.74,0.5997,173,75,0,0
BG-42-003780,Industrial Corridor,Gujarat,Ahmedabad,140.54,82,5,0,0,0,77.02,4,87.77,6,22,89.9,88.72,69,1,10,88,Possession,76,100.0,0.5132,121,2,0,0
BG-42-003781,Railway,Tamil Nadu,Coimbatore,156.74,104,5,4,5,7,71.43,5,0.0,59,136,0.0,1.89,0,2,40,86,Notification,166,0.0,0.2495,143,127,1,472
BG-42-003782,Irrigation,Rajasthan,Kota,34.39,49,5,2,1,3,99.69,0,100.0,0,42,100.0,86.95,43,3,67,41,Rehabilitation & Resettlement,79,100.0,0.0947,402,50,0,0
BG-42-003783,Industrial Corridor,Uttar Pradesh,Kanpur Nagar,52.65,53,5,2,0,0,86.34,1,88.94,4,16,92.67,100.0,46,1,0,28,Possession,60,100.0,0.5931,350,59,0,0
BG-42-003784,Highway,Tamil Nadu,Salem,467.4,1019,10,0,15,4,81.96,8,25.34,635,90,0.0,0.0,0,1,4,468,Survey,33,35.06,0.5938,91,101,1,315
BG-42-003785,Power Transmission,Madhya Pradesh,Indore,80.35,200,6,1,7,0,98.51,5,94.32,7,0,100.0,97.42,188,2,65,187,Compensation,91,100.0,0.5803,112,66,0,0
BG-42-003786,Industrial Corridor,Maharashtra,Nagpur,32.26,29,4,0,1,1,88.23,1,79.67,4,0,80.63,75.8,22,1,16,25,Possession,44,100.0,0.2319,264,24,0,0
BG-42-003787,Industrial Corridor,Telangana,Hyderabad,162.5,339,7,0,5,0,100.0,2,100.0,0,0,100.0,91.93,311,2,24,203,Possession,51,100.0,0.3066,80,90,0,0
BG-42-003788,Highway,Karnataka,Bengaluru Urban,46.15,130,4,0,3,1,77.26,5,13.96,100,101,19.32,23.83,23,1,57,135,Survey,71,26.25,0.2193,560,43,0,0
BG-42-003789,Highway,Karnataka,Bengaluru Urban,18.42,44,2,0,4,2,89.41,1,0.0,30,92,20.8,15.81,9,3,45,129,Objections,108,37.67,0.3811,115,80,1,250
BG-42-003790,Industrial Corridor,Karnataka,Belagavi,129.78,316,8,1,8,0,78.89,3,27.66,146,71,32.77,24.4,93,2,26,191,Compensation,68,11.96,0.5434,101,66,0,0
BG-42-003791,Metro,Maharashtra,Pune,41.13,49,6,0,5,0,61.61,6,0.0,47,101,0.0,0.0,0,4,67,86,Survey,160,3.04,0.2772,258,35,1,295
BG-42-003792,Power Transmission,Maharashtra,Nagpur,110.71,255,8,3,6,2,81.92,4,12.93,188,72,0.0,0.0,0,4,70,175,Objections,200,18.43,0.5476,247,85,1,408
BG-42-003793,Highway,Telangana,Warangal,44.69,130,4,0,1,1,100.0,0,20.58,72,62,26.3,36.28,32,1,19,131,Notification,33,38.05,0.442,367,28,1,209
BG-42-003794,Industrial Corridor,Madhya Pradesh,Jabalpur,150.77,185,6,0,4,1,100.0,0,9.63,129,81,15.29,14.31,27,2,29,118,Survey,46,15.64,0.2696,232,42,0,0
BG-42-003795,Highway,Rajasthan,Udaipur,99.17,91,5,3,1,2,84.53,2,92.95,6,30,63.26,54.87,55,4,45,79,Compensation,145,100.0,0.3404,7,42,1,184
BG-42-003796,Industrial Corridor,Maharashtra,Thane,10.79,39,4,2,4,4,40.73,7,65.71,9,43,51.88,43.32,18,5,94,81,Compensation,94,100.0,0.6069,382,47,1,225
BG-42-003797,Highway,Telangana,Hyderabad,116.23,148,6,1,2,1,93.02,2,31.89,67,34,27.68,33.95,38,6,126,91,Compensation,79,33.33,0.8115,358,23,0,0
BG-42-003798,Railway,Rajasthan,Udaipur,67.91,97,4,1,2,0,75.54,4,35.71,35,48,50.04,50.18,45,1,0,120,Rehabilitation & Resettlement,127,78.18,0.289,447,64,0,0
BG-42-003799,Highway,Rajasthan,Udaipur,265.97,366,9,1,5,3,100.0,2,62.81,90,35,72.21,58.27,256,0,39,190,Award,73,87.91,0.3988,95,82,0,0
BG-42-003800,Industrial Corridor,Madhya Pradesh,Jabalpur,117.47,202,5,0,5,1,60.45,5,13.49,155,53,5.46,0.0,10,2,28,185,Objections,116,33.17,0.3234,235,61,0,0
BG-42-003801,Railway,Uttar Pradesh,Lucknow,156.79,122,5,0,3,1,62.53,5,5.2,105,60,0.0,0.0,0,1,7,114,Notification,61,0.0,0.3528,357,64,1,156
BG-42-003802,Power Transmission,Tamil Nadu,Madurai,48.5,73,5,0,0,0,80.18,2,30.41,34,68,22.07,31.03,14,2,38,62,Survey,55,47.9,0.453,118,22,0,0
BG-42-003803,Highway,Telangana,Nizamabad,45.51,99,4,1,4,2,74.64,2,65.08,33,10,35.13,26.89,31,6,99,107,Objections,133,39.46,0.6056,289,62,1,228
BG-42-003804,Industrial Corridor,Rajasthan,Kota,83.89,105,5,3,3,2,79.34,3,27.45,72,54,11.74,14.63,12,9,140,90,Survey,155,7.26,0.3792,337,81,1,353
BG-42-003805,Industrial Corridor,Gujarat,Surat,64.17,164,2,1,3,0,55.65,6,0.0,111,78,0.0,12.23,0,2,24,310,Notification,95,0.0,0.5511,46,58,1,255
BG-42-003806,Highway,Gujarat,Vadodara,249.74,439,7,1,7,0,71.82,4,17.2,203,103,0.0,0.0,0,4,57,295,Survey,182,27.58,0.3012,285,91,1,357
BG-42-003807,Highway,Telangana,Nizamabad,75.74,184,5,0,4,0,100.0,4,64.44,55,55,82.19,72.45,142,0,10,160,Compensation,124,100.0,0.3894,7,55,0,0
BG-42-003808,Railway,Tamil Nadu,Coimbatore,32.14,96,2,1,3,1,67.37,3,43.15,32,25,53.74,48.92,49,2,45,175,Compensation,100,51.86,0.2629,219,45,0,0
BG-42-003809,Industrial Corridor,Maharashtra,Thane,44.17,144,3,0,4,1,100.0,3,100.0,0,0,89.05,90.09,119,1,40,201,Possession,76,100.0,0.4181,7,33,0,0
BG-42-003810,Irrigation,Uttar Pradesh,Varanasi,185.31,207,7,0,3,1,73.31,2,78.75,35,38,55.27,56.0,112,3,17,144,Rehabilitation & Resettlement,44,79.84,0.3921,87,63,0,0
BG-42-003811,Highway,Gujarat,Surat,74.9,137,6,0,5,2,87.58,4,75.45,31,52,86.16,83.18,116,2,35,134,Compensation,78,83.66,0.4697,7,46,1,135
BG-42-003812,Industrial Corridor,Telangana,Nizamabad,71.77,160,4,0,8,4,68.3,8,0.0,91,69,0.0,18.61,0,1,18,237,Survey,98,0.0,0.4309,192,101,1,296
BG-42-003813,Industrial Corridor,Tamil Nadu,Salem,199.97,410,7,0,6,1,100.0,1,80.93,66,27,38.88,43.45,148,1,20,270,Compensation,111,60.97,0.6109,7,48,1,158
BG-42-003814,Industrial Corridor,Gujarat,Surat,41.19,55,4,0,4,2,81.8,4,0.0,47,69,0.0,0.0,0,4,72,106,Notification,91,0.0,0.4089,341,38,0,0
BG-42-003815,Metro,Telangana,Nizamabad,14.32,3,1,0,1,0,76.54,2,65.87,1,50,38.34,34.83,1,0,0,32,Award,51,70.56,0.5721,337,22,0,0
BG-42-003816,Irrigation,Telangana,Hyderabad,43.28,87,6,0,2,1,57.58,3,62.6,20,27,63.7,58.72,50,2,18,76,Award,24,83.73,0.2748,61,47,0,0
BG-42-003817,Metro,Telangana,Warangal,103.93,222,6,3,6,4,98.79,3,39.61,126,65,33.12,41.13,73,5,66,148,Award,122,62.76,0.4838,85,90,1,392
BG-42-003818,Power Transmission,Madhya Pradesh,Jabalpur,70.13,105,5,0,2,1,68.86,3,25.15,49,39,4.71,0.0,4,6,82,94,Objections,97,48.65,0.8732,87,42,1,293
BG-42-003819,Highway,Gujarat,Rajkot,24.57,63,4,1,3,3,73.0,3,48.5,22,66,41.81,37.91,23,3,34,93,Compensation,67,52.02,0.7204,252,41,1,112
BG-42-003820,Power Transmission,Tamil Nadu,Madurai,193.03,204,6,2,3,1,95.9,0,60.7,51,53,69.54,52.44,135,1,18,129,Rehabilitation & Resettlement,49,96.73,0.4245,321,46,0,0
BG-42-003821,Irrigation,Uttar Pradesh,Varanasi,97.59,167,7,0,3,0,83.05,4,100.0,0,9,65.35,65.81,102,3,49,100,Rehabilitation & Resettlement,141,90.06,0.5464,276,64,0,0
BG-42-003822,Irrigation,Gujarat,Surat,116.89,254,7,1,6,3,81.82,3,53.28,88,39,41.64,43.72,95,3,42,180,Compensation,65,76.81,0.5398,229,86,0,0
BG-42-003823,Railway,Karnataka,Belagavi,119.78,84,6,3,3,1,68.16,3,29.36,39,67,25.92,12.49,19,1,32,48,Compensation,123,45.22,0.5213,263,47,1,305
BG-42-003824,Power Transmission,Rajasthan,Jodhpur,30.3,3,5,0,5,1,82.54,2,43.07,1,61,56.09,41.3,2,2,40,75,Notification,41,25.4,0.6764,281,40,0,0
BG-42-003825,Highway,Rajasthan,Jaipur,109.1,211,6,1,5,3,84.96,5,93.95,11,4,76.93,75.11,146,1,14,129,Rehabilitation & Resettlement,44,66.87,0.2117,203,93,1,163
BG-42-003826,Industrial Corridor,Gujarat,Ahmedabad,176.97,191,8,1,2,1,94.51,0,42.02,78,71,66.93,67.74,124,4,70,76,Compensation,62,73.83,0.1824,372,46,0,0
BG-42-003827,Railway,Uttar Pradesh,Varanasi,213.2,207,7,1,8,2,74.25,3,16.86,123,98,39.94,26.34,73,2,59,183,Objections,66,34.65,0.5077,399,85,1,325
BG-42-003828,Industrial Corridor,Gujarat,Rajkot,152.48,306,7,1,5,0,79.43,4,29.25,146,59,49.96,45.79,147,1,16,225,Objections,151,49.97,0.454,300,54,0,0
BG-42-003829,Railway,Maharashtra,Nashik,129.09,93,6,0,1,0,79.96,1,85.55,8,17,66.58,69.87,58,0,26,81,Possession,76,100.0,0.6875,213,23,0,0
BG-42-003830,Highway,Gujarat,Rajkot,21.33,39,4,0,2,0,99.26,2,66.62,9,0,48.91,50.77,17,4,37,77,Compensation,68,73.79,0.2881,165,15,1,155
BG-42-003831,Highway,Telangana,Karimnagar,84.61,93,7,0,6,2,91.19,6,44.77,41,45,98.64,93.31,90,1,55,105,Award,60,68.93,0.5568,182,52,0,0
BG-42-003832,Highway,Madhya Pradesh,Jabalpur,39.83,67,7,1,0,2,55.71,5,42.01,24,53,30.66,23.11,20,4,71,31,Compensation,101,74.92,0.7221,399,19,1,119
BG-42-003833,Railway,Madhya Pradesh,Gwalior,238.83,364,8,1,7,1,66.57,7,6.08,323,90,8.54,0.0,28,6,77,199,Award,172,27.03,0.6955,124,80,1,365
BG-42-003834,Power Transmission,Tamil Nadu,Coimbatore,211.52,534,8,1,4,2,84.4,2,45.71,273,66,43.63,35.5,220,2,58,266,Award,69,31.14,0.6294,354,46,0,0
BG-42-003835,Power Transmission,Maharashtra,Nashik,40.03,76,3,1,6,3,89.67,5,33.85,43,69,18.77,19.38,14,2,23,173,Objections,82,32.32,0.3084,225,85,1,272
BG-42-003836,Power Transmission,Gujarat,Vadodara,82.53,201,7,1,1,0,64.56,2,22.49,125,92,30.28,27.93,58,3,22,81,Award,64,46.27,0.1797,175,17,1,141
BG-42-003837,Power Transmission,Maharashtra,Nagpur,104.46,205,5,0,2,1,100.0,0,70.36,38,29,75.87,79.87,150,3,26,165,Compensation,84,63.98,0.2134,186,44,0,0
BG-42-003838,Railway,Tamil Nadu,Madurai,176.03,283,11,2,12,4,66.64,9,19.28,174,61,0.0,13.02,0,8,94,201,Notification,181,0.0,0.9509,206,99,1,338
BG-42-003839,Metro,Gujarat,Surat,22.41,60,2,0,1,0,100.0,0,86.03,6,38,82.4,80.4,47,0,0,154,Rehabilitation & Resettlement,100,100.0,0.2003,212,18,0,0
BG-42-003840,Metro,Rajasthan,Udaipur,14.62,3,6,0,2,0,94.07,1,36.19,1,35,41.78,23.36,1,1,33,38,Objections,113,42.4,0.8234,305,29,0,0
BG-42-003841,Highway,Rajasthan,Jaipur,88.28,106,7,0,2,0,94.32,2,62.24,34,19,43.38,37.35,42,0,20,75,Compensation,28,72.33,0.2365,340,82,0,0
BG-42-003842,Industrial Corridor,Telangana,Hyderabad,11.3,85,2,1,8,3,65.53,7,56.0,24,44,58.35,65.57,46,4,51,240,Compensation,128,52.25,0.3341,295,83,0,0
BG-42-003843,Industrial Corridor,Karnataka,Mysuru,97.21,271,9,5,2,3,92.59,1,49.13,82,50,52.46,60.19,134,0,69,114,Compensation,133,56.44,0.3011,258,77,1,350
BG-42-003844,Industrial Corridor,Telangana,Hyderabad,137.52,295,5,3,6,2,78.12,5,23.06,206,76,20.35,5.1,54,1,19,282,Compensation,139,39.94,0.7005,288,75,1,419
BG-42-003845,Power Transmission,Rajasthan,Jodhpur,230.18,410,8,1,9,4,72.62,8,78.27,80,0,100.0,91.08,368,1,48,222,Possession,60,100.0,0.3058,80,99,0,0
BG-42-003846,Highway,Uttar Pradesh,Varanasi,52.04,131,3,0,2,1,92.02,0,80.86,21,10,69.96,66.27,82,1,3,156,Award,113,58.71,0.1222,136,23,0,0
BG-42-003847,Power Transmission,Uttar Pradesh,Kanpur Nagar,97.41,221,6,0,4,1,97.74,0,92.0,11,0,76.54,81.84,166,0,12,162,Rehabilitation & Resettlement,127,100.0,0.42,7,33,0,0
BG-42-003848,Highway,Rajasthan,Jaipur,144.2,221,7,3,7,5,81.03,4,22.7,96,91,33.59,24.42,69,4,69,209,Compensation,97,48.14,0.4581,202,77,1,323
BG-42-003849,Irrigation,Rajasthan,Jodhpur,33.43,156,5,0,1,0,82.23,1,8.84,86,81,15.86,18.53,23,5,66,92,Objections,76,17.83,0.2104,410,35,0,0
BG-42-003850,Highway,Tamil Nadu,Madurai,178.09,196,10,0,1,0,99.1,0,52.79,76,22,57.11,33.16,99,0,11,93,Objections,11,48.48,0.3629,134,39,0,0
BG-42-003851,Metro,Karnataka,Kalaburagi,106.64,222,5,1,4,0,51.76,9,33.56,88,39,27.21,23.95,59,6,77,193,Award,125,37.63,0.6172,156,47,0,0
BG-42-003852,Metro,Karnataka,Kalaburagi,52.75,74,1,1,2,1,74.59,2,37.6,34,50,2.95,0.0,2,4,61,243,Objections,83,29.97,0.4221,149,41,0,0
BG-42-003853,Highway,Tamil Nadu,Madurai,95.88,155,7,2,5,4,78.32,4,37.59,64,59,40.51,36.18,61,1,20,117,Objections,136,36.48,0.5034,353,59,0,0
BG-42-003854,Railway,Tamil Nadu,Chennai,76.6,153,5,0,2,1,82.91,1,67.94,28,44,75.67,61.33,114,1,0,135,Award,78,89.13,0.3421,207,42,0,0
BG-42-003855,Highway,Rajasthan,Jaipur,159.82,304,9,0,1,1,75.63,3,80.59,50,0,79.13,77.31,216,1,0,115,Compensation,92,100.0,0.543,232,15,1,131
BG-42-003856,Industrial Corridor,Madhya Pradesh,Indore,64.18,76,5,0,0,0,100.0,1,33.92,46,75,45.8,48.22,32,1,22,61,Survey,31,59.47,0.5938,334,75,0,0
BG-42-003857,Irrigation,Maharashtra,Pune,102.69,259,5,2,2,2,65.26,5,72.11,50,29,83.39,83.1,193,2,78,198,Rehabilitation & Resettlement,129,100.0,0.2701,7,66,1,222
BG-42-003858,Railway,Tamil Nadu,Madurai,52.1,108,3,1,5,2,80.96,4,64.69,31,29,55.79,62.72,56,0,1,171,Award,71,76.17,0.4336,306,50,0,0
BG-42-003859,Metro,Maharashtra,Nashik,40.44,75,5,1,3,1,76.68,3,52.45,20,25,83.95,82.92,58,3,63,100,Compensation,70,42.83,0.1677,273,52,1,219
BG-42-003860,Power Transmission,Madhya Pradesh,Gwalior,98.22,268,5,2,7,1,69.41,2,0.0,166,89,0.0,0.0,0,1,53,206,Notification,113,0.0,0.324,229,89,1,436
BG-42-003861,Metro,Gujarat,Surat,41.79,45,6,0,0,1,95.37,1,45.52,14,26,75.39,68.65,32,1,13,0,Award,56,91.24,0.2992,171,83,0,0
BG-42-003862,Power Transmission,Karnataka,Mysuru,162.47,304,7,2,7,5,76.29,7,0.0,275,96,0.0,1.3,0,2,33,183,Notification,134,2.46,0.2659,173,109,1,389
BG-42-003863,Metro,Uttar Pradesh,Varanasi,137.52,149,8,0,3,1,83.39,1,68.32,28,50,65.58,59.36,95,1,26,90,Compensation,23,75.85,0.2176,281,31,0,0
BG-42-003864,Metro,Gujarat,Ahmedabad,46.43,119,3,1,1,1,78.87,1,42.99,56,94,41.04,36.45,44,0,29,133,Objections,57,40.28,0.6746,499,152,0,0
BG-42-003865,Highway,Madhya Pradesh,Gwalior,101.6,231,4,0,3,1,90.91,0,89.81,14,12,81.14,87.72,177,3,58,230,Possession,50,97.93,0.1359,85,25,0,0
BG-42-003866,Highway,Rajasthan,Kota,46.26,89,6,1,2,1,79.77,3,7.86,71,88,58.35,70.0,47,3,33,69,Objections,62,41.58,0.6326,213,26,1,190
BG-42-003867,Industrial Corridor,Tamil Nadu,Madurai,23.73,19,3,3,3,1,94.67,0,40.2,11,72,38.79,34.1,7,3,101,36,Compensation,199,71.63,0.3126,199,70,1,352
BG-42-003868,Power Transmission,Gujarat,Surat,53.1,61,4,0,0,0,100.0,0,38.83,31,85,24.5,25.67,13,1,17,70,Objections,38,39.73,0.7742,197,20,0,0
BG-42-003869,Highway,Gujarat,Rajkot,82.25,150,4,1,5,0,73.2,2,44.4,49,55,25.51,17.42,38,2,37,178,Compensation,46,71.3,0.4536,48,69,1,235
BG-42-003870,Irrigation,Gujarat,Rajkot,129.95,256,5,0,4,2,81.33,4,67.69,60,15,86.52,79.3,202,2,35,192,Award,72,71.12,0.2619,188,39,1,130
BG-42-003871,Railway,Maharashtra,Pune,96.5,218,7,0,3,0,88.78,2,57.0,64,36,86.18,64.45,175,3,64,128,Award,80,69.0,0.2197,138,26,0,0
BG-42-003872,Railway,Gujarat,Vadodara,177.0,324,7,0,3,0,59.81,5,30.02,170,38,17.92,20.42,56,1,64,186,Survey,39,41.06,0.6211,481,42,0,0
BG-42-003873,Irrigation,Maharashtra,Thane,39.06,101,3,0,3,3,85.32,1,0.0,58,115,15.26,9.61,15,0,10,194,Survey,12,7.78,0.323,269,138,1,221
BG-42-003874,Irrigation,Madhya Pradesh,Indore,63.35,104,6,0,5,0,76.95,3,16.1,80,80,0.44,11.78,0,3,27,115,Survey,97,36.3,0.2517,389,65,1,156
BG-42-003875,Metro,Madhya Pradesh,Jabalpur,319.1,761,11,3,5,4,84.11,3,69.62,150,62,98.67,90.78,746,4,83,253,Possession,88,100.0,0.2593,11,74,0,0
BG-42-003876,Railway,Rajasthan,Udaipur,18.27,69,3,0,1,1,100.0,0,61.01,22,23,61.85,59.75,41,1,31,112,Award,36,68.69,0.2414,248,32,0,0
BG-42-003877,Highway,Gujarat,Surat,59.65,84,6,0,3,1,82.48,1,5.84,59,89,46.62,50.52,35,0,0,95,Notification,46,38.18,0.6762,405,83,0,0
BG-42-003878,Railway,Maharashtra,Nagpur,36.34,176,3,2,5,2,100.0,0,78.47,34,30,99.67,100.0,161,3,36,265,Possession,191,98.27,0.29,402,75,0,0
BG-42-003879,Power Transmission,Telangana,Nizamabad,73.24,81,6,1,1,0,76.68,3,0.0,68,57,7.22,0.0,6,3,75,27,Notification,46,0.49,0.7059,454,20,1,230
BG-42-003880,Railway,Tamil Nadu,Chennai,60.49,133,5,0,1,2,78.18,3,65.0,44,11,59.09,53.29,76,0,31,92,Award,65,66.3,0.1623,261,67,0,0
BG-42-003881,Industrial Corridor,Tamil Nadu,Chennai,138.62,262,6,2,8,6,100.0,3,57.78,98,54,77.17,76.45,184,2,50,193,Rehabilitation & Resettlement,59,95.35,0.4216,173,109,1,225
BG-42-003882,Highway,Gujarat,Vadodara,105.05,206,8,1,4,2,96.33,3,75.67,33,72,61.91,57.37,114,1,51,148,Possession,48,100.0,0.3179,171,54,0,0
BG-42-003883,Metro,Madhya Pradesh,Bhopal,30.13,68,4,0,1,1,94.48,3,73.84,10,42,96.57,100.0,61,0,5,55,Rehabilitation & Resettlement,86,100.0,0.4192,101,31,0,0
BG-42-003884,Railway,Uttar Pradesh,Agra,53.49,38,4,2,0,2,69.59,1,31.16,19,82,20.45,19.77,7,2,24,0,Award,62,35.55,0.3707,426,20,0,0
BG-42-003885,Metro,Rajasthan,Kota,85.62,114,6,1,3,3,100.0,2,87.72,10,47,57.2,65.24,61,4,83,119,Possession,133,100.0,0.6941,217,74,1,205
BG-42-003886,Industrial Corridor,Rajasthan,Kota,154.7,254,6,4,3,3,65.87,4,0.0,146,94,0.0,0.0,0,7,119,187,Notification,161,0.0,0.5653,357,62,1,484
BG-42-003887,Irrigation,Tamil Nadu,Coimbatore,599.66,523,11,2,3,3,86.31,1,64.41,148,54,80.67,85.5,396,1,73,170,Possession,75,100.0,0.5457,122,63,0,0
BG-42-003888,Irrigation,Rajasthan,Jodhpur,150.24,341,6,0,7,2,97.13,1,65.29,112,12,77.67,75.44,252,1,0,262,Rehabilitation & Resettlement,60,72.39,0.5767,60,52,0,0
BG-42-003889,Industrial Corridor,Madhya Pradesh,Indore,38.09,71,4,0,0,0,100.0,4,87.4,6,15,83.55,86.1,53,0,18,72,Possession,44,100.0,0.3434,197,23,0,0
BG-42-003890,Highway,Uttar Pradesh,Varanasi,79.43,177,4,1,2,6,86.5,2,12.36,95,68,20.27,20.11,33,1,6,155,Objections,46,27.19,0.6461,178,124,1,270
BG-42-003891,Irrigation,Telangana,Warangal,98.97,194,7,1,2,1,61.37,4,20.21,115,90,32.82,30.29,62,2,56,149,Survey,95,36.52,0.1245,419,98,1,306
BG-42-003892,Irrigation,Telangana,Warangal,56.51,111,4,1,1,1,81.46,2,100.0,0,0,100.0,92.11,106,1,47,122,Compensation,86,83.82,0.0906,14,20,0,0
BG-42-003893,Irrigation,Telangana,Hyderabad,124.74,305,5,3,1,4,60.4,7,62.25,107,32,38.86,43.65,106,5,75,198,Award,112,41.46,0.7511,305,47,0,0
BG-42-003894,Metro,Gujarat,Vadodara,13.91,65,2,1,2,2,83.83,2,61.88,15,67,40.98,30.61,25,4,95,113,Compensation,69,72.04,0.5509,249,62,0,0
BG-42-003895,Highway,Madhya Pradesh,Jabalpur,133.29,258,5,1,7,3,92.07,4,71.25,43,51,83.61,86.73,212,2,8,235,Possession,150,92.27,0.3719,259,82,0,0
BG-42-003896,Power Transmission,Gujarat,Vadodara,58.49,157,6,0,3,0,63.41,4,86.52,19,17,68.05,70.96,99,3,53,106,Compensation,65,87.03,0.5723,445,62,1,124
BG-42-003897,Railway,Madhya Pradesh,Indore,78.43,188,6,0,1,1,85.28,3,80.45,33,30,75.05,90.69,124,0,16,120,Objections,128,70.98,0.2323,248,74,0,0
BG-42-003898,Railway,Gujarat,Ahmedabad,276.6,276,9,0,5,1,76.02,4,54.73,102,47,61.39,66.18,159,0,18,135,Award,133,59.17,0.5477,172,73,0,0
BG-42-003899,Railway,Telangana,Warangal,31.21,99,5,2,1,1,70.51,0,0.0,86,137,1.22,0.0,1,8,137,92,Survey,218,20.86,0.5984,134,39,1,337
BG-42-003900,Industrial Corridor,Madhya Pradesh,Indore,106.5,123,6,1,2,2,98.73,0,0.0,69,95,0.0,0.0,0,4,69,90,Survey,171,1.92,0.5482,231,26,0,0
BG-42-003901,Railway,Madhya Pradesh,Bhopal,161.6,371,9,0,10,0,76.94,8,0.0,341,93,18.93,16.75,68,2,40,217,Survey,97,8.9,0.7788,155,78,1,383
BG-42-003902,Industrial Corridor,Rajasthan,Udaipur,98.13,161,5,0,2,1,90.26,2,81.99,24,10,68.05,62.78,103,1,0,147,Rehabilitation & Resettlement,65,95.82,0.7126,91,39,1,104
BG-42-003903,Industrial Corridor,Gujarat,Surat,23.54,61,2,0,3,2,72.8,3,13.82,48,75,0.0,0.85,0,5,54,128,Compensation,73,11.58,0.3678,137,77,1,247
BG-42-003904,Metro,Madhya Pradesh,Indore,252.22,325,9,0,3,1,95.89,0,69.58,73,4,80.61,68.58,237,0,3,174,Compensation,26,100.0,0.3706,97,24,0,0
BG-42-003905,Highway,Uttar Pradesh,Varanasi,72.31,122,5,0,4,0,80.04,6,52.92,51,47,59.63,43.31,70,3,64,103,Award,84,48.56,0.5157,7,65,1,226
BG-42-003906,Irrigation,Maharashtra,Thane,56.15,112,5,0,4,1,65.44,5,56.84,44,48,76.57,66.98,84,4,66,141,Compensation,42,88.5,0.3417,165,77,1,203
BG-42-003907,Railway,Madhya Pradesh,Indore,66.79,97,6,1,5,4,94.61,3,20.63,47,79,56.02,71.19,54,0,20,102,Rehabilitation & Resettlement,107,72.41,0.6696,34,109,1,246
BG-42-003908,Metro,Gujarat,Vadodara,63.07,151,5,3,1,5,83.0,3,85.38,12,54,64.9,71.59,88,7,67,117,Possession,145,100.0,0.1615,243,98,1,277
BG-42-003909,Metro,Uttar Pradesh,Lucknow,33.04,25,4,0,1,0,89.14,2,75.45,4,49,100.0,93.51,23,3,19,56,Compensation,51,100.0,0.1402,7,21,0,0
BG-42-003910,Railway,Gujarat,Vadodara,97.71,163,7,0,4,0,93.43,2,100.0,0,31,86.15,85.56,134,1,26,79,Rehabilitation & Resettlement,43,83.72,0.3025,236,51,0,0
BG-42-003911,Industrial Corridor,Maharashtra,Pune,53.1,122,5,1,3,2,52.84,5,13.1,60,59,15.64,5.71,18,1,18,138,Award,57,56.58,0.392,298,61,0,0
BG-42-003912,Highway,Uttar Pradesh,Lucknow,146.45,221,7,0,2,1,87.89,3,26.45,152,79,54.27,59.04,107,1,16,169,Award,16,57.77,0.5147,318,30,0,0
BG-42-003913,Irrigation,Tamil Nadu,Madurai,129.55,201,5,2,2,0,83.36,4,76.34,40,45,100.0,89.57,200,2,62,120,Rehabilitation & Resettlement,83,92.6,0.4173,251,35,0,0
BG-42-003914,Highway,Tamil Nadu,Chennai,314.36,488,14,0,7,3,76.19,7,57.58,129,56,44.63,39.5,193,2,34,197,Award,53,35.8,0.3732,234,55,0,0
BG-42-003915,Irrigation,Madhya Pradesh,Bhopal,72.29,91,3,1,3,2,100.0,0,50.15,43,47,71.53,63.43,64,2,12,105,Award,86,76.64,0.3739,138,48,0,0
BG-42-003916,Industrial Corridor,Rajasthan,Jaipur,45.03,102,4,3,3,2,68.49,4,0.0,65,102,0.0,0.0,0,5,80,116,Objections,226,15.02,0.5432,144,64,1,407
BG-42-003917,Highway,Karnataka,Kalaburagi,26.42,25,3,0,0,0,75.99,1,64.81,8,20,64.25,64.55,15,1,26,40,Award,58,71.22,0.6375,130,5,0,0
BG-42-003918,Industrial Corridor,Tamil Nadu,Madurai,495.06,1056,14,0,21,6,59.08,12,28.49,505,87,13.64,11.47,139,1,35,456,Compensation,52,62.83,0.4558,104,182,1,432
BG-42-003919,Railway,Karnataka,Mysuru,145.43,288,6,0,8,2,82.18,5,73.76,55,28,69.9,75.82,182,0,0,227,Compensation,80,73.85,0.3042,382,79,0,0
BG-42-003920,Irrigation,Madhya Pradesh,Gwalior,49.21,82,5,3,3,3,79.41,3,69.44,18,75,36.81,26.83,28,2,70,65,Award,88,82.98,0.3951,172,54,0,0
BG-42-003921,Power Transmission,Tamil Nadu,Coimbatore,331.8,437,9,1,4,0,58.92,6,0.0,321,70,0.0,0.0,0,3,11,233,Survey,69,0.0,0.2695,342,46,0,0
BG-42-003922,Metro,Tamil Nadu,Salem,253.39,420,7,0,11,2,98.22,4,89.74,33,16,69.44,68.81,263,0,6,257,Rehabilitation & Resettlement,26,100.0,0.1758,111,173,1,232
BG-42-003923,Railway,Tamil Nadu,Coimbatore,29.05,106,5,1,3,1,66.46,7,35.05,39,64,66.94,77.91,66,2,10,99,Objections,111,41.27,0.4013,7,79,1,286
BG-42-003924,Irrigation,Karnataka,Bengaluru Urban,46.86,97,4,0,1,0,100.0,2,100.0,0,0,100.0,89.85,86,0,0,99,Possession,34,100.0,0.4541,27,18,1,59
BG-42-003925,Industrial Corridor,Telangana,Hyderabad,77.03,257,6,0,7,2,76.27,3,8.43,182,91,8.01,10.64,19,2,45,217,Survey,41,23.49,0.6736,315,69,0,0
BG-42-003926,Metro,Rajasthan,Jodhpur,36.38,54,5,0,1,1,74.62,3,50.24,20,65,86.2,80.54,45,1,12,85,Compensation,116,98.43,0.2101,257,12,0,0
BG-42-003927,Railway,Uttar Pradesh,Lucknow,79.26,198,8,1,5,1,75.48,2,41.39,73,44,24.87,16.55,44,3,35,103,Compensation,94,64.39,0.5686,118,63,0,0
BG-42-003928,Railway,Uttar Pradesh,Lucknow,151.35,128,5,0,4,1,89.23,3,87.78,10,15,96.96,88.63,121,2,17,121,Rehabilitation & Resettlement,54,100.0,0.1884,7,33,0,0
BG-42-003929,Industrial Corridor,Gujarat,Surat,28.54,62,4,0,1,0,75.32,0,0.0,58,71,0.0,2.0,0,2,56,57,Survey,56,15.46,0.6185,174,77,1,247
BG-42-003930,Industrial Corridor,Maharashtra,Thane,108.25,51,6,0,2,0,88.75,3,83.14,5,42,100.0,100.0,45,1,35,50,Possession,30,100.0,0.5994,191,25,1,125
BG-42-003931,Power Transmission,Madhya Pradesh,Bhopal,218.07,256,8,0,4,1,80.22,5,78.65,47,0,62.93,70.46,157,1,19,159,Compensation,35,79.35,0.7964,232,70,0,0
BG-42-003932,Industrial Corridor,Rajasthan,Jaipur,117.94,301,9,3,4,0,85.27,2,27.84,204,42,28.09,32.98,75,3,35,208,Compensation,116,66.85,0.3019,299,68,0,0
BG-42-003933,Industrial Corridor,Karnataka,Kalaburagi,80.6,129,5,1,2,1,97.0,1,55.48,45,60,53.15,52.26,68,2,6,125,Award,79,64.07,0.7893,199,29,0,0
BG-42-003934,Metro,Rajasthan,Jaipur,50.18,15,2,1,2,2,66.98,2,0.0,12,99,2.81,0.0,0,3,40,72,Notification,80,0.0,0.4646,91,30,1,212
BG-42-003935,Power Transmission,Telangana,Karimnagar,166.45,400,7,2,5,3,66.31,4,18.04,254,92,24.91,30.37,89,4,64,258,Award,110,17.28,0.1765,176,76,1,393
BG-42-003936,Railway,Karnataka,Belagavi,33.4,7,4,0,1,0,100.0,0,67.35,2,36,68.66,77.35,4,0,57,51,Objections,121,72.82,0.217,289,41,1,166
BG-42-003937,Power Transmission,Rajasthan,Udaipur,103.98,152,6,1,2,0,100.0,0,100.0,0,28,95.79,90.39,137,0,1,77,Objections,61,87.98,0.1628,14,87,0,0
BG-42-003938,Railway,Rajasthan,Kota,87.39,71,5,1,3,2,85.67,5,71.92,14,33,58.91,53.36,41,0,9,90,Compensation,82,73.65,0.2569,120,92,0,0
BG-42-003939,Industrial Corridor,Telangana,Nizamabad,210.71,259,6,3,3,0,68.0,4,47.67,75,55,50.38,51.77,129,7,108,143,Award,142,46.94,0.3433,239,96,1,338
BG-42-003940,Irrigation,Rajasthan,Jaipur,53.72,131,7,1,1,2,98.09,2,14.77,66,113,14.09,3.98,17,2,23,116,Survey,92,15.16,0.1136,287,24,0,0
BG-42-003941,Power Transmission,Gujarat,Vadodara,57.5,84,5,3,4,2,63.53,4,8.47,66,101,0.0,0.0,0,2,86,103,Notification,185,2.3,0.583,331,77,1,381
BG-42-003942,Railway,Telangana,Nizamabad,31.71,83,4,0,2,0,79.52,1,28.62,51,55,0.56,0.0,0,4,50,96,Survey,76,25.62,0.5385,146,37,1,191
BG-42-003943,Industrial Corridor,Madhya Pradesh,Gwalior,121.49,123,9,1,3,3,81.2,3,7.43,73,82,2.99,9.23,3,3,17,86,Survey,69,11.54,0.4006,305,37,1,200
BG-42-003944,Highway,Tamil Nadu,Chennai,61.0,60,4,1,1,1,77.3,4,31.56,34,45,57.42,56.4,33,5,85,29,Compensation,106,53.12,0.6133,238,21,1,247
BG-42-003945,Highway,Gujarat,Ahmedabad,42.96,89,5,2,1,3,61.27,2,2.18,76,119,5.63,4.67,5,4,79,27,Survey,71,2.99,0.913,247,51,0,0
BG-42-003946,Power Transmission,Karnataka,Bengaluru Urban,46.37,94,3,1,6,2,95.39,3,80.07,13,8,83.92,86.14,78,2,55,155,Possession,109,100.0,0.1683,77,51,0,0
BG-42-003947,Power Transmission,Telangana,Karimnagar,131.59,191,7,0,3,2,88.99,1,45.27,93,49,37.82,31.99,65,0,1,108,Survey,28,41.94,0.2983,340,45,0,0
BG-42-003948,Highway,Madhya Pradesh,Bhopal,35.43,51,3,0,1,1,62.17,0,6.93,30,87,20.86,26.55,10,3,20,64,Survey,106,0.0,0.2413,509,22,0,0
BG-42-003949,Irrigation,Tamil Nadu,Salem,38.04,3,5,0,1,1,83.42,1,92.12,0,0,74.44,81.92,2,8,105,6,Possession,151,100.0,0.7531,280,52,0,0
BG-42-003950,Metro,Rajasthan,Jodhpur,175.4,380,10,0,4,0,100.0,2,52.81,112,37,49.25,53.23,173,0,9,173,Objections,108,87.52,0.1431,291,71,0,0
BG-42-003951,Irrigation,Telangana,Warangal,74.97,175,5,0,5,0,100.0,2,1.58,100,85,22.8,26.89,35,1,9,174,Award,94,9.23,0.4856,32,57,1,276
BG-42-003952,Power Transmission,Maharashtra,Thane,183.89,240,5,2,4,2,68.65,4,76.33,32,21,71.86,95.38,163,5,69,209,Possession,224,82.83,0.5403,236,65,0,0
BG-42-003953,Irrigation,Gujarat,Vadodara,64.23,62,5,3,1,4,91.93,1,90.99,4,20,93.87,100.0,56,3,74,49,Possession,188,100.0,0.4149,47,80,1,257
BG-42-003954,Power Transmission,Telangana,Nizamabad,85.55,172,6,1,4,0,65.63,3,18.09,106,87,36.88,29.93,59,6,73,150,Rehabilitation & Resettlement,98,74.88,0.3573,193,106,1,244
BG-42-003955,Irrigation,Telangana,Karimnagar,97.03,92,7,1,1,2,58.13,4,0.0,79,111,0.0,0.0,0,0,39,38,Notification,66,7.4,0.4844,218,61,1,250
BG-42-003956,Industrial Corridor,Karnataka,Kalaburagi,259.78,478,10,2,7,3,90.96,3,33.39,193,74,58.0,42.46,246,4,85,260,Compensation,115,67.89,0.3951,149,98,0,0
BG-42-003957,Highway,Telangana,Nizamabad,243.4,475,10,0,6,0,96.12,4,100.0,0,0,80.91,84.69,371,0,29,219,Possession,59,100.0,0.6723,95,101,0,0
BG-42-003958,Railway,Telangana,Warangal,215.42,253,8,0,4,1,100.0,0,92.71,11,0,100.0,93.61,230,1,3,132,Possession,91,100.0,0.3576,190,30,0,0
BG-42-003959,Power Transmission,Maharashtra,Thane,51.78,141,4,0,4,0,100.0,2,0.0,95,73,0.25,12.44,0,0,8,162,Survey,48,20.06,0.5534,391,26,0,0
BG-42-003960,Highway,Gujarat,Vadodara,38.88,79,3,1,1,3,91.18,2,37.58,39,38,55.37,58.89,43,1,17,82,Award,66,22.96,0.4752,209,32,0,0
BG-42-003961,Irrigation,Gujarat,Rajkot,157.38,239,6,1,4,3,84.67,5,4.6,156,60,29.73,23.92,67,4,51,152,Objections,80,26.6,0.5637,249,96,1,293
BG-42-003962,Highway,Madhya Pradesh,Gwalior,257.6,532,9,1,7,0,69.29,5,4.43,352,90,0.0,0.0,0,3,81,268,Survey,67,27.77,0.3189,364,117,1,392
BG-42-003963,Irrigation,Maharashtra,Nagpur,217.08,410,6,1,5,4,88.67,5,100.0,0,0,94.22,100.0,347,2,58,258,Compensation,90,100.0,0.5771,208,61,0,0
BG-42-003964,Metro,Madhya Pradesh,Indore,86.53,99,4,3,5,2,53.63,6,9.59,65,105,0.0,4.41,0,4,81,162,Objections,92,32.35,0.261,116,114,1,356
BG-42-003965,Power Transmission,Rajasthan,Udaipur,153.28,214,8,1,4,1,67.47,7,0.0,162,110,0.0,0.0,0,2,67,112,Objections,72,3.4,0.5641,256,135,0,0
BG-42-003966,Irrigation,Tamil Nadu,Salem,155.45,299,6,0,1,0,95.91,0,26.05,185,25,45.42,54.68,130,1,40,192,Survey,59,27.69,0.6427,373,23,1,200
BG-42-003967,Railway,Uttar Pradesh,Lucknow,96.46,140,6,0,7,4,84.57,5,42.3,53,85,42.95,23.18,55,0,0,129,Award,28,87.42,0.6429,207,71,1,249
BG-42-003968,Industrial Corridor,Telangana,Nizamabad,99.87,226,5,0,4,0,90.01,2,0.0,214,95,12.9,0.0,26,0,0,207,Survey,21,20.56,0.3759,70,74,0,0
BG-42-003969,Highway,Madhya Pradesh,Jabalpur,92.62,97,6,2,8,3,80.07,5,46.1,30,68,57.42,54.96,55,0,0,145,Award,57,65.42,0.5213,291,105,0,0
BG-42-003970,Power Transmission,Tamil Nadu,Madurai,45.58,90,4,1,3,2,77.81,4,35.17,32,72,1.9,0.0,2,3,30,63,Survey,68,27.64,0.0794,356,66,0,0
BG-42-003971,Power Transmission,Madhya Pradesh,Gwalior,49.46,54,2,1,3,1,95.33,4,68.28,11,33,77.37,77.63,39,1,54,138,Possession,51,98.65,0.7094,171,93,1,189
BG-42-003972,Railway,Gujarat,Surat,48.85,95,6,0,7,1,78.19,5,0.0,80,61,32.75,21.62,30,1,17,129,Survey,46,0.0,0.3093,321,97,0,0
BG-42-003973,Highway,Karnataka,Kalaburagi,23.82,10,3,0,2,2,96.01,0,52.32,4,41,53.07,45.21,5,1,33,42,Compensation,61,82.05,0.3662,211,21,0,0
BG-42-003974,Metro,Rajasthan,Kota,95.99,158,5,1,3,0,100.0,1,0.2,99,38,0.0,0.0,0,0,23,136,Survey,72,8.17,0.3748,261,56,0,0
BG-42-003975,Highway,Telangana,Hyderabad,82.89,152,5,1,3,0,77.74,8,0.0,114,121,0.0,0.0,0,3,48,127,Notification,101,0.0,0.486,140,69,1,341
BG-42-003976,Power Transmission,Maharashtra,Nagpur,157.52,353,8,1,11,1,63.94,6,11.1,213,68,6.06,3.3,20,4,53,207,Survey,87,22.06,0.7206,259,82,1,388
BG-42-003977,Highway,Maharashtra,Pune,234.76,484,8,0,13,2,69.14,8,15.0,290,77,0.0,0.0,0,2,40,319,Notification,58,0.0,0.8091,142,109,1,376
BG-42-003978,Irrigation,Maharashtra,Thane,247.01,355,9,0,5,0,83.33,5,0.0,272,60,19.8,13.97,65,1,55,178,Survey,96,16.87,0.4628,475,58,0,0
BG-42-003979,Irrigation,Rajasthan,Udaipur,266.34,512,8,0,6,1,91.9,5,65.66,143,54,73.75,68.2,363,0,13,265,Award,130,87.37,0.1551,210,88,0,0
BG-42-003980,Irrigation,Maharashtra,Thane,46.73,167,4,3,11,2,50.2,8,52.83,56,58,72.39,70.24,120,5,59,221,Compensation,217,63.9,0.4197,65,103,1,383
BG-42-003981,Industrial Corridor,Madhya Pradesh,Jabalpur,27.23,82,4,0,3,0,75.97,5,15.28,60,93,13.92,0.0,11,2,0,124,Notification,46,0.0,0.2813,274,44,1,152
BG-42-003982,Highway,Karnataka,Mysuru,180.3,198,9,1,4,4,71.47,6,44.34,64,75,39.86,41.1,77,6,90,119,Award,139,73.9,0.613,146,95,1,328
BG-42-003983,Power Transmission,Maharashtra,Nashik,258.71,421,9,0,5,2,90.07,4,41.28,207,21,66.64,59.47,277,1,13,194,Compensation,26,73.82,0.5419,26,64,0,0
BG-42-003984,Industrial Corridor,Tamil Nadu,Salem,297.32,395,8,0,3,2,73.25,2,66.39,104,28,40.44,40.83,147,1,0,161,Objections,35,78.07,0.2441,304,54,0,0
BG-42-003985,Irrigation,Telangana,Hyderabad,126.22,229,7,1,10,1,84.1,5,67.5,62,28,50.8,47.5,103,2,59,185,Award,82,55.65,0.6826,68,84,0,0
BG-42-003986,Railway,Madhya Pradesh,Gwalior,17.33,43,3,0,0,2,67.07,1,11.88,34,58,5.28,5.79,2,1,10,45,Notification,22,9.61,0.2595,134,5,1,101
BG-42-003987,Highway,Tamil Nadu,Coimbatore,114.72,158,4,2,3,0,69.3,3,0.0,128,110,4.97,4.58,7,0,32,186,Survey,40,0.0,0.1396,291,51,0,0
BG-42-003988,Irrigation,Rajasthan,Kota,133.53,183,4,0,3,0,100.0,3,53.86,57,41,67.29,79.25,111,2,49,183,Award,55,81.49,0.5165,197,68,1,251
BG-42-003989,Power Transmission,Telangana,Nizamabad,233.14,420,8,2,5,1,81.78,4,100.0,0,19,100.0,86.12,410,1,8,215,Possession,81,100.0,0.4166,141,54,0,0
BG-42-003990,Highway,Telangana,Hyderabad,268.73,151,9,0,3,2,100.0,2,74.27,26,22,62.54,74.3,93,0,5,100,Possession,81,82.51,0.6172,199,33,0,0
BG-42-003991,Industrial Corridor,Karnataka,Bengaluru Urban,177.28,216,7,0,4,0,85.46,3,100.0,0,8,75.85,83.62,164,2,17,156,Possession,80,100.0,0.2129,145,44,0,0
BG-42-003992,Highway,Telangana,Hyderabad,53.53,71,6,1,1,0,80.05,4,32.61,42,56,30.02,25.23,20,2,51,54,Award,103,36.99,0.2724,125,60,1,237
BG-42-003993,Industrial Corridor,Telangana,Karimnagar,37.59,55,3,0,2,1,61.24,1,18.03,28,91,3.21,7.37,2,1,43,99,Notification,91,0.0,0.476,442,20,0,0
BG-42-003994,Railway,Gujarat,Ahmedabad,131.26,168,5,0,4,2,72.16,0,32.15,69,65,49.23,64.75,78,1,24,165,Objections,30,53.41,0.3442,190,44,0,0
BG-42-003995,Railway,Rajasthan,Kota,45.43,36,4,0,5,3,32.82,7,26.51,16,37,22.71,9.46,8,0,13,96,Objections,70,7.93,0.8609,270,52,1,274
BG-42-003996,Highway,Uttar Pradesh,Lucknow,278.69,578,8,2,6,3,87.25,4,11.65,374,90,0.0,0.0,0,2,41,297,Notification,103,0.0,0.2976,270,81,1,329
BG-42-003997,Railway,Madhya Pradesh,Gwalior,21.9,24,4,1,2,1,70.03,3,0.0,22,87,0.0,0.0,0,4,73,26,Survey,100,0.0,0.6598,327,81,1,269
BG-42-003998,Metro,Telangana,Karimnagar,134.76,227,6,0,4,2,99.05,1,8.55,120,87,55.18,56.14,120,0,0,159,Award,58,37.51,0.2261,182,37,0,0
BG-42-003999,Highway,Rajasthan,Jodhpur,110.57,174,4,0,1,0,95.88,0,28.79,117,61,8.81,14.66,14,2,0,172,Objections,35,30.23,0.3454,88,22,1,211
BG-42-004000,Metro,Gujarat,Ahmedabad,72.57,149,2,1,5,0,78.18,4,28.81,96,71,18.33,8.42,26,2,52,324,Survey,62,7.54,0.1069,438,53,0,0
BG-42-004001,Industrial Corridor,Uttar Pradesh,Kanpur Nagar,40.85,32,5,1,3,2,93.74,1,72.78,7,42,61.27,54.83,19,2,48,71,Rehabilitation & Resettlement,39,94.62,0.4745,127,45,1,179
BG-42-004002,Industrial Corridor,Gujarat,Vadodara,16.45,3,2,2,4,1,68.69,4,26.52,2,96,60.79,58.51,2,3,74,45,Objections,79,39.54,0.6327,195,88,1,323
BG-42-004003,Industrial Corridor,Maharashtra,Nagpur,55.97,115,2,1,6,1,90.79,4,69.74,21,35,64.43,69.92,68,1,37,267,Rehabilitation & Resettlement,78,81.4,0.3769,48,47,1,239
BG-42-004004,Highway,Madhya Pradesh,Jabalpur,56.76,145,6,0,0,1,94.34,2,23.3,93,70,17.79,24.49,25,1,0,72,Objections,99,42.01,0.2207,129,2,0,0
BG-42-004005,Highway,Rajasthan,Kota,208.39,480,10,0,6,2,63.28,7,66.33,143,63,71.76,73.99,324,5,48,241,Compensation,122,65.93,0.6365,139,69,1,258
BG-42-004006,Power Transmission,Rajasthan,Kota,45.77,89,4,0,1,0,92.97,1,4.86,47,92,9.17,9.76,8,0,26,121,Survey,148,7.21,0.3667,401,51,0,0
BG-42-004007,Irrigation,Karnataka,Bengaluru Urban,123.0,174,7,1,5,2,71.2,5,13.12,122,11,13.12,11.53,21,1,7,152,Award,78,27.19,0.2669,321,64,1,266
BG-42-004008,Irrigation,Rajasthan,Jaipur,30.45,29,4,1,1,0,66.32,1,0.0,17,70,0.12,5.79,0,4,59,17,Survey,141,0.0,0.6238,241,61,1,266
BG-42-004009,Irrigation,Maharashtra,Thane,125.74,106,4,3,8,3,73.05,4,7.82,59,93,14.71,17.28,14,0,11,145,Survey,114,0.0,0.4665,192,120,1,344
BG-42-004010,Industrial Corridor,Madhya Pradesh,Jabalpur,14.29,55,4,0,3,1,100.0,4,76.85,8,36,70.23,74.56,36,0,32,97,Compensation,138,93.38,0.4944,434,27,0,0
BG-42-004011,Irrigation,Gujarat,Rajkot,457.71,1011,12,4,15,7,62.77,11,3.07,591,126,0.0,0.02,0,2,35,429,Objections,136,11.58,0.2586,289,142,1,524
BG-42-004012,Metro,Uttar Pradesh,Varanasi,76.49,56,8,0,2,0,100.0,0,24.23,37,35,37.45,25.56,20,0,18,31,Survey,24,26.32,0.0787,476,45,0,0
BG-42-004013,Power Transmission,Telangana,Warangal,9.16,60,2,4,3,2,81.42,2,88.4,4,21,90.6,79.66,49,5,79,118,Possession,200,100.0,0.8269,224,59,1,227
BG-42-004014,Irrigation,Telangana,Nizamabad,48.22,62,3,2,5,0,62.18,8,0.0,35,100,0.0,2.2,0,1,45,129,Notification,67,0.0,0.5099,289,57,0,0
BG-42-004015,Power Transmission,Maharashtra,Nagpur,42.5,125,6,3,4,2,70.37,3,34.84,68,66,43.41,37.88,51,1,51,91,Compensation,63,71.91,0.7212,248,70,0,0
BG-42-004016,Railway,Maharashtra,Pune,50.67,57,5,1,0,2,91.47,0,78.53,8,27,89.88,91.94,47,2,45,51,Compensation,52,100.0,0.1874,94,42,0,0
BG-42-004017,Railway,Tamil Nadu,Coimbatore,63.96,97,6,1,0,0,60.52,2,22.84,69,67,33.79,28.48,29,2,65,86,Objections,151,16.14,0.5048,459,16,0,0
BG-42-004018,Railway,Maharashtra,Nagpur,50.4,119,4,0,2,1,77.36,2,72.44,22,34,42.99,34.99,50,2,68,125,Award,48,65.56,0.2122,208,42,1,124
BG-42-004019,Railway,Rajasthan,Jaipur,44.56,99,5,2,4,2,56.51,7,0.0,90,125,0.0,3.89,0,1,0,143,Notification,64,0.0,0.1701,134,50,0,0
BG-42-004020,Power Transmission,Rajasthan,Jaipur,33.89,120,3,1,5,2,97.27,4,33.58,56,58,58.18,45.81,66,1,24,194,Rehabilitation & Resettlement,109,75.47,0.4126,252,66,1,217
BG-42-004021,Industrial Corridor,Rajasthan,Jaipur,165.25,357,7,0,6,4,90.94,3,21.7,157,61,25.38,28.19,86,0,0,229,Survey,28,21.14,0.2326,253,52,0,0
BG-42-004022,Highway,Maharashtra,Nagpur,223.83,534,8,0,11,0,84.15,6,5.26,478,86,22.71,17.91,118,0,25,342,Survey,86,37.04,0.2468,332,82,0,0
BG-42-004023,Industrial Corridor,Madhya Pradesh,Bhopal,69.85,183,8,2,9,0,55.34,8,0.0,168,97,0.0,0.0,0,5,101,183,Objections,107,0.0,0.2625,249,77,1,398
BG-42-004024,Railway,Madhya Pradesh,Indore,84.43,141,6,1,3,0,88.18,3,93.01,7,60,100.0,94.92,128,0,0,94,Possession,27,100.0,0.3681,16,72,0,0
BG-42-004025,Industrial Corridor,Rajasthan,Jaipur,34.78,83,2,1,2,1,82.66,2,77.71,11,22,41.75,40.99,33,2,38,157,Rehabilitation & Resettlement,91,93.67,0.2472,101,77,0,0
BG-42-004026,Railway,Maharashtra,Nashik,90.63,190,6,1,3,1,93.09,2,75.44,36,41,57.57,69.77,98,0,2,117,Possession,247,93.51,0.4848,142,90,0,0
BG-42-004027,Metro,Uttar Pradesh,Lucknow,102.92,162,6,0,5,2,70.71,7,55.11,63,30,74.74,76.75,113,2,42,107,Compensation,81,62.28,0.1358,159,35,0,0
BG-42-004028,Industrial Corridor,Gujarat,Rajkot,71.84,116,5,0,5,4,83.82,3,60.13,32,30,57.87,64.78,64,1,41,124,Compensation,31,61.55,0.2585,246,107,0,0
BG-42-004029,Power Transmission,Gujarat,Surat,117.55,187,5,0,2,1,89.87,2,48.36,72,29,68.81,72.67,117,2,13,155,Award,75,68.14,0.2066,169,31,0,0
BG-42-004030,Power Transmission,Karnataka,Bengaluru Urban,109.61,162,7,0,2,1,100.0,2,100.0,0,10,100.0,99.71,161,0,8,94,Possession,41,100.0,0.0113,146,48,0,0
BG-42-004031,Railway,Telangana,Nizamabad,36.84,64,3,1,0,0,99.32,0,43.37,27,32,77.07,71.91,46,3,33,81,Award,69,66.86,0.5383,192,20,0,0
BG-42-004032,Industrial Corridor,Madhya Pradesh,Gwalior,222.39,171,9,2,9,1,68.39,5,9.11,139,88,28.99,23.81,46,5,53,142,Objections,101,28.11,0.5567,281,129,0,0
BG-42-004033,Highway,Rajasthan,Udaipur,72.52,165,4,0,3,0,100.0,2,59.8,38,58,77.48,74.06,121,0,29,151,Compensation,41,64.69,0.0946,387,23,0,0
BG-42-004034,Metro,Uttar Pradesh,Agra,327.16,709,9,0,10,1,96.2,6,43.7,225,62,30.17,36.67,201,1,40,362,Compensation,39,49.64,0.7027,229,92,0,0
BG-42-004035,Industrial Corridor,Rajasthan,Jodhpur,119.86,124,7,3,2,1,56.06,4,0.0,102,98,0.0,16.69,0,4,59,61,Survey,145,5.51,0.7325,175,70,1,349
BG-42-004036,Industrial Corridor,Maharashtra,Nashik,414.36,443,11,1,10,2,93.34,4,37.83,229,95,71.69,67.15,284,5,95,226,Award,63,67.62,0.5804,160,95,1,326
BG-42-004037,Irrigation,Rajasthan,Jodhpur,219.25,394,8,0,6,0,54.35,6,8.56,244,65,9.29,9.13,35,0,0,203,Objections,30,22.74,0.2258,250,60,0,0
BG-42-004038,Railway,Maharashtra,Nashik,102.69,95,6,3,7,1,46.29,8,13.25,62,118,26.98,25.75,25,9,152,108,Rehabilitation & Resettlement,191,45.11,0.7897,28,79,1,413
BG-42-004039,Power Transmission,Maharashtra,Thane,48.02,67,5,0,3,0,86.01,1,60.44,18,24,48.3,43.16,31,0,0,61,Award,24,74.19,0.372,319,48,0,0
BG-42-004040,Railway,Rajasthan,Jaipur,48.85,120,4,0,7,1,74.55,7,97.38,2,16,99.35,81.66,106,1,20,198,Rehabilitation & Resettlement,29,88.32,0.214,162,64,0,0
BG-42-004041,Industrial Corridor,Rajasthan,Udaipur,131.16,194,5,1,7,1,85.26,7,40.21,107,44,14.45,23.88,28,1,25,198,Award,92,60.17,0.3447,210,118,0,0
BG-42-004042,Power Transmission,Madhya Pradesh,Gwalior,96.01,143,6,1,2,2,92.84,0,80.64,18,31,64.8,67.25,92,4,19,87,Rehabilitation & Resettlement,76,100.0,0.316,181,75,1,104
BG-42-004043,Industrial Corridor,Rajasthan,Udaipur,53.45,103,7,0,3,1,85.5,3,11.3,73,99,0.0,2.83,0,3,38,70,Survey,81,27.23,0.4345,326,43,0,0
BG-42-004044,Power Transmission,Madhya Pradesh,Jabalpur,166.74,192,8,0,0,0,100.0,1,96.56,4,0,75.62,69.63,131,0,6,100,Possession,9,94.38,0.2293,126,14,0,0
BG-42-004045,Power Transmission,Telangana,Karimnagar,88.32,185,6,2,5,3,74.91,5,16.11,87,109,34.08,37.46,60,1,13,155,Award,130,53.72,0.5428,118,51,1,339
BG-42-004046,Railway,Tamil Nadu,Chennai,167.54,162,6,1,2,1,76.07,0,23.61,110,69,38.2,27.17,59,2,30,125,Objections,135,40.73,0.3598,253,52,1,225
BG-42-004047,Irrigation,Madhya Pradesh,Gwalior,39.24,114,5,1,3,2,93.55,1,43.42,42,43,23.71,24.3,24,1,46,117,Objections,177,36.46,0.1738,111,116,1,288
BG-42-004048,Irrigation,Uttar Pradesh,Varanasi,190.49,409,8,2,9,2,78.81,5,27.65,270,100,26.06,16.02,99,4,68,274,Objections,146,38.41,0.4778,150,96,1,354
BG-42-004049,Metro,Rajasthan,Udaipur,127.84,95,7,5,6,3,70.58,5,25.38,48,77,51.49,41.78,45,4,82,73,Objections,145,44.34,0.1621,7,103,1,352
BG-42-004050,Highway,Maharashtra,Pune,223.2,424,9,1,12,6,65.39,6,100.0,0,0,85.88,83.55,357,5,51,268,Rehabilitation & Resettlement,84,100.0,0.5568,7,108,1,277
BG-42-004051,Railway,Karnataka,Kalaburagi,187.16,260,9,4,5,0,87.94,6,72.01,66,16,100.0,95.56,238,3,58,115,Possession,168,100.0,0.6725,44,87,0,0
BG-42-004052,Power Transmission,Rajasthan,Kota,80.0,74,4,0,0,1,100.0,1,84.88,8,28,83.6,94.61,57,0,6,103,Compensation,68,97.36,0.2732,187,17,0,0
BG-42-004053,Irrigation,Tamil Nadu,Chennai,75.02,117,4,1,3,1,95.13,0,13.23,82,63,45.25,29.69,52,2,33,124,Compensation,62,41.79,0.2866,329,74,0,0
BG-42-004054,Power Transmission,Rajasthan,Kota,356.53,318,10,1,5,1,99.75,1,70.44,82,28,65.62,67.93,192,1,9,180,Award,48,84.41,0.1943,24,80,0,0
BG-42-004055,Railway,Maharashtra,Pune,67.87,66,4,0,0,0,100.0,2,100.0,0,0,100.0,100.0,60,0,0,73,Rehabilitation & Resettlement,34,100.0,0.1403,195,54,0,0
BG-42-004056,Highway,Tamil Nadu,Chennai,155.83,98,6,1,3,4,75.41,3,68.67,20,58,54.56,47.22,50,5,58,73,Rehabilitation & Resettlement,88,91.43,0.6222,7,54,1,231
BG-42-004057,Metro,Gujarat,Vadodara,63.11,81,6,2,4,1,64.26,6,0.0,71,106,0.0,0.0,0,6,120,113,Objections,132,0.0,0.7621,62,95,1,454
BG-42-004058,Railway,Rajasthan,Udaipur,19.31,30,2,0,0,2,100.0,1,97.23,1,18,100.0,100.0,27,0,32,51,Possession,17,100.0,0.4089,275,23,0,0
BG-42-004059,Highway,Madhya Pradesh,Bhopal,32.08,113,4,0,3,1,74.44,1,20.39,74,78,47.25,37.94,52,0,8,148,Award,90,82.38,0.711,266,52,0,0
BG-42-004060,Highway,Madhya Pradesh,Indore,118.48,194,4,1,5,3,75.62,3,74.75,32,24,80.29,78.5,145,1,35,196,Rehabilitation & Resettlement,48,93.95,0.3001,300,45,0,0
BG-42-004061,Highway,Telangana,Warangal,150.04,435,7,0,5,1,91.18,1,100.0,0,0,88.91,85.91,344,2,59,264,Possession,39,100.0,0.423,236,79,0,0
BG-42-004062,Highway,Maharashtra,Nagpur,118.79,227,8,0,4,0,100.0,2,93.42,11,0,98.19,99.26,219,2,49,132,Compensation,147,100.0,0.4943,7,45,0,0
BG-42-004063,Power Transmission,Rajasthan,Jaipur,214.17,266,9,3,8,3,68.92,9,0.0,219,107,0.0,0.0,0,4,62,179,Survey,149,0.0,0.79,310,77,1,388
BG-42-004064,Railway,Karnataka,Belagavi,117.1,286,7,0,4,4,65.15,5,91.55,18,4,67.89,65.14,172,2,38,160,Compensation,38,89.84,0.2564,238,70,1,166
BG-42-004065,Metro,Tamil Nadu,Coimbatore,46.05,3,4,0,0,3,94.86,0,2.68,2,98,36.71,34.43,1,1,15,0,Survey,45,35.56,0.4544,177,67,0,0
BG-42-004066,Industrial Corridor,Karnataka,Kalaburagi,137.75,117,8,1,2,0,87.74,3,61.53,33,37,81.57,76.08,85,1,43,45,Rehabilitation & Resettlement,63,94.24,0.4514,157,30,0,0
BG-42-004067,Irrigation,Uttar Pradesh,Kanpur Nagar,98.07,293,6,3,7,3,88.33,4,0.0,253,110,22.7,27.1,65,2,11,256,Objections,162,28.23,0.3128,330,100,1,473
BG-42-004068,Power Transmission,Maharashtra,Nashik,54.03,103,4,0,3,2,70.19,3,97.35,2,37,72.92,72.58,74,2,0,95,Compensation,66,77.5,0.241,335,99,0,0
BG-42-004069,Industrial Corridor,Rajasthan,Jaipur,124.96,295,7,2,10,2,98.98,5,50.71,133,92,71.45,70.53,207,3,65,225,Possession,85,97.51,0.5591,162,143,1,298
BG-42-004070,Power Transmission,Karnataka,Kalaburagi,91.24,84,7,0,4,0,74.09,5,2.76,57,80,0.0,10.34,0,3,48,73,Survey,92,0.0,0.9028,216,44,1,317
BG-42-004071,Industrial Corridor,Rajasthan,Udaipur,52.77,165,3,0,8,1,80.55,4,37.63,66,67,11.57,16.17,18,0,17,277,Award,147,57.09,0.449,174,102,0,0
BG-42-004072,Industrial Corridor,Gujarat,Surat,74.27,89,4,0,1,1,100.0,0,88.91,6,0,92.12,85.98,76,0,0,118,Compensation,78,100.0,0.3835,199,74,0,0
BG-42-004073,Metro,Karnataka,Mysuru,265.3,308,8,0,6,1,75.07,6,12.84,253,56,16.91,32.44,51,2,5,215,Award,172,34.19,0.3944,25,69,1,308
BG-42-004074,Industrial Corridor,Maharashtra,Thane,258.45,658,7,2,10,0,65.58,4,0.0,528,97,6.53,1.47,38,4,61,377,Survey,200,0.0,0.5431,276,109,1,470
BG-42-004075,Metro,Telangana,Warangal,99.54,111,4,1,3,1,95.06,0,16.53,68,91,0.0,18.88,0,1,0,95,Notification,63,24.96,0.4122,186,55,0,0
BG-42-004076,Railway,Gujarat,Ahmedabad,89.64,176,5,0,2,0,94.71,1,36.78,93,45,43.94,14.51,71,3,23,119,Award,42,33.32,0.8035,252,57,1,188
BG-42-004077,Railway,Tamil Nadu,Chennai,27.21,51,5,5,3,5,82.01,4,48.53,16,56,48.81,42.89,22,2,82,80,Compensation,116,69.13,0.4345,42,70,1,378
BG-42-004078,Railway,Madhya Pradesh,Jabalpur,338.83,719,11,0,11,3,97.83,5,54.17,260,27,68.95,66.13,477,1,13,329,Compensation,53,88.34,0.2996,124,91,0,0
BG-42-004079,Railway,Karnataka,Bengaluru Urban,196.19,117,8,0,2,2,99.59,0,7.89,88,93,0.0,0.0,0,2,22,96,Survey,98,2.29,0.3734,183,24,0,0
BG-42-004080,Industrial Corridor,Madhya Pradesh,Bhopal,156.27,145,7,0,6,2,84.2,5,28.28,67,64,11.2,6.95,14,7,73,104,Award,140,44.94,0.5899,7,65,1,317
BG-42-004081,Metro,Maharashtra,Pune,13.88,78,6,2,2,5,81.46,1,21.08,42,84,13.38,15.53,10,4,60,50,Objections,152,48.58,0.501,163,87,1,273
BG-42-004082,Highway,Gujarat,Rajkot,88.48,103,5,1,3,0,89.13,3,18.71,47,80,42.65,36.52,44,4,66,107,Objections,120,48.46,0.2914,251,43,0,0
BG-42-004083,Railway,Maharashtra,Thane,77.35,169,6,2,3,4,80.19,2,54.44,69,61,62.24,60.98,94,2,54,110,Rehabilitation & Resettlement,68,100.0,0.2152,163,82,1,229
BG-42-004084,Railway,Karnataka,Kalaburagi,147.86,163,6,1,3,0,77.08,1,42.69,66,56,0.0,0.58,0,4,40,142,Objections,113,19.07,0.7509,158,66,0,0
BG-42-004085,Industrial Corridor,Uttar Pradesh,Kanpur Nagar,59.69,75,3,4,5,9,88.87,4,23.91,40,92,34.48,58.3,25,2,62,102,Compensation,178,47.98,0.4885,38,82,1,340
BG-42-004086,Railway,Maharashtra,Nashik,71.14,183,7,0,3,3,86.31,5,95.89,5,14,94.95,100.0,173,1,53,160,Possession,89,100.0,0.3443,132,35,0,0
BG-42-004087,Highway,Uttar Pradesh,Kanpur Nagar,140.55,231,6,1,4,1,89.15,2,36.77,139,27,74.64,77.67,158,0,0,165,Compensation,44,75.22,0.2812,34,63,0,0
BG-42-004088,Highway,Karnataka,Belagavi,46.11,152,5,0,2,0,93.97,3,100.0,0,16,89.36,99.26,132,0,15,89,Compensation,21,96.43,0.4829,122,19,0,0
BG-42-004089,Metro,Maharashtra,Pune,54.1,21,4,1,2,0,63.01,1,0.0,16,94,0.0,0.0,0,1,22,81,Notification,52,0.0,0.2444,134,61,1,194
BG-42-004090,Highway,Madhya Pradesh,Jabalpur,99.95,145,7,0,3,1,77.76,1,21.31,86,69,13.43,0.0,18,0,7,77,Survey,61,15.6,0.2023,241,53,1,154
BG-42-004091,Metro,Madhya Pradesh,Bhopal,249.83,396,7,3,8,1,55.25,6,0.0,238,82,0.0,0.0,0,3,80,280,Survey,88,0.0,0.4846,444,107,1,397
BG-42-004092,Industrial Corridor,Madhya Pradesh,Indore,163.49,393,8,2,3,1,85.09,2,100.0,0,9,90.37,79.87,345,1,40,185,Rehabilitation & Resettlement,66,100.0,0.2209,79,54,0,0
BG-42-004093,Irrigation,Karnataka,Mysuru,202.42,230,9,0,3,3,100.0,2,96.56,5,5,75.96,78.47,159,1,30,88,Rehabilitation & Resettlement,38,100.0,0.1844,228,22,0,0
BG-42-004094,Industrial Corridor,Uttar Pradesh,Varanasi,90.08,148,4,3,7,4,80.03,3,0.0,111,59,0.0,5.21,0,2,33,181,Survey,115,13.19,0.1736,175,119,1,448
BG-42-004095,Highway,Tamil Nadu,Salem,283.17,421,8,0,7,3,81.35,3,5.85,322,80,0.0,0.0,0,1,10,265,Survey,100,0.0,0.5125,349,73,1,339
BG-42-004096,Railway,Tamil Nadu,Madurai,21.26,3,5,0,1,0,93.74,2,20.62,2,66,20.23,12.1,1,1,37,25,Objections,180,41.89,0.2586,257,7,0,0
BG-42-004097,Power Transmission,Uttar Pradesh,Kanpur Nagar,431.73,573,12,0,9,4,88.51,4,80.05,75,29,94.71,100.0,516,4,39,213,Compensation,42,98.3,0.4657,235,94,0,0
BG-42-004098,Highway,Rajasthan,Kota,478.86,825,12,2,3,2,67.69,6,61.03,182,41,55.47,38.62,432,2,52,270,Compensation,107,64.99,0.2321,295,70,1,362
BG-42-004099,Irrigation,Uttar Pradesh,Varanasi,123.38,115,6,0,2,1,98.67,0,74.75,21,20,69.4,65.11,78,2,49,80,Compensation,209,100.0,0.4699,55,27,0,0
BG-42-004100,Metro,Tamil Nadu,Chennai,166.64,323,6,0,7,1,95.89,5,90.78,18,12,100.0,90.02,305,2,45,264,Possession,73,100.0,0.4022,99,50,0,0
BG-42-004101,Highway,Madhya Pradesh,Gwalior,83.06,105,6,0,2,0,79.91,4,78.37,14,0,54.79,52.42,57,1,10,46,Objections,103,84.95,0.5721,146,80,0,0
BG-42-004102,Highway,Madhya Pradesh,Gwalior,72.41,142,5,2,3,0,72.36,4,50.16,66,42,39.96,35.21,50,1,30,86,Compensation,79,54.53,0.352,221,75,1,190
BG-42-004103,Irrigation,Tamil Nadu,Chennai,52.53,142,4,1,5,0,80.91,4,58.69,49,45,50.35,46.8,68,0,20,134,Compensation,93,92.2,0.3326,254,60,0,0
BG-42-004104,Irrigation,Karnataka,Bengaluru Urban,82.33,172,5,2,2,0,65.95,4,20.94,78,53,53.31,53.59,89,5,67,157,Objections,145,53.12,0.1936,126,56,1,359
BG-42-004105,Power Transmission,Rajasthan,Jaipur,133.59,248,8,3,1,3,67.31,5,72.76,47,39,79.2,92.72,194,6,85,121,Possession,143,100.0,0.3049,121,41,1,232
BG-42-004106,Railway,Tamil Nadu,Madurai,119.81,205,8,0,1,2,74.66,0,24.08,89,52,4.32,11.04,9,0,0,148,Survey,15,0.0,0.2638,182,26,0,0
BG-42-004107,Power Transmission,Madhya Pradesh,Bhopal,419.59,494,11,0,9,2,88.95,4,99.47,2,0,100.0,95.62,476,3,66,221,Rehabilitation & Resettlement,89,100.0,0.6566,7,144,0,0
BG-42-004108,Highway,Uttar Pradesh,Lucknow,92.78,143,6,0,0,1,91.39,1,91.21,12,22,60.84,54.63,85,1,0,65,Rehabilitation & Resettlement,124,100.0,0.418,109,24,0,0
BG-42-004109,Railway,Maharashtra,Nagpur,26.02,31,3,0,1,1,100.0,2,84.41,5,0,86.55,88.01,24,2,37,13,Possession,29,100.0,0.6504,203,19,0,0
BG-42-004110,Industrial Corridor,Karnataka,Bengaluru Urban,319.08,588,10,1,7,3,47.12,6,60.67,141,31,29.53,15.33,173,3,57,284,Award,114,66.33,0.2167,66,54,1,273
BG-42-004111,Irrigation,Maharashtra,Pune,32.24,36,6,2,6,3,74.96,1,14.28,26,53,15.6,0.0,6,2,77,87,Objections,100,31.72,0.3372,7,61,1,319
BG-42-004112,Metro,Uttar Pradesh,Lucknow,54.73,97,6,1,2,2,99.36,0,57.08,25,35,68.96,68.16,63,0,52,85,Rehabilitation & Resettlement,104,88.84,0.3399,128,73,0,0
BG-42-004113,Metro,Tamil Nadu,Madurai,106.42,146,6,2,7,5,72.85,5,94.41,7,0,87.42,84.64,124,0,5,155,Rehabilitation & Resettlement,87,84.01,0.4422,61,67,1,318
BG-42-004114,Highway,Telangana,Warangal,119.55,240,6,1,3,2,78.23,1,75.96,35,31,78.28,87.63,181,2,51,196,Award,224,78.31,0.4523,137,65,1,288
BG-42-004115,Railway,Madhya Pradesh,Indore,26.94,36,4,0,3,1,89.3,2,55.0,9,59,85.77,82.62,30,1,10,44,Rehabilitation & Resettlement,38,74.58,0.3857,24,96,0,0
BG-42-004116,Highway,Karnataka,Belagavi,47.13,90,6,0,2,1,92.79,0,33.6,38,53,38.34,42.8,32,3,53,99,Objections,71,60.74,0.5051,403,31,0,0
BG-42-004117,Power Transmission,Madhya Pradesh,Bhopal,26.19,41,4,0,1,0,69.92,2,85.28,4,19,65.82,67.7,26,3,24,57,Compensation,188,84.6,0.1879,111,46,0,0
BG-42-004118,Highway,Rajasthan,Kota,140.8,362,7,0,5,0,85.13,6,79.82,44,6,98.18,96.02,326,1,26,210,Rehabilitation & Resettlement,44,93.69,0.0863,245,53,0,0
BG-42-004119,Industrial Corridor,Tamil Nadu,Coimbatore,220.68,442,7,1,3,0,69.08,6,23.34,290,59,18.78,7.87,76,0,47,236,Objections,31,53.65,0.4568,272,38,0,0
BG-42-004120,Railway,Uttar Pradesh,Varanasi,32.22,21,7,1,3,2,96.06,2,68.13,5,44,52.27,49.81,10,0,0,28,Award,61,64.3,0.3311,189,63,0,0
BG-42-004121,Metro,Uttar Pradesh,Varanasi,189.91,431,6,0,5,1,80.2,3,70.19,72,12,82.73,71.37,318,0,25,301,Possession,20,88.8,0.8758,246,44,0,0
BG-42-004122,Railway,Karnataka,Belagavi,180.3,195,6,0,0,0,92.73,0,74.72,35,8,91.9,84.31,165,0,19,139,Rehabilitation & Resettlement,67,100.0,0.7041,179,8,0,0
BG-42-004123,Railway,Telangana,Hyderabad,50.54,46,5,3,1,3,94.37,2,100.0,0,0,90.81,78.45,40,3,89,63,Possession,159,100.0,0.3816,45,68,1,243
BG-42-004124,Metro,Maharashtra,Pune,17.53,7,3,1,0,0,83.08,1,50.74,2,29,57.63,65.37,4,1,31,39,Award,161,58.25,0.409,19,33,0,0
BG-42-004125,Industrial Corridor,Maharashtra,Nagpur,36.34,91,5,2,5,2,67.31,7,89.17,6,12,76.2,73.28,65,4,74,109,Possession,189,100.0,0.684,7,57,1,278
BG-42-004126,Irrigation,Tamil Nadu,Chennai,53.19,71,6,0,1,0,83.14,2,15.13,51,43,0.0,0.0,0,4,71,36,Survey,87,2.35,0.4733,454,24,0,0
BG-42-004127,Railway,Karnataka,Mysuru,293.93,451,7,2,5,2,73.94,4,39.29,192,60,38.13,26.23,167,6,132,265,Award,88,47.06,0.5192,311,62,1,396
BG-42-004128,Industrial Corridor,Maharashtra,Nagpur,77.89,146,4,1,2,0,97.01,0,38.13,51,63,22.36,28.28,31,1,27,120,Award,34,52.0,0.3033,243,31,0,0
BG-42-004129,Irrigation,Uttar Pradesh,Agra,38.27,102,3,0,1,2,100.0,0,66.15,31,17,75.08,79.15,73,4,63,130,Rehabilitation & Resettlement,58,100.0,0.4441,169,41,1,165
BG-42-004130,Railway,Uttar Pradesh,Varanasi,96.38,98,7,3,4,4,92.56,5,49.83,36,59,62.71,50.4,55,1,46,96,Possession,123,75.99,0.6373,41,78,1,287
BG-42-004131,Power Transmission,Karnataka,Kalaburagi,30.38,57,5,3,1,3,91.23,0,68.19,13,35,80.04,82.68,40,0,7,61,Rehabilitation & Resettlement,101,100.0,0.437,155,44,0,0
BG-42-004132,Irrigation,Telangana,Nizamabad,129.21,241,6,0,2,0,88.82,1,75.3,48,50,49.69,42.7,111,1,7,125,Compensation,21,80.99,0.3173,138,33,0,0
BG-42-004133,Power Transmission,Madhya Pradesh,Indore,39.17,111,5,2,3,1,70.75,3,0.0,72,64,22.63,26.84,23,2,28,106,Award,95,17.48,0.2299,215,102,0,0
BG-42-004134,Industrial Corridor,Gujarat,Ahmedabad,43.99,54,3,1,0,0,77.26,2,17.25,32,90,42.57,28.14,22,2,50,38,Award,68,30.76,0.2604,135,18,0,0
BG-42-004135,Industrial Corridor,Rajasthan,Kota,115.63,155,5,0,2,1,87.95,2,35.56,76,61,34.28,32.32,48,2,28,109,Award,81,29.62,0.0643,7,32,0,0
BG-42-004136,Metro,Madhya Pradesh,Gwalior,347.3,524,8,4,10,5,74.78,6,0.0,358,85,2.81,3.5,14,2,55,315,Notification,101,0.0,0.3923,457,113,1,440
BG-42-004137,Industrial Corridor,Tamil Nadu,Coimbatore,496.82,624,11,0,15,5,83.41,9,22.87,412,64,52.76,63.01,298,3,53,328,Award,48,35.03,0.6494,120,98,0,0
BG-42-004138,Irrigation,Uttar Pradesh,Lucknow,37.27,119,4,0,6,3,69.79,4,81.9,12,22,61.35,53.59,68,3,29,114,Rehabilitation & Resettlement,46,100.0,0.7546,180,108,1,128
BG-42-004139,Highway,Maharashtra,Pune,53.13,109,4,2,6,1,62.95,6,77.72,18,52,86.78,76.82,89,5,80,143,Compensation,201,71.0,0.5568,134,69,1,376
BG-42-004140,Power Transmission,Gujarat,Vadodara,129.34,71,7,1,0,0,81.2,0,74.54,13,34,44.57,32.87,31,2,54,33,Rehabilitation & Resettlement,84,90.93,0.2969,31,38,0,0
BG-42-004141,Metro,Maharashtra,Nagpur,218.12,428,9,3,10,1,69.32,6,67.61,132,14,50.61,41.35,193,4,80,246,Award,164,90.33,0.194,7,95,1,426
BG-42-004142,Highway,Gujarat,Ahmedabad,15.16,122,2,0,1,1,84.26,0,100.0,0,5,63.54,71.84,76,0,24,209,Compensation,101,95.13,0.1867,7,60,1,137
BG-42-004143,Industrial Corridor,Telangana,Hyderabad,91.82,169,5,0,1,2,78.78,2,0.0,151,97,28.45,18.32,44,0,0,157,Notification,59,29.02,0.3763,417,19,0,0
BG-42-004144,Power Transmission,Karnataka,Belagavi,57.99,85,5,0,6,0,100.0,3,32.04,41,94,27.82,27.85,21,1,24,55,Award,85,58.85,0.3842,217,66,0,0
BG-42-004145,Industrial Corridor,Rajasthan,Jodhpur,18.37,60,3,0,0,0,80.86,1,46.73,20,32,51.53,51.45,31,0,9,63,Award,102,49.09,0.3115,75,25,0,0
BG-42-004146,Power Transmission,Tamil Nadu,Coimbatore,29.38,72,2,0,3,0,81.13,3,60.71,25,66,44.72,33.33,30,1,28,107,Objections,73,48.38,0.2628,48,132,1,200
BG-42-004147,Railway,Uttar Pradesh,Kanpur Nagar,54.37,106,4,0,5,0,83.17,2,12.58,73,77,0.35,2.45,0,1,0,129,Notification,13,1.46,0.2315,184,69,1,119
BG-42-004148,Irrigation,Rajasthan,Kota,89.75,148,5,0,7,4,89.65,6,90.17,11,0,100.0,100.0,143,1,10,186,Compensation,91,100.0,0.5214,30,49,0,0
BG-42-004149,Industrial Corridor,Karnataka,Belagavi,191.81,265,7,0,6,4,100.0,4,75.95,60,52,70.56,64.06,166,2,11,243,Award,42,68.63,0.103,270,48,1,170
BG-42-004150,Power Transmission,Telangana,Hyderabad,113.69,190,6,1,8,2,75.08,4,0.0,122,75,14.33,10.65,26,5,67,195,Award,90,30.84,0.1996,213,115,1,319
BG-42-004151,Railway,Uttar Pradesh,Lucknow,182.73,415,9,1,7,3,84.34,2,21.43,282,87,16.05,10.9,63,2,75,221,Objections,93,40.99,0.5298,236,54,1,372
BG-42-004152,Metro,Uttar Pradesh,Varanasi,87.48,73,5,2,5,2,78.6,3,37.58,25,46,30.06,18.52,22,2,40,115,Compensation,66,47.55,0.1222,230,52,1,266
BG-42-004153,Irrigation,Telangana,Nizamabad,48.72,116,3,6,3,3,80.72,3,25.18,50,115,60.86,62.08,63,4,80,147,Award,183,64.42,0.6349,344,146,1,512
BG-42-004154,Highway,Karnataka,Bengaluru Urban,73.92,107,5,2,3,0,68.54,4,2.39,95,97,36.6,34.12,35,4,46,115,Award,123,57.87,0.729,67,62,1,354
BG-42-004155,Railway,Uttar Pradesh,Lucknow,149.37,233,9,0,3,0,83.29,1,40.34,106,41,34.12,33.66,71,4,41,124,Compensation,53,51.95,0.5602,24,43,1,150
BG-42-004156,Power Transmission,Madhya Pradesh,Jabalpur,195.6,373,7,1,8,5,52.15,7,0.0,277,74,7.63,0.0,27,1,23,277,Notification,79,0.0,0.532,358,78,1,293
BG-42-004157,Power Transmission,Uttar Pradesh,Kanpur Nagar,76.07,189,5,1,2,2,93.72,2,93.43,10,2,100.0,100.0,171,0,27,147,Possession,36,100.0,0.1306,103,32,0,0
BG-42-004158,Power Transmission,Maharashtra,Pune,40.72,105,4,1,3,0,79.03,2,6.17,93,71,0.0,8.2,0,2,48,127,Notification,64,14.78,0.7287,475,109,1,326
BG-42-004159,Power Transmission,Tamil Nadu,Madurai,112.0,265,7,0,4,2,93.31,2,50.28,101,15,65.96,59.05,169,0,21,158,Award,89,79.53,0.0797,132,56,0,0
BG-42-004160,Irrigation,Madhya Pradesh,Bhopal,125.51,186,6,3,3,2,69.92,5,38.7,75,47,16.13,6.95,27,3,85,135,Survey,96,37.8,0.5568,349,48,1,369
BG-42-004161,Metro,Telangana,Hyderabad,229.56,267,6,0,7,2,74.0,4,63.17,73,70,70.0,73.68,167,3,57,217,Compensation,63,71.69,0.4154,132,52,1,229
BG-42-004162,Industrial Corridor,Telangana,Nizamabad,49.75,71,4,1,7,1,94.15,5,42.65,25,48,29.24,17.2,18,2,55,137,Objections,45,30.85,0.562,192,69,1,269
BG-42-004163,Power Transmission,Tamil Nadu,Chennai,50.19,98,5,0,1,1,97.14,1,79.73,14,25,82.42,60.59,76,0,55,81,Rehabilitation & Resettlement,20,100.0,0.1499,18,22,0,0
BG-42-004164,Industrial Corridor,Telangana,Hyderabad,156.79,202,8,1,3,2,87.04,2,27.21,98,57,49.7,48.93,91,1,36,111,Award,77,42.33,0.3662,386,47,0,0
BG-42-004165,Highway,Uttar Pradesh,Agra,61.81,74,4,0,0,0,100.0,0,70.61,17,48,68.67,61.79,49,0,9,53,Compensation,141,88.85,0.5424,68,9,0,0
BG-42-004166,Railway,Telangana,Hyderabad,59.75,61,5,2,5,4,67.78,6,13.75,42,98,23.66,26.61,13,2,46,87,Objections,86,41.55,0.1867,58,58,0,0
BG-42-004167,Industrial Corridor,Madhya Pradesh,Jabalpur,233.53,326,8,0,2,0,72.99,6,0.0,282,75,4.43,2.85,14,2,24,149,Notification,55,0.0,0.2315,205,14,0,0
BG-42-004168,Power Transmission,Karnataka,Kalaburagi,28.59,46,3,0,3,0,98.12,0,36.09,24,40,17.94,21.11,8,3,28,82,Award,81,31.22,0.6032,80,55,1,247
BG-42-004169,Metro,Madhya Pradesh,Gwalior,443.62,1004,10,0,15,5,86.98,6,63.68,326,13,36.26,35.25,358,1,0,448,Compensation,125,75.7,0.2596,213,122,0,0
BG-42-004170,Power Transmission,Gujarat,Rajkot,52.45,3,5,0,0,1,100.0,2,9.64,2,62,27.34,31.98,1,1,68,39,Award,70,32.35,0.3873,59,25,0,0
BG-42-004171,Power Transmission,Gujarat,Surat,171.29,277,6,0,4,3,97.18,3,100.0,0,14,98.39,100.0,250,1,6,180,Possession,58,100.0,0.2159,129,109,0,0
BG-42-004172,Highway,Telangana,Karimnagar,78.49,116,6,2,5,5,79.8,3,62.18,26,37,59.79,54.37,66,1,49,145,Compensation,88,100.0,0.2777,358,63,0,0
BG-42-004173,Industrial Corridor,Karnataka,Bengaluru Urban,106.39,127,5,1,2,1,72.6,6,68.45,25,20,87.61,84.03,100,5,77,85,Possession,82,97.12,0.4631,183,28,0,0
BG-42-004174,Industrial Corridor,Gujarat,Surat,69.39,118,4,0,2,1,100.0,0,70.88,27,15,38.38,27.38,45,0,7,157,Objections,184,70.11,0.3147,285,35,0,0
BG-42-004175,Highway,Karnataka,Bengaluru Urban,169.91,269,6,1,3,2,82.05,3,69.46,73,56,62.45,58.36,164,1,33,195,Rehabilitation & Resettlement,49,100.0,0.5169,136,49,0,0
BG-42-004176,Metro,Tamil Nadu,Madurai,64.85,132,7,0,2,1,77.55,3,86.7,12,6,61.03,58.98,78,3,47,63,Compensation,170,94.63,0.2402,249,74,0,0
BG-42-004177,Metro,Maharashtra,Thane,54.14,112,3,1,1,2,100.0,2,52.58,30,57,69.68,64.37,70,1,0,143,Compensation,65,94.56,0.3448,325,36,0,0
BG-42-004178,Power Transmission,Karnataka,Kalaburagi,365.28,771,9,0,11,2,85.11,7,86.66,68,21,99.72,98.37,746,0,12,396,Possession,64,100.0,0.4142,7,84,1,184
BG-42-004179,Metro,Madhya Pradesh,Gwalior,87.66,164,6,2,4,2,91.32,6,40.25,62,64,51.6,50.5,83,1,47,162,Compensation,95,72.2,0.1562,29,58,0,0
BG-42-004180,Highway,Tamil Nadu,Chennai,49.87,153,6,1,3,1,100.0,3,94.85,6,4,100.0,99.85,152,1,39,114,Possession,33,100.0,0.3396,167,79,0,0
BG-42-004181,Metro,Uttar Pradesh,Agra,25.99,88,6,0,1,1,100.0,3,100.0,0,28,95.99,90.57,75,0,0,82,Rehabilitation & Resettlement,13,100.0,0.2391,296,29,0,0
BG-42-004182,Power Transmission,Uttar Pradesh,Varanasi,380.87,341,9,2,7,2,59.85,5,0.0,216,103,20.57,5.63,69,1,46,192,Survey,68,22.72,0.3372,372,75,0,0
BG-42-004183,Industrial Corridor,Gujarat,Surat,55.06,59,5,1,3,1,90.67,3,68.08,13,32,45.6,48.97,26,4,47,43,Compensation,75,79.69,0.6085,374,36,0,0
BG-42-004184,Railway,Rajasthan,Jaipur,445.62,314,10,0,1,0,76.26,5,70.52,76,15,84.09,79.4,253,0,0,128,Award,51,93.85,0.4546,239,28,0,0
BG-42-004185,Irrigation,Rajasthan,Jaipur,117.81,67,6,0,5,1,93.58,2,100.0,0,0,92.78,96.84,55,2,0,81,Possession,65,100.0,0.1744,124,91,0,0
BG-42-004186,Highway,Telangana,Karimnagar,96.0,89,6,3,2,1,99.81,0,89.63,5,49,76.79,71.66,67,2,23,74,Rehabilitation & Resettlement,148,100.0,0.4281,274,77,0,0
BG-42-004187,Railway,Uttar Pradesh,Kanpur Nagar,98.09,96,4,0,2,2,58.49,5,48.71,29,60,18.88,5.55,17,1,49,119,Survey,91,22.87,0.3523,351,18,0,0
BG-42-004188,Metro,Telangana,Nizamabad,504.09,1116,11,0,14,3,71.57,9,19.21,601,103,25.08,20.43,261,3,46,496,Survey,57,7.02,0.3998,385,110,1,335
BG-42-004189,Power Transmission,Madhya Pradesh,Gwalior,14.82,13,4,2,4,2,65.99,4,12.49,6,89,0.77,0.0,0,1,3,35,Notification,73,15.36,0.659,63,53,1,218
BG-42-004190,Power Transmission,Gujarat,Surat,101.64,183,5,1,6,1,83.99,4,75.96,42,39,69.63,59.81,115,4,78,171,Award,79,78.09,0.2211,135,102,1,283
BG-42-004191,Highway,Maharashtra,Pune,69.26,145,6,0,4,0,56.21,2,0.0,97,44,3.48,0.0,4,1,37,113,Notification,122,0.0,0.5646,284,39,1,239
BG-42-004192,Power Transmission,Tamil Nadu,Coimbatore,72.21,154,3,0,6,2,82.7,4,52.65,49,53,63.4,51.46,96,3,56,235,Rehabilitation & Resettlement,57,75.49,0.4771,88,44,0,0
BG-42-004193,Industrial Corridor,Rajasthan,Jaipur,96.49,194,6,4,5,4,79.79,3,49.97,75,82,54.24,50.29,100,4,85,157,Compensation,127,88.67,0.107,340,94,1,430
BG-42-004194,Irrigation,Uttar Pradesh,Lucknow,69.2,85,7,0,4,2,91.89,5,79.87,13,47,83.56,73.8,63,0,15,78,Rehabilitation & Resettlement,42,77.33,0.3256,21,25,0,0
BG-42-004195,Irrigation,Tamil Nadu,Salem,99.53,226,6,0,5,0,92.39,3,34.62,123,13,33.12,35.54,74,2,16,163,Objections,101,39.68,0.2394,408,52,0,0
BG-42-004196,Power Transmission,Tamil Nadu,Coimbatore,84.03,136,4,2,1,0,46.66,5,51.31,48,23,25.46,7.31,34,5,91,106,Award,149,52.85,0.5314,12,52,1,295
BG-42-004197,Highway,Maharashtra,Nagpur,29.94,74,2,1,0,1,73.01,4,19.01,36,85,0.0,0.0,0,2,41,111,Survey,47,3.7,0.0409,171,28,1,214
BG-42-004198,Railway,Karnataka,Belagavi,116.17,70,7,2,7,2,89.0,6,54.96,24,54,95.9,92.71,64,1,0,90,Possession,88,94.49,0.6805,109,80,0,0
BG-42-004199,Irrigation,Telangana,Nizamabad,151.84,281,8,0,9,0,41.92,9,0.0,256,58,0.0,0.0,0,3,33,215,Survey,50,0.0,0.3065,373,91,1,303
BG-42-004200,Industrial Corridor,Maharashtra,Nagpur,55.5,132,5,0,4,1,65.38,3,0.0,73,93,0.49,0.0,1,1,20,112,Survey,52,5.42,0.4587,158,70,1,199
BG-42-004201,Metro,Telangana,Hyderabad,381.58,421,9,0,6,1,84.32,3,0.0,244,80,0.0,0.8,0,0,0,250,Survey,140,20.97,0.5001,81,44,1,326
BG-42-004202,Irrigation,Tamil Nadu,Madurai,249.25,379,6,0,5,4,89.61,3,47.19,187,31,87.13,65.74,296,3,38,219,Rehabilitation & Resettlement,34,58.83,0.2028,148,64,0,0
BG-42-004203,Irrigation,Telangana,Karimnagar,168.2,341,7,2,6,2,45.07,7,0.0,280,77,3.21,5.88,10,8,102,211,Survey,186,12.41,0.44,232,70,1,436
BG-42-004204,Industrial Corridor,Tamil Nadu,Chennai,166.58,161,6,0,2,0,89.57,0,73.89,34,11,67.07,77.78,102,1,0,112,Compensation,88,95.64,0.7137,194,22,0,0
BG-42-004205,Irrigation,Telangana,Hyderabad,87.71,126,5,3,7,1,86.52,1,51.92,33,44,65.21,52.15,79,7,134,157,Rehabilitation & Resettlement,198,96.16,0.4835,71,140,1,363
BG-42-004206,Highway,Rajasthan,Kota,213.38,389,10,0,4,1,100.0,0,89.12,29,0,100.0,100.0,370,0,15,175,Rehabilitation & Resettlement,150,95.75,0.2018,34,40,0,0
BG-42-004207,Power Transmission,Telangana,Karimnagar,300.85,265,7,0,1,0,76.39,0,27.35,148,94,1.53,6.69,4,1,10,137,Survey,107,13.18,0.0116,206,7,1,183
BG-42-004208,Irrigation,Maharashtra,Nashik,163.44,337,5,2,5,1,82.64,3,0.0,208,122,4.28,0.0,14,1,51,286,Notification,171,0.0,0.5538,222,71,1,422
BG-42-004209,Highway,Telangana,Karimnagar,54.26,119,5,0,2,1,71.11,3,64.13,25,53,39.49,38.27,42,2,60,76,Award,24,56.75,0.2225,115,39,1,113
BG-42-004210,Highway,Tamil Nadu,Chennai,82.95,148,5,3,4,2,82.66,1,11.92,110,88,0.0,0.0,0,2,33,162,Survey,88,24.45,0.1244,212,58,1,393
BG-42-004211,Power Transmission,Tamil Nadu,Madurai,135.5,93,6,1,2,0,73.24,3,36.97,37,45,59.09,58.16,51,4,86,50,Compensation,114,51.46,0.3496,138,27,0,0
BG-42-004212,Metro,Maharashtra,Thane,167.37,403,7,1,8,5,80.94,8,43.4,207,23,44.62,56.04,169,4,79,253,Objections,92,59.29,0.3503,33,82,1,283
BG-42-004213,Highway,Madhya Pradesh,Indore,80.48,197,6,2,5,2,68.98,5,6.59,139,102,17.92,20.24,35,3,72,155,Award,90,50.09,0.4307,173,58,0,0
BG-42-004214,Highway,Gujarat,Vadodara,54.41,88,4,0,1,0,84.9,5,0.0,52,78,22.99,18.45,20,5,95,103,Survey,128,16.43,0.2224,79,27,1,277
BG-42-004215,Railway,Madhya Pradesh,Bhopal,304.1,544,8,3,3,2,69.35,4,52.49,200,89,38.22,39.32,197,5,131,266,Compensation,168,65.35,0.5587,276,118,1,386
BG-42-004216,Railway,Rajasthan,Kota,36.31,88,4,2,3,0,86.35,2,0.0,61,96,0.0,0.0,0,2,60,131,Survey,187,0.0,0.6715,171,67,1,322
BG-42-004217,Irrigation,Karnataka,Belagavi,40.32,65,5,1,2,2,96.63,2,46.03,31,53,60.0,70.7,34,3,65,59,Compensation,43,86.32,0.3795,219,35,0,0
BG-42-004218,Industrial Corridor,Tamil Nadu,Salem,29.62,36,5,1,5,2,57.11,8,0.0,32,73,0.0,0.0,0,1,22,86,Notification,157,13.91,0.3241,277,87,1,331
BG-42-004219,Power Transmission,Uttar Pradesh,Lucknow,40.25,129,4,0,5,0,100.0,5,93.38,5,43,81.13,77.19,100,3,35,137,Possession,100,100.0,0.5607,104,36,0,0
BG-42-004220,Highway,Karnataka,Mysuru,232.26,370,8,1,7,1,63.93,7,64.74,91,0,28.13,27.83,94,2,55,234,Compensation,63,66.6,0.3581,80,65,1,262
BG-42-004221,Railway,Madhya Pradesh,Jabalpur,238.57,515,9,1,9,2,69.84,7,47.97,160,51,26.84,20.87,132,1,15,283,Survey,92,55.76,0.2883,256,91,0,0
BG-42-004222,Railway,Madhya Pradesh,Gwalior,80.7,44,5,0,1,1,72.0,1,12.09,30,61,0.0,0.0,0,3,69,35,Notification,186,0.0,0.5589,362,42,0,0
BG-42-004223,Power Transmission,Rajasthan,Jaipur,127.36,297,6,1,12,3,79.94,5,18.94,205,90,5.77,6.39,16,4,53,265,Objections,101,44.72,0.2355,190,108,0,0
BG-42-004224,Irrigation,Rajasthan,Kota,84.91,198,5,2,4,1,85.64,2,24.52,139,75,27.07,22.29,51,1,71,195,Survey,93,21.02,0.2665,257,57,0,0
BG-42-004225,Railway,Gujarat,Rajkot,33.0,71,3,1,4,0,71.21,6,20.79,50,58,3.82,0.0,2,2,51,125,Survey,63,22.05,0.5957,327,40,0,0
BG-42-004226,Irrigation,Gujarat,Vadodara,504.96,708,10,2,14,5,83.61,10,100.0,0,19,96.27,100.0,638,2,45,391,Possession,141,100.0,0.0497,109,122,1,381
BG-42-004227,Highway,Maharashtra,Nashik,257.18,466,8,3,10,5,89.89,3,56.36,173,77,51.27,29.48,230,6,80,285,Compensation,133,72.38,0.5086,37,129,0,0
BG-42-004228,Railway,Rajasthan,Jaipur,113.7,239,7,1,8,2,74.45,8,28.44,150,73,18.37,6.72,41,4,40,206,Survey,95,22.4,0.3857,397,109,1,318
BG-42-004229,Power Transmission,Telangana,Warangal,43.18,57,3,0,1,0,98.82,3,90.3,4,24,69.67,74.04,36,0,19,112,Compensation,69,80.05,0.1502,374,73,0,0
BG-42-004230,Railway,Telangana,Hyderabad,71.53,145,5,1,2,1,100.0,3,0.0,106,108,15.84,11.49,22,0,41,133,Objections,44,13.64,0.3668,276,37,0,0
BG-42-004231,Irrigation,Rajasthan,Jaipur,49.21,112,4,4,3,0,69.69,3,75.79,22,37,68.89,76.67,73,3,46,152,Possession,98,100.0,0.4402,133,60,1,310
BG-42-004232,Highway,Madhya Pradesh,Indore,92.58,126,8,1,4,2,72.62,5,11.67,69,110,0.0,7.08,0,2,56,119,Notification,99,0.0,0.285,167,61,1,294
BG-42-004233,Power Transmission,Rajasthan,Jaipur,109.72,176,7,2,7,4,96.75,1,69.0,36,39,63.21,68.79,110,2,56,171,Rehabilitation & Resettlement,238,82.75,0.3647,96,71,0,0
BG-42-004234,Highway,Uttar Pradesh,Lucknow,65.18,122,6,0,0,0,100.0,0,50.36,34,43,70.75,80.78,86,1,46,77,Rehabilitation & Resettlement,24,81.86,0.4193,67,20,0,0
BG-42-004235,Highway,Uttar Pradesh,Varanasi,26.75,122,5,1,4,1,60.02,9,0.0,114,125,0.0,0.0,0,2,55,150,Notification,83,0.0,0.3732,499,65,1,406
BG-42-004236,Metro,Gujarat,Ahmedabad,471.37,397,10,0,2,1,67.96,3,23.72,208,62,0.0,0.0,0,0,22,162,Survey,91,0.0,0.6659,278,49,1,311
BG-42-004237,Irrigation,Madhya Pradesh,Bhopal,103.55,251,8,1,6,0,60.09,4,43.88,92,67,24.3,22.59,61,7,105,162,Award,127,52.75,0.3819,172,106,1,290
BG-42-004238,Industrial Corridor,Karnataka,Belagavi,123.38,165,7,1,4,3,81.14,3,88.46,16,0,58.3,64.34,85,5,83,118,Rehabilitation & Resettlement,164,87.48,0.254,7,53,0,0
BG-42-004239,Industrial Corridor,Tamil Nadu,Salem,61.07,139,5,3,1,5,93.54,4,26.24,57,54,14.44,7.9,20,2,50,116,Compensation,99,60.82,0.3671,77,84,1,334
BG-42-004240,Highway,Gujarat,Vadodara,24.54,47,2,1,1,0,72.15,4,59.23,12,61,45.9,51.14,20,4,52,98,Compensation,116,81.66,0.3076,324,24,0,0
BG-42-004241,Highway,Telangana,Hyderabad,80.11,110,5,1,2,1,100.0,0,52.78,31,36,59.24,57.86,59,1,25,71,Rehabilitation & Resettlement,102,77.71,0.6612,102,29,0,0
BG-42-004242,Highway,Uttar Pradesh,Lucknow,66.12,142,3,2,4,1,100.0,2,80.05,23,44,72.14,78.18,99,2,34,239,Rehabilitation & Resettlement,65,100.0,0.3386,24,128,0,0
BG-42-004243,Power Transmission,Gujarat,Vadodara,151.05,327,7,0,5,2,66.0,6,58.74,103,63,53.74,59.01,157,2,25,204,Award,62,58.83,0.7515,174,48,0,0
BG-42-004244,Highway,Maharashtra,Nagpur,176.77,140,7,0,3,1,84.26,4,48.71,68,26,41.02,37.88,55,0,25,108,Award,69,74.68,0.2935,357,28,0,0
BG-42-004245,Railway,Tamil Nadu,Coimbatore,157.91,252,6,1,8,4,72.64,6,40.08,86,102,47.69,58.85,109,3,35,246,Rehabilitation & Resettlement,60,62.84,0.5608,161,70,1,339
BG-42-004246,Industrial Corridor,Madhya Pradesh,Gwalior,188.79,148,6,0,1,1,61.17,2,39.42,82,36,22.08,27.56,31,3,43,73,Objections,56,70.21,0.4076,276,38,0,0
BG-42-004247,Industrial Corridor,Rajasthan,Udaipur,362.47,356,10,0,2,1,100.0,1,84.47,38,24,84.18,67.81,272,1,0,158,Rehabilitation & Resettlement,53,100.0,0.5786,101,25,0,0
BG-42-004248,Railway,Telangana,Nizamabad,116.97,216,7,1,5,3,78.4,2,0.0,157,110,0.0,0.0,0,3,47,136,Notification,89,0.0,0.3343,265,69,1,339
BG-42-004249,Highway,Karnataka,Belagavi,206.31,509,10,1,10,1,85.9,7,42.38,198,62,37.49,27.4,169,2,63,265,Survey,153,50.14,0.4519,364,74,1,309
BG-42-004250,Metro,Tamil Nadu,Salem,127.11,168,8,0,0,0,71.89,2,93.03,11,23,53.6,51.4,84,2,33,100,Rehabilitation & Resettlement,81,83.07,0.8104,175,30,0,0
BG-42-004251,Power Transmission,Madhya Pradesh,Bhopal,18.73,25,4,0,0,0,95.43,1,43.39,11,39,16.12,23.19,4,1,1,47,Objections,25,69.09,0.3834,100,10,0,0
BG-42-004252,Highway,Madhya Pradesh,Jabalpur,75.67,102,7,0,5,3,100.0,1,33.13,43,52,41.5,36.79,39,1,18,88,Survey,121,33.26,0.4999,239,45,0,0
BG-42-004253,Industrial Corridor,Madhya Pradesh,Gwalior,42.77,114,5,0,6,2,81.87,5,43.65,40,57,7.36,2.74,8,1,16,105,Survey,50,33.62,0.1179,370,63,0,0
BG-42-004254,Highway,Tamil Nadu,Chennai,103.04,110,5,0,2,1,92.29,3,56.8,43,52,52.55,52.81,51,0,0,52,Compensation,50,98.06,0.4424,62,50,0,0
BG-42-004255,Irrigation,Telangana,Hyderabad,45.48,119,4,1,4,2,79.18,1,70.54,29,10,82.92,92.75,93,3,59,172,Rehabilitation & Resettlement,179,100.0,0.9116,183,44,1,230
BG-42-004256,Irrigation,Uttar Pradesh,Kanpur Nagar,139.01,166,7,4,1,2,81.09,3,0.0,124,115,0.0,0.95,0,5,89,49,Notification,144,0.0,0.3285,33,114,1,412
BG-42-004257,Highway,Telangana,Warangal,187.7,219,12,2,5,3,64.91,3,0.0,169,86,0.0,0.0,0,7,109,109,Notification,167,0.0,0.6653,205,88,1,419
BG-42-004258,Metro,Telangana,Karimnagar,224.27,429,9,0,4,1,93.7,1,30.13,268,48,36.24,25.25,141,4,43,182,Award,62,33.26,0.6643,39,85,1,239
BG-42-004259,Railway,Uttar Pradesh,Kanpur Nagar,312.75,247,9,1,6,2,96.97,4,58.64,67,66,73.34,61.18,174,2,53,114,Possession,142,87.72,0.5717,162,58,0,0
BG-42-004260,Power Transmission,Tamil Nadu,Madurai,22.4,3,4,0,0,0,82.53,0,27.25,1,60,53.54,39.59,2,1,51,0,Objections,56,43.31,0.4233,266,16,0,0
BG-42-004261,Metro,Madhya Pradesh,Gwalior,32.81,88,5,2,1,3,100.0,1,78.76,12,32,91.97,93.93,74,1,27,65,Possession,87,100.0,0.2188,167,29,0,0
BG-42-004262,Industrial Corridor,Uttar Pradesh,Agra,890.92,725,14,2,12,4,61.19,8,76.21,125,43,84.31,84.89,571,6,94,300,Possession,88,77.96,0.4528,22,109,1,336
BG-42-004263,Highway,Uttar Pradesh,Varanasi,192.02,317,8,0,4,1,69.53,2,51.08,145,55,41.45,44.21,116,6,85,177,Objections,130,60.27,0.3932,209,48,0,0
BG-42-004264,Highway,Gujarat,Rajkot,102.47,151,6,2,5,1,100.0,4,36.67,91,65,49.32,54.38,69,1,36,117,Rehabilitation & Resettlement,71,82.59,0.5596,199,74,0,0
BG-42-004265,Industrial Corridor,Madhya Pradesh,Jabalpur,87.85,180,4,0,2,2,100.0,3,72.38,38,27,84.79,84.13,149,0,19,144,Compensation,88,94.71,0.3156,32,23,0,0
BG-42-004266,Industrial Corridor,Karnataka,Bengaluru Urban,81.82,108,6,1,5,0,76.57,5,25.82,71,55,22.29,12.72,23,6,103,132,Award,127,29.36,0.2873,350,41,0,0
BG-42-004267,Power Transmission,Madhya Pradesh,Jabalpur,18.23,55,4,1,5,3,66.72,4,64.73,15,42,41.27,33.95,21,2,14,87,Award,99,64.2,0.5341,157,62,1,133
BG-42-004268,Power Transmission,Uttar Pradesh,Kanpur Nagar,46.16,67,4,0,0,0,100.0,0,71.71,11,33,46.74,45.64,28,1,27,46,Rehabilitation & Resettlement,51,75.6,0.5317,88,8,0,0
BG-42-004269,Industrial Corridor,Maharashtra,Nashik,78.3,21,6,1,3,2,94.93,4,83.35,2,41,100.0,94.88,19,2,43,66,Rehabilitation & Resettlement,79,100.0,0.1564,61,101,0,0
BG-42-004270,Metro,Tamil Nadu,Madurai,48.29,31,6,0,0,1,100.0,0,100.0,0,26,67.44,50.77,18,0,36,11,Rehabilitation & Resettlement,23,83.53,0.3677,166,1,0,0
BG-42-004271,Irrigation,Uttar Pradesh,Kanpur Nagar,53.62,38,5,0,1,0,99.07,0,87.17,3,4,100.0,92.31,37,0,10,37,Possession,16,100.0,0.1656,80,20,0,0
BG-42-004272,Power Transmission,Gujarat,Ahmedabad,663.14,527,12,0,7,4,96.11,3,48.17,160,65,66.33,75.57,346,1,5,227,Award,144,49.57,0.5658,152,43,0,0
BG-42-004273,Irrigation,Rajasthan,Udaipur,70.01,115,4,0,2,4,92.36,0,65.9,25,13,89.33,89.1,100,1,46,128,Rehabilitation & Resettlement,129,100.0,0.1942,289,66,0,0
BG-42-004274,Irrigation,Karnataka,Belagavi,106.96,199,6,1,2,3,95.81,2,47.16,79,57,78.3,77.19,148,2,62,116,Rehabilitation & Resettlement,49,88.94,0.4794,224,25,0,0
BG-42-004275,Railway,Uttar Pradesh,Varanasi,103.96,180,8,1,4,6,54.12,6,0.0,119,111,0.0,0.0,0,1,47,97,Survey,47,0.0,0.5046,341,50,1,252
BG-42-004276,Industrial Corridor,Karnataka,Kalaburagi,137.22,259,6,1,5,1,73.17,6,12.65,130,103,13.96,0.46,35,0,41,202,Notification,65,0.0,0.3014,179,75,0,0
BG-42-004277,Industrial Corridor,Tamil Nadu,Madurai,58.45,111,5,0,1,1,70.86,2,76.83,17,33,55.92,54.43,55,0,0,72,Award,36,66.04,0.3819,84,49,0,0
BG-42-004278,Highway,Gujarat,Vadodara,232.2,180,8,2,6,4,79.34,2,63.54,37,65,56.81,57.77,99,5,66,138,Rehabilitation & Resettlement,129,88.97,0.6279,214,71,1,315
BG-42-004279,Industrial Corridor,Telangana,Karimnagar,122.1,293,6,0,5,1,80.36,4,39.11,134,61,52.55,39.04,148,3,54,191,Objections,53,41.92,0.1699,114,39,0,0
BG-42-004280,Railway,Karnataka,Mysuru,30.58,129,3,1,2,0,69.83,2,13.68,90,70,42.09,46.9,50,3,50,179,Compensation,90,45.3,0.5945,212,32,1,222
BG-42-004281,Metro,Rajasthan,Udaipur,78.57,190,6,1,5,4,79.27,5,0.0,112,112,0.0,0.0,0,3,30,183,Notification,82,0.0,0.4088,363,65,0,0
BG-42-004282,Highway,Uttar Pradesh,Varanasi,74.61,83,5,0,4,4,76.63,5,0.73,69,42,0.0,0.78,0,3,42,105,Objections,99,51.3,0.6392,186,39,1,259
BG-42-004283,Power Transmission,Tamil Nadu,Chennai,71.91,120,7,0,1,0,79.87,5,64.67,37,43,83.14,81.49,95,0,26,81,Compensation,65,98.17,0.2615,348,23,0,0
BG-42-004284,Industrial Corridor,Gujarat,Ahmedabad,128.69,232,6,0,5,1,68.34,7,15.92,129,65,25.9,23.18,54,3,3,151,Survey,93,19.74,0.2103,264,36,1,205
BG-42-004285,Metro,Karnataka,Kalaburagi,142.28,183,7,1,2,1,91.73,2,93.45,8,16,100.0,100.0,164,0,28,72,Possession,54,100.0,0.6621,7,24,0,0
BG-42-004286,Highway,Telangana,Karimnagar,129.45,97,6,1,1,0,73.84,2,3.42,86,129,14.86,17.33,13,1,0,56,Survey,41,12.93,0.2085,225,72,0,0
BG-42-004287,Industrial Corridor,Uttar Pradesh,Agra,112.3,162,7,1,4,2,82.22,5,74.6,36,42,68.73,66.97,103,3,49,96,Possession,188,99.21,0.1964,140,84,0,0
BG-42-004288,Highway,Maharashtra,Pune,91.7,34,7,1,1,0,64.88,4,3.39,26,77,10.29,13.36,3,2,37,32,Survey,140,22.53,0.6148,111,18,1,243
BG-42-004289,Railway,Telangana,Karimnagar,15.32,93,2,0,2,0,69.44,3,90.37,5,0,86.84,81.64,76,1,10,200,Possession,56,100.0,0.2023,145,32,0,0
BG-42-004290,Railway,Telangana,Karimnagar,159.54,376,7,0,6,1,46.79,4,78.9,55,7,73.58,78.07,271,3,45,187,Compensation,49,64.9,0.6824,270,59,0,0
BG-42-004291,Irrigation,Rajasthan,Udaipur,126.56,255,5,1,4,3,64.2,8,3.37,141,104,12.17,12.36,29,0,44,218,Notification,106,0.59,0.4384,182,55,1,327
BG-42-004292,Railway,Gujarat,Surat,38.95,3,6,1,3,3,97.34,3,0.0,2,82,24.46,21.29,1,0,9,35,Notification,25,5.01,0.5213,253,41,1,235
BG-42-004293,Industrial Corridor,Karnataka,Belagavi,107.18,197,6,2,10,2,55.17,9,7.45,104,87,11.19,6.93,21,2,49,212,Notification,220,18.05,0.3049,423,83,1,405
BG-42-004294,Irrigation,Tamil Nadu,Coimbatore,143.79,311,5,1,6,1,83.52,4,87.67,34,15,80.68,77.42,232,2,40,294,Compensation,99,82.02,0.4024,153,49,1,163
BG-42-004295,Railway,Tamil Nadu,Chennai,218.55,449,6,1,2,2,76.46,6,70.49,96,17,94.57,92.65,411,2,40,260,Rehabilitation & Resettlement,53,84.08,0.4146,103,45,1,222
BG-42-004296,Irrigation,Telangana,Nizamabad,128.8,162,7,0,1,0,100.0,2,25.09,105,98,24.16,31.8,37,2,26,97,Award,42,55.28,0.292,252,32,0,0
BG-42-004297,Highway,Tamil Nadu,Chennai,110.75,277,4,1,2,2,67.52,1,58.23,71,47,43.56,44.99,120,1,7,245,Award,61,57.87,0.3884,66,52,0,0
BG-42-004298,Railway,Gujarat,Ahmedabad,182.62,247,8,0,5,3,70.38,4,74.07,48,33,64.49,45.69,143,1,13,183,Compensation,201,83.26,0.2324,91,60,1,236
BG-42-004299,Highway,Tamil Nadu,Chennai,67.01,146,5,0,3,1,91.51,3,58.46,48,71,75.66,86.9,101,2,65,124,Compensation,58,74.41,0.1881,366,37,0,0
BG-42-004300,Industrial Corridor,Rajasthan,Jodhpur,119.06,254,6,4,3,4,83.02,5,25.44,169,81,65.39,67.79,158,3,90,180,Compensation,168,66.52,0.1372,171,135,0,0
BG-42-004301,Irrigation,Karnataka,Bengaluru Urban,52.1,165,4,1,4,2,79.04,3,20.05,77,66,0.0,18.07,0,1,18,168,Award,33,13.51,0.282,202,75,1,273
BG-42-004302,Industrial Corridor,Rajasthan,Udaipur,208.15,467,7,2,11,1,84.2,9,64.8,103,44,48.71,46.26,214,3,88,325,Rehabilitation & Resettlement,132,88.83,0.4404,338,118,0,0
BG-42-004303,Industrial Corridor,Maharashtra,Thane,23.62,65,3,2,3,0,57.24,3,72.04,15,13,88.22,95.47,53,0,0,114,Possession,136,93.8,0.5417,7,95,0,0
BG-42-004304,Railway,Gujarat,Rajkot,164.58,325,8,2,5,2,76.35,4,28.7,178,76,0.0,4.09,0,1,36,181,Objections,81,34.82,0.0833,159,67,1,286
BG-42-004305,Irrigation,Maharashtra,Nashik,86.85,113,5,1,2,1,70.04,3,2.53,91,87,4.81,4.34,5,6,57,81,Notification,93,13.79,0.3573,341,48,1,290
BG-42-004306,Metro,Madhya Pradesh,Bhopal,185.36,332,8,1,3,2,100.0,3,6.21,210,81,13.18,21.88,43,0,43,152,Survey,53,34.27,0.4591,213,54,0,0
BG-42-004307,Highway,Telangana,Nizamabad,45.86,52,4,0,2,0,67.63,5,44.56,23,69,49.92,46.48,25,1,4,102,Compensation,65,73.38,0.3326,192,32,0,0
BG-42-004308,Irrigation,Rajasthan,Kota,92.02,145,6,0,7,2,83.98,6,29.84,60,65,28.4,27.49,41,1,36,143,Objections,60,64.62,0.2776,240,47,1,191
BG-42-004309,Railway,Madhya Pradesh,Bhopal,89.88,208,6,2,4,4,84.56,1,100.0,0,21,91.44,80.77,171,1,51,189,Possession,96,100.0,0.509,102,79,1,211
BG-42-004310,Railway,Telangana,Karimnagar,121.16,286,6,3,3,2,79.41,3,72.76,63,48,70.98,67.25,196,4,96,198,Compensation,112,83.52,0.4321,133,55,1,243
BG-42-004311,Highway,Karnataka,Mysuru,37.04,57,3,3,4,1,85.65,1,75.16,8,48,63.41,54.29,36,2,51,119,Compensation,106,100.0,0.2483,265,78,0,0
BG-42-004312,Highway,Gujarat,Rajkot,142.45,193,8,1,4,3,83.61,3,73.44,35,27,45.21,43.6,80,0,0,111,Rehabilitation & Resettlement,94,90.21,0.5157,17,84,0,0
BG-42-004313,Power Transmission,Uttar Pradesh,Lucknow,19.56,27,3,0,1,0,93.77,3,23.37,12,38,34.26,37.23,9,3,47,66,Objections,50,50.3,0.6129,57,9,1,203
BG-42-004314,Metro,Telangana,Warangal,50.19,90,5,0,0,0,100.0,3,68.89,21,15,84.96,86.16,74,1,14,80,Rehabilitation & Resettlement,35,73.86,0.0848,49,11,0,0
BG-42-004315,Irrigation,Telangana,Warangal,24.53,66,4,4,1,2,58.83,4,0.0,56,100,0.0,0.0,0,3,68,103,Notification,98,0.0,0.4332,192,84,1,374
BG-42-004316,Highway,Madhya Pradesh,Bhopal,166.1,387,7,0,7,1,67.23,6,20.83,231,80,0.0,3.86,0,2,19,236,Compensation,64,21.15,0.3962,70,72,1,253
BG-42-004317,Industrial Corridor,Uttar Pradesh,Varanasi,117.93,195,7,1,4,0,76.53,3,54.25,71,54,70.79,88.42,126,1,9,141,Possession,195,97.34,0.3968,7,38,1,209
BG-42-004318,Industrial Corridor,Karnataka,Kalaburagi,123.33,95,8,1,2,2,93.59,1,61.29,26,65,81.56,76.04,77,0,0,96,Rehabilitation & Resettlement,118,84.68,0.7878,192,24,0,0
BG-42-004319,Industrial Corridor,Karnataka,Belagavi,278.26,522,9,0,6,0,78.81,7,84.59,51,18,75.81,93.31,385,1,25,236,Rehabilitation & Resettlement,36,97.35,0.1818,219,59,0,0
BG-42-004320,Metro,Karnataka,Mysuru,66.5,76,5,0,2,0,80.74,1,30.4,45,108,32.9,19.77,24,0,3,58,Award,46,49.78,0.3554,227,27,0,0
BG-42-004321,Industrial Corridor,Madhya Pradesh,Jabalpur,139.44,201,9,3,6,4,68.82,5,58.38,58,75,55.72,35.09,112,3,49,145,Rehabilitation & Resettlement,99,66.16,0.3306,195,92,1,278
BG-42-004322,Industrial Corridor,Rajasthan,Jodhpur,90.27,148,4,1,3,2,79.34,3,46.69,52,40,39.33,47.11,53,5,58,152,Compensation,73,69.82,0.1199,249,54,1,266
BG-42-004323,Power Transmission,Tamil Nadu,Coimbatore,79.92,79,4,1,6,4,74.38,4,87.68,7,17,85.53,84.21,66,1,14,130,Compensation,167,72.86,0.4921,150,95,1,243
BG-42-004324,Railway,Uttar Pradesh,Agra,243.54,385,8,0,9,1,75.87,7,13.15,239,66,8.43,0.0,30,3,12,229,Notification,82,16.46,0.3126,252,91,1,311
BG-42-004325,Metro,Karnataka,Belagavi,452.82,816,12,2,10,4,63.7,10,0.0,501,107,0.0,0.0,0,4,67,321,Survey,75,0.0,0.4273,330,127,0,0
BG-42-004326,Industrial Corridor,Rajasthan,Jodhpur,60.63,127,6,1,1,2,97.84,2,83.68,16,33,70.54,65.27,81,0,9,103,Compensation,61,100.0,0.5026,173,39,0,0
BG-42-004327,Railway,Uttar Pradesh,Kanpur Nagar,166.83,376,5,0,4,0,77.3,3,26.33,184,76,15.6,16.84,57,1,0,289,Notification,82,5.26,0.5115,125,50,0,0
BG-42-004328,Highway,Telangana,Karimnagar,110.53,292,6,2,9,2,72.7,5,97.07,5,0,66.29,62.31,184,2,50,271,Rehabilitation & Resettlement,113,82.57,0.2332,157,97,1,239
BG-42-004329,Irrigation,Maharashtra,Nagpur,111.6,275,5,0,5,1,97.2,1,71.25,75,14,63.62,72.04,161,3,35,196,Rehabilitation & Resettlement,254,70.37,0.4086,248,37,0,0
BG-42-004330,Highway,Madhya Pradesh,Bhopal,104.35,279,6,4,7,3,71.62,5,60.82,99,39,100.0,99.38,272,2,69,232,Possession,198,100.0,0.7724,130,87,1,412
BG-42-004331,Highway,Maharashtra,Thane,65.6,189,6,1,3,1,61.75,3,0.0,171,92,0.0,0.27,0,2,62,144,Survey,79,17.8,0.3357,241,59,1,268
BG-42-004332,Industrial Corridor,Uttar Pradesh,Varanasi,8.0,53,4,0,5,1,88.35,4,94.81,2,0,69.45,65.98,36,1,11,93,Possession,136,100.0,0.1809,7,89,0,0
BG-42-004333,Highway,Tamil Nadu,Coimbatore,292.32,376,9,1,7,0,82.02,3,0.0,281,79,0.0,3.58,0,0,39,242,Notification,44,4.94,0.0638,350,74,1,426
BG-42-004334,Highway,Gujarat,Rajkot,49.12,9,4,1,2,1,91.01,0,67.76,2,13,31.76,28.87,3,1,23,34,Award,57,57.26,0.2264,94,49,0,0
BG-42-004335,Highway,Gujarat,Rajkot,70.58,118,5,1,6,4,92.32,0,78.14,22,30,60.36,66.45,68,5,88,127,Rehabilitation & Resettlement,173,100.0,0.3876,234,61,0,0
BG-42-004336,Highway,Karnataka,Kalaburagi,71.79,130,6,2,4,1,52.36,6,0.0,87,128,0.0,0.0,0,3,69,120,Notification,71,0.0,0.262,304,53,1,364
BG-42-004337,Railway,Uttar Pradesh,Kanpur Nagar,45.74,150,7,0,1,0,63.04,1,1.78,102,97,0.0,0.0,0,2,12,54,Notification,152,0.0,0.375,441,6,0,0
BG-42-004338,Power Transmission,Rajasthan,Udaipur,103.77,176,5,1,4,2,69.55,5,0.0,157,109,0.0,0.0,0,2,41,149,Notification,100,13.8,0.4373,367,60,1,250
BG-42-004339,Railway,Uttar Pradesh,Agra,82.64,170,7,1,6,3,100.0,2,42.56,59,92,51.29,41.42,87,0,20,123,Award,33,63.71,0.2496,218,78,0,0
BG-42-004340,Railway,Maharashtra,Thane,48.27,108,5,1,3,1,83.22,3,93.67,4,30,95.77,83.2,93,1,41,62,Rehabilitation & Resettlement,73,100.0,0.6091,156,31,0,0
BG-42-004341,Industrial Corridor,Karnataka,Belagavi,96.49,153,7,0,1,1,57.43,4,42.61,62,60,37.74,28.86,53,3,44,72,Survey,103,45.65,0.466,267,9,1,193
BG-42-004342,Railway,Rajasthan,Jodhpur,83.39,90,6,0,2,0,80.71,3,21.54,54,36,38.01,38.92,32,0,8,83,Survey,35,44.79,0.4074,174,40,0,0
BG-42-004343,Metro,Tamil Nadu,Chennai,179.88,212,9,2,4,2,75.09,5,50.28,78,73,50.85,52.49,105,1,15,119,Compensation,243,96.86,0.4495,403,90,1,374
BG-42-004344,Railway,Rajasthan,Udaipur,29.3,3,4,0,1,1,94.57,0,33.7,1,49,61.59,66.03,2,1,25,41,Objections,48,39.98,0.1403,161,68,0,0
BG-42-004345,Railway,Karnataka,Belagavi,44.96,60,4,1,5,1,100.0,4,52.64,18,55,36.53,30.97,20,3,30,90,Rehabilitation & Resettlement,63,69.71,0.3883,183,58,0,0
BG-42-004346,Railway,Gujarat,Rajkot,152.97,221,7,1,5,1,86.64,4,91.07,14,31,76.17,82.39,162,2,38,137,Possession,55,100.0,0.6094,50,67,1,198
BG-42-004347,Highway,Karnataka,Belagavi,51.33,94,6,0,3,2,77.29,3,41.25,33,49,31.87,29.39,27,1,24,89,Rehabilitation & Resettlement,25,79.07,0.4394,84,29,1,137
BG-42-004348,Irrigation,Gujarat,Vadodara,41.57,111,4,0,2,1,100.0,1,100.0,0,7,83.47,86.84,91,1,47,132,Possession,41,100.0,0.6033,103,60,0,0
BG-42-004349,Irrigation,Telangana,Hyderabad,53.4,128,2,2,8,4,60.6,7,5.64,102,62,2.42,1.32,3,1,0,294,Award,90,15.59,0.8722,339,105,1,458
BG-42-004350,Power Transmission,Tamil Nadu,Coimbatore,78.98,174,5,2,3,2,100.0,1,68.71,31,19,59.76,51.9,94,3,76,144,Rehabilitation & Resettlement,178,100.0,0.4744,218,71,1,249
BG-42-004351,Highway,Karnataka,Belagavi,79.22,89,6,0,1,0,70.74,0,20.21,63,69,4.17,0.0,4,2,55,77,Survey,21,8.14,0.257,268,41,1,184
BG-42-004352,Power Transmission,Maharashtra,Pune,72.39,139,5,0,3,0,50.51,4,0.0,91,49,0.0,0.0,0,0,7,119,Notification,31,0.0,0.6275,467,37,0,0
BG-42-004353,Industrial Corridor,Tamil Nadu,Chennai,37.61,101,4,1,3,1,100.0,0,90.42,8,47,91.36,81.66,83,4,74,131,Compensation,107,100.0,0.7405,7,81,0,0
BG-42-004354,Highway,Maharashtra,Nagpur,158.94,286,9,0,2,3,71.85,3,0.0,177,82,0.0,0.0,0,2,25,112,Notification,32,0.0,0.6382,357,21,1,189
BG-42-004355,Irrigation,Madhya Pradesh,Bhopal,247.39,514,5,1,12,3,70.59,6,50.03,148,56,100.0,100.0,488,4,40,448,Possession,73,90.59,0.6493,7,92,1,437
BG-42-004356,Power Transmission,Madhya Pradesh,Jabalpur,18.57,72,4,0,2,0,76.6,4,39.71,28,26,64.08,70.03,45,4,80,78,Compensation,75,80.9,0.439,110,22,1,273
BG-42-004357,Highway,Madhya Pradesh,Indore,24.71,46,4,0,2,1,81.79,2,73.12,11,13,84.17,90.7,36,0,10,93,Possession,40,85.14,0.713,128,34,0,0
BG-42-004358,Irrigation,Madhya Pradesh,Indore,191.0,393,10,1,4,2,71.88,3,36.04,192,55,42.43,15.41,148,2,48,181,Objections,73,51.69,0.2785,215,55,1,321
BG-42-004359,Highway,Rajasthan,Jaipur,300.62,638,9,4,15,6,74.77,7,30.5,387,44,53.89,48.18,323,4,47,327,Award,162,58.71,0.21,148,145,1,496
BG-42-004360,Metro,Tamil Nadu,Coimbatore,15.59,71,4,3,1,4,81.81,2,78.12,12,43,88.55,84.43,56,6,103,108,Rehabilitation & Resettlement,103,79.48,0.3744,114,37,0,0
BG-42-004361,Highway,Uttar Pradesh,Varanasi,164.41,422,7,0,5,2,92.59,4,64.0,141,55,25.65,20.32,98,3,22,267,Objections,41,54.0,0.7011,142,37,1,177
BG-42-004362,Highway,Tamil Nadu,Madurai,317.44,410,9,3,7,4,75.32,2,72.55,73,41,43.4,27.67,157,3,96,248,Compensation,137,77.45,0.3817,100,99,1,309
BG-42-004363,Irrigation,Telangana,Warangal,42.95,29,7,2,0,1,79.0,0,57.77,7,50,62.28,68.49,17,2,54,41,Compensation,91,72.84,0.4683,250,73,1,169
BG-42-004364,Industrial Corridor,Uttar Pradesh,Lucknow,303.0,320,8,3,3,4,93.43,0,62.43,81,46,81.21,93.77,245,8,137,147,Possession,139,100.0,0.5332,236,64,1,307
BG-42-004365,Highway,Uttar Pradesh,Agra,74.26,77,4,0,2,1,100.0,0,97.74,1,0,98.16,93.42,71,1,0,73,Rehabilitation & Resettlement,50,96.68,0.6525,470,43,0,0
BG-42-004366,Power Transmission,Gujarat,Rajkot,110.14,131,7,1,6,1,76.13,2,2.28,87,89,19.7,35.4,25,4,79,100,Survey,104,0.0,0.3762,180,81,1,314
BG-42-004367,Irrigation,Tamil Nadu,Salem,48.16,164,5,2,10,1,77.64,6,39.63,76,65,62.74,42.18,101,3,60,206,Award,99,72.55,0.3733,103,102,0,0
BG-42-004368,Irrigation,Tamil Nadu,Coimbatore,190.72,369,7,1,9,1,100.0,4,80.66,55,35,87.74,76.91,298,2,57,224,Compensation,76,88.58,0.4254,87,72,0,0
BG-42-004369,Irrigation,Karnataka,Belagavi,166.93,430,7,0,8,3,72.85,5,0.0,291,70,0.0,0.0,0,2,46,287,Survey,40,0.0,0.2844,445,80,1,328
BG-42-004370,Irrigation,Maharashtra,Pune,340.28,325,10,1,10,2,73.71,7,79.94,60,26,66.67,69.86,207,1,56,205,Award,68,71.8,0.3745,115,82,0,0
BG-42-004371,Industrial Corridor,Maharashtra,Thane,271.1,456,9,1,9,4,65.81,7,12.42,279,70,13.51,12.16,54,4,60,238,Objections,221,16.38,0.4147,242,84,1,390
BG-42-004372,Railway,Uttar Pradesh,Lucknow,85.0,42,5,2,1,3,88.52,0,30.38,22,64,39.41,28.67,15,1,50,79,Survey,107,53.98,0.6496,130,28,1,226
BG-42-004373,Irrigation,Madhya Pradesh,Indore,1029.37,1460,15,1,11,7,74.24,6,35.06,715,67,34.28,38.19,466,2,40,442,Award,85,47.03,0.1786,339,116,1,472
BG-42-004374,Highway,Tamil Nadu,Salem,252.3,285,8,0,9,2,69.77,7,0.0,256,45,32.29,34.95,91,6,59,142,Survey,64,0.0,0.4667,394,94,1,354
BG-42-004375,Highway,Gujarat,Vadodara,131.95,223,7,1,10,3,61.04,6,39.18,114,77,36.15,29.83,74,3,58,214,Compensation,61,73.14,0.6465,247,93,1,256
BG-42-004376,Metro,Tamil Nadu,Salem,38.56,77,4,0,2,1,83.69,3,15.52,43,78,0.0,0.0,0,2,13,80,Survey,30,18.5,0.6206,323,30,1,172
BG-42-004377,Railway,Tamil Nadu,Coimbatore,25.18,50,2,1,5,1,71.1,0,71.71,12,56,81.72,70.7,37,6,92,129,Rehabilitation & Resettlement,71,93.36,0.284,107,75,0,0
BG-42-004378,Industrial Corridor,Karnataka,Bengaluru Urban,26.95,48,5,0,0,1,67.15,2,42.22,18,9,21.87,24.15,10,2,19,56,Survey,117,25.67,0.3889,179,64,0,0
BG-42-004379,Irrigation,Rajasthan,Jaipur,40.57,53,5,0,1,0,99.19,1,96.88,2,23,100.0,88.49,48,1,15,49,Possession,28,100.0,0.4319,123,19,0,0
BG-42-004380,Metro,Gujarat,Ahmedabad,257.71,309,10,1,0,1,67.07,1,1.27,264,71,20.55,8.12,57,1,8,100,Notification,86,0.0,0.2242,382,15,0,0
BG-42-004381,Industrial Corridor,Tamil Nadu,Chennai,126.43,225,5,1,3,0,72.41,5,44.21,74,70,72.92,83.92,163,1,58,158,Compensation,117,69.19,0.1837,205,98,1,311
BG-42-004382,Railway,Rajasthan,Jodhpur,52.42,99,5,2,4,0,63.47,6,9.74,80,102,37.63,36.37,35,3,44,108,Objections,145,42.91,0.2595,73,58,1,307
BG-42-004383,Industrial Corridor,Uttar Pradesh,Lucknow,76.81,143,5,2,5,4,78.16,4,0.0,112,127,12.59,4.83,18,2,43,135,Survey,133,0.97,0.1957,279,53,0,0
BG-42-004384,Highway,Tamil Nadu,Chennai,69.67,212,5,1,3,0,63.82,7,38.54,82,66,25.34,7.94,49,3,46,183,Award,221,62.57,0.76,253,61,1,280
BG-42-004385,Highway,Gujarat,Surat,162.4,229,5,3,7,2,75.01,4,44.91,72,27,71.98,70.89,154,3,65,227,Rehabilitation & Resettlement,78,59.03,0.6866,51,155,1,358
BG-42-004386,Industrial Corridor,Rajasthan,Kota,42.39,132,3,0,4,1,91.67,4,81.13,17,11,100.0,98.12,118,1,2,231,Possession,28,100.0,0.1984,152,46,0,0
BG-42-004387,Metro,Maharashtra,Nagpur,113.27,205,6,2,5,3,56.96,8,0.0,161,102,0.0,6.89,0,7,104,147,Objections,107,0.0,0.8762,8,60,1,322
BG-42-004388,Railway,Uttar Pradesh,Lucknow,108.86,122,5,0,3,1,100.0,0,18.05,91,72,26.09,5.26,30,1,23,98,Survey,40,24.51,0.4704,481,33,0,0
BG-42-004389,Railway,Uttar Pradesh,Agra,43.42,125,3,5,3,4,54.24,5,71.57,33,33,38.88,30.86,48,2,71,181,Rehabilitation & Resettlement,159,95.97,0.5386,43,71,1,264
BG-42-004390,Highway,Telangana,Nizamabad,305.03,405,11,1,7,1,89.25,2,36.78,175,73,48.38,50.78,194,2,64,174,Compensation,109,36.24,0.2269,431,92,0,0
BG-42-004391,Industrial Corridor,Tamil Nadu,Coimbatore,67.6,178,8,1,1,1,63.16,5,22.32,79,118,6.27,2.95,11,0,27,69,Survey,34,15.85,0.1253,72,29,1,219
BG-42-004392,Railway,Madhya Pradesh,Indore,38.7,52,4,0,1,0,78.41,5,100.0,0,7,81.15,84.86,38,1,54,33,Rehabilitation & Resettlement,53,100.0,0.1373,252,26,0,0
BG-42-004393,Metro,Rajasthan,Udaipur,169.41,390,5,0,6,2,81.02,3,58.71,133,58,42.94,43.08,165,0,8,349,Award,35,53.7,0.6054,198,45,0,0
BG-42-004394,Irrigation,Karnataka,Mysuru,89.44,246,6,2,2,4,69.07,3,45.36,91,64,56.38,56.11,130,3,57,149,Compensation,111,74.02,0.4372,246,62,0,0
BG-42-004395,Power Transmission,Uttar Pradesh,Lucknow,118.72,290,4,0,2,0,82.24,1,52.64,126,27,35.35,38.25,94,1,3,262,Objections,30,55.52,0.5356,487,114,0,0
BG-42-004396,Highway,Madhya Pradesh,Indore,33.19,13,2,0,3,1,89.39,6,67.86,4,6,43.37,31.57,5,0,0,35,Award,54,66.73,0.5499,122,32,0,0
BG-42-004397,Industrial Corridor,Tamil Nadu,Chennai,164.01,391,8,0,5,1,77.59,3,22.78,213,71,14.36,15.07,50,0,12,225,Survey,25,33.07,0.2749,324,37,1,204
BG-42-004398,Highway,Gujarat,Ahmedabad,486.84,919,9,0,16,2,62.92,9,88.51,59,18,76.65,77.76,642,1,17,494,Rehabilitation & Resettlement,84,82.33,0.3552,53,136,1,365
BG-42-004399,Highway,Telangana,Warangal,31.18,55,4,0,1,0,74.39,3,30.14,24,54,45.45,60.29,22,0,34,68,Survey,19,50.46,0.5138,109,44,0,0
BG-42-004400,Industrial Corridor,Gujarat,Ahmedabad,113.68,247,4,0,2,0,98.29,1,37.81,140,55,54.6,35.9,125,2,31,216,Rehabilitation & Resettlement,36,60.41,0.5345,161,23,1,191
BG-42-004401,Highway,Maharashtra,Nashik,45.68,46,5,2,0,3,94.84,4,100.0,0,0,95.56,90.39,40,3,40,40,Rehabilitation & Resettlement,82,100.0,0.879,105,40,1,136
BG-42-004402,Railway,Tamil Nadu,Chennai,736.33,935,14,0,14,6,98.41,9,78.95,175,20,96.86,99.2,898,0,0,354,Rehabilitation & Resettlement,91,100.0,0.0667,79,155,0,0
BG-42-004403,Irrigation,Tamil Nadu,Madurai,230.84,450,7,4,9,5,57.26,8,0.0,303,105,0.0,5.08,0,6,143,299,Notification,169,0.0,0.5724,251,113,1,510
BG-42-004404,Power Transmission,Tamil Nadu,Chennai,107.31,275,6,0,4,1,84.01,4,10.05,155,65,5.42,1.72,15,1,28,212,Objections,17,34.44,0.817,174,43,1,200
BG-42-004405,Irrigation,Madhya Pradesh,Bhopal,32.06,61,3,0,2,0,73.99,4,79.92,11,1,61.16,56.46,35,2,17,86,Award,111,92.23,0.3134,289,30,0,0
BG-42-004406,Irrigation,Maharashtra,Thane,38.91,75,3,2,6,3,73.64,6,63.5,23,21,40.11,36.29,28,3,91,153,Compensation,90,85.5,0.5547,386,59,1,255
BG-42-004407,Railway,Rajasthan,Jaipur,155.56,179,6,4,8,2,66.44,7,67.46,33,89,66.67,76.0,116,4,78,160,Possession,158,50.92,0.5849,231,96,1,385
BG-42-004408,Industrial Corridor,Madhya Pradesh,Indore,28.79,80,5,3,3,1,83.46,1,37.2,45,50,32.93,30.57,25,2,23,95,Award,84,43.21,0.5191,160,52,0,0
BG-42-004409,Railway,Madhya Pradesh,Jabalpur,29.52,56,2,1,2,3,62.95,3,68.65,16,38,71.3,63.6,37,2,22,98,Possession,118,87.69,0.5085,266,35,0,0
BG-42-004410,Industrial Corridor,Rajasthan,Jodhpur,86.23,247,5,1,6,1,82.59,5,23.89,109,85,17.12,10.24,38,2,36,295,Survey,61,29.66,0.2949,139,93,1,337
BG-42-004411,Railway,Madhya Pradesh,Indore,95.27,201,6,0,6,0,79.14,4,38.11,82,75,33.04,25.08,63,4,51,185,Award,94,58.46,0.1364,134,88,0,0
BG-42-004412,Highway,Uttar Pradesh,Lucknow,116.05,147,7,2,5,4,67.51,7,0.0,139,132,0.0,4.69,0,1,39,100,Notification,93,8.9,0.4512,283,123,1,348
BG-42-004413,Highway,Rajasthan,Jodhpur,60.24,149,5,0,5,3,83.74,5,71.47,31,4,66.52,73.25,97,1,57,149,Rehabilitation & Resettlement,36,98.51,0.74,11,36,1,77
BG-42-004414,Power Transmission,Rajasthan,Udaipur,178.77,428,7,1,6,4,87.46,2,44.97,153,53,25.67,10.09,98,2,33,260,Survey,56,41.3,0.4544,236,112,1,362
BG-42-004415,Highway,Maharashtra,Nagpur,42.97,96,4,1,4,1,77.61,2,21.42,44,55,25.95,19.88,23,2,39,123,Objections,114,51.6,0.4613,221,50,1,312
BG-42-004416,Industrial Corridor,Maharashtra,Thane,141.36,190,8,0,5,1,95.2,1,41.64,62,56,60.3,62.82,105,0,0,112,Rehabilitation & Resettlement,54,64.57,0.5685,7,58,0,0
BG-42-004417,Power Transmission,Madhya Pradesh,Jabalpur,101.63,139,5,0,4,1,89.35,4,54.09,42,26,86.97,87.03,120,0,10,91,Compensation,37,88.77,0.2356,362,37,0,0
BG-42-004418,Power Transmission,Karnataka,Kalaburagi,138.45,176,6,0,4,0,50.01,7,0.0,138,86,0.0,0.0,0,1,66,169,Notification,36,4.4,0.1414,157,44,1,310
BG-42-004419,Railway,Tamil Nadu,Coimbatore,220.43,278,10,1,4,5,64.75,4,0.0,213,72,0.0,4.73,0,3,26,132,Notification,67,0.0,0.4346,79,56,1,331
BG-42-004420,Highway,Rajasthan,Kota,59.49,113,5,1,1,1,84.24,2,49.33,37,29,43.86,53.07,49,4,25,105,Award,65,60.36,0.1503,195,28,0,0
BG-42-004421,Irrigation,Rajasthan,Kota,50.46,136,5,3,4,3,72.7,4,24.93,59,63,42.21,34.51,53,6,81,107,Objections,129,36.93,0.7292,282,62,1,321
BG-42-004422,Industrial Corridor,Rajasthan,Udaipur,22.18,28,4,0,0,0,64.32,4,5.41,17,59,3.8,0.0,1,3,21,44,Survey,55,0.0,0.1204,163,5,0,0
BG-42-004423,Railway,Madhya Pradesh,Jabalpur,17.03,43,3,1,2,3,100.0,0,67.0,11,42,90.6,87.86,35,0,19,70,Compensation,59,72.69,0.5652,240,46,1,171
BG-42-004424,Irrigation,Telangana,Warangal,74.38,131,4,1,5,2,73.76,5,28.34,52,61,32.28,21.6,40,1,48,156,Survey,66,29.38,0.6998,559,114,0,0
BG-42-004425,Highway,Madhya Pradesh,Bhopal,78.57,182,6,0,1,0,89.77,1,74.05,29,28,83.08,86.81,135,0,12,89,Compensation,21,87.5,0.2855,220,44,0,0
BG-42-004426,Metro,Gujarat,Rajkot,35.91,53,4,1,1,0,67.69,1,17.62,38,48,26.13,15.88,12,2,50,57,Award,82,16.4,0.0778,136,30,1,263
BG-42-004427,Highway,Madhya Pradesh,Indore,42.65,8,3,0,3,1,100.0,3,31.56,3,63,32.56,46.31,2,1,22,58,Survey,64,36.87,0.2766,437,33,0,0
BG-42-004428,Highway,Rajasthan,Udaipur,289.68,390,7,0,9,1,63.21,7,2.89,293,75,0.0,0.0,0,3,37,269,Survey,63,9.86,0.278,149,74,1,306
BG-42-004429,Railway,Rajasthan,Kota,172.55,359,7,0,4,3,67.74,4,12.24,278,98,19.87,16.92,64,1,24,248,Objections,43,20.42,0.3918,112,80,0,0
BG-42-004430,Industrial Corridor,Telangana,Hyderabad,31.21,111,2,2,4,2,76.99,2,0.0,89,131,0.0,0.0,0,2,21,235,Notification,100,0.0,0.6287,307,195,1,396
BG-42-004431,Railway,Telangana,Nizamabad,60.11,87,5,0,2,0,63.59,3,47.61,38,55,44.47,37.27,36,3,86,117,Objections,72,32.11,0.3613,164,64,0,0
BG-42-004432,Industrial Corridor,Maharashtra,Nashik,118.49,141,6,2,4,3,93.71,0,97.17,2,31,84.55,81.13,111,3,55,104,Possession,153,100.0,0.5666,37,74,1,198
BG-42-004433,Power Transmission,Madhya Pradesh,Bhopal,51.88,123,5,0,10,4,57.79,6,60.84,27,31,64.3,63.9,70,2,23,153,Rehabilitation & Resettlement,38,97.3,0.4145,7,65,1,245
BG-42-004434,Irrigation,Gujarat,Surat,44.84,39,5,0,2,1,100.0,0,66.11,10,38,76.95,90.42,29,0,0,38,Award,105,100.0,0.3192,7,14,1,204
BG-42-004435,Highway,Madhya Pradesh,Jabalpur,65.33,109,6,0,3,1,85.03,2,45.68,51,42,50.62,51.44,53,3,44,77,Compensation,59,72.68,0.2182,188,31,0,0
BG-42-004436,Power Transmission,Gujarat,Ahmedabad,204.9,410,7,0,5,3,98.63,4,40.64,210,54,34.89,33.45,136,3,51,233,Compensation,35,81.15,0.5232,17,86,1,312
BG-42-004437,Highway,Madhya Pradesh,Jabalpur,220.33,208,9,0,1,0,90.8,2,65.76,41,26,57.47,65.5,110,4,58,95,Rehabilitation & Resettlement,71,94.55,0.5735,113,20,0,0
BG-42-004438,Industrial Corridor,Tamil Nadu,Salem,47.54,36,4,0,6,3,90.27,2,25.73,15,70,61.82,65.3,21,2,33,96,Objections,67,58.37,0.5758,110,74,0,0
BG-42-004439,Railway,Karnataka,Bengaluru Urban,123.77,270,8,0,4,1,85.13,1,17.12,133,80,36.71,44.65,96,1,9,141,Objections,90,52.87,0.3331,197,37,0,0
BG-42-004440,Industrial Corridor,Karnataka,Bengaluru Urban,85.19,112,5,0,2,0,71.62,2,31.29,72,62,6.8,0.0,7,3,46,101,Objections,50,8.26,0.5675,156,20,0,0
BG-42-004441,Highway,Tamil Nadu,Chennai,38.22,118,2,0,5,1,79.16,6,0.0,73,89,0.0,0.0,0,0,43,224,Notification,80,0.0,0.2645,394,81,1,283
BG-42-004442,Industrial Corridor,Karnataka,Belagavi,67.51,87,6,0,5,0,60.65,6,71.32,15,59,51.04,62.83,40,0,1,94,Objections,114,79.88,0.5124,283,74,0,0
BG-42-004443,Highway,Uttar Pradesh,Agra,31.14,36,5,0,4,1,74.51,3,94.44,2,8,90.61,92.66,32,0,29,53,Possession,63,99.23,0.2426,102,52,0,0
BG-42-004444,Highway,Karnataka,Kalaburagi,217.12,507,9,0,12,3,91.29,6,100.0,0,19,87.08,80.75,423,4,49,284,Possession,138,100.0,0.8513,327,93,1,249
BG-42-004445,Industrial Corridor,Karnataka,Bengaluru Urban,296.48,519,9,0,9,1,62.84,9,9.93,320,74,32.64,21.93,157,3,43,292,Survey,113,21.16,0.1763,364,56,1,357
BG-42-004446,Railway,Rajasthan,Jodhpur,61.65,107,8,1,7,1,74.44,5,37.12,46,74,55.49,50.16,53,1,46,104,Award,94,48.21,0.6647,82,78,1,266
BG-42-004447,Industrial Corridor,Telangana,Hyderabad,50.94,95,4,0,5,1,53.68,9,37.92,55,72,34.57,47.69,33,0,0,136,Award,15,45.99,0.8897,284,35,1,251
BG-42-004448,Industrial Corridor,Karnataka,Mysuru,199.07,374,9,0,6,0,50.53,7,19.25,247,88,9.86,0.0,36,1,33,181,Award,41,39.64,0.5151,105,143,1,337
BG-42-004449,Industrial Corridor,Rajasthan,Jodhpur,226.54,289,7,0,5,1,66.12,3,59.1,68,53,46.67,59.52,129,3,28,188,Compensation,99,64.41,0.9371,84,63,1,209
BG-42-004450,Power Transmission,Gujarat,Vadodara,35.11,46,5,4,3,3,76.45,0,6.22,33,122,22.83,16.13,10,0,35,72,Notification,161,0.0,0.6647,332,139,1,413
BG-42-004451,Power Transmission,Gujarat,Rajkot,76.06,117,6,2,4,3,77.16,4,62.24,26,29,66.46,64.4,72,2,51,126,Rehabilitation & Resettlement,74,97.86,0.6659,326,85,0,0
BG-42-004452,Irrigation,Maharashtra,Thane,81.68,63,6,3,3,1,64.83,4,99.97,0,1,100.0,98.16,60,4,100,57,Possession,113,100.0,0.3656,195,64,0,0
BG-42-004453,Highway,Gujarat,Ahmedabad,46.22,119,5,0,7,1,72.98,4,35.99,63,79,39.26,38.45,46,1,23,124,Compensation,45,64.11,0.6477,308,82,0,0
BG-42-004454,Industrial Corridor,Maharashtra,Pune,116.6,261,2,1,6,1,66.56,6,64.38,71,22,63.99,49.9,148,4,69,489,Compensation,134,82.16,0.7558,187,77,1,291
BG-42-004455,Power Transmission,Karnataka,Mysuru,48.91,42,5,0,0,0,97.48,1,46.59,20,51,51.16,69.11,20,0,0,2,Compensation,79,55.81,0.1752,82,4,0,0
BG-42-004456,Highway,Tamil Nadu,Coimbatore,55.58,23,4,0,1,0,81.75,1,53.88,7,64,63.52,67.38,14,0,0,47,Objections,73,65.2,0.3018,275,26,0,0
BG-42-004457,Highway,Telangana,Warangal,78.96,92,5,1,3,2,84.47,3,0.0,72,86,1.55,6.21,1,2,43,89,Survey,84,42.32,0.6102,187,44,0,0
BG-42-004458,Highway,Karnataka,Belagavi,26.02,55,3,1,3,1,71.53,3,44.25,20,46,58.52,57.39,29,2,49,66,Compensation,83,58.6,0.2464,265,44,0,0
BG-42-004459,Industrial Corridor,Telangana,Nizamabad,16.52,52,5,0,3,2,70.02,5,0.0,32,65,0.0,0.14,0,2,52,56,Notification,60,0.0,0.2832,321,27,0,0
BG-42-004460,Railway,Madhya Pradesh,Gwalior,178.51,354,8,1,6,2,94.8,3,97.6,5,18,84.05,85.83,281,2,46,222,Rehabilitation & Resettlement,118,100.0,0.7389,315,103,0,0
BG-42-004461,Industrial Corridor,Madhya Pradesh,Jabalpur,47.36,101,4,0,2,0,59.43,3,16.45,80,75,43.3,44.17,39,1,8,85,Award,42,52.48,0.2226,257,56,1,221
BG-42-004462,Industrial Corridor,Tamil Nadu,Coimbatore,472.43,490,9,1,8,1,92.37,6,48.65,150,80,20.46,11.44,98,4,65,269,Award,101,66.61,0.2299,132,93,0,0
BG-42-004463,Industrial Corridor,Maharashtra,Pune,414.66,788,12,0,6,1,100.0,1,37.21,426,63,54.65,47.47,423,1,11,308,Objections,37,54.61,0.0465,369,55,0,0
BG-42-004464,Highway,Karnataka,Mysuru,57.1,135,4,4,3,1,93.47,0,87.56,14,62,90.99,96.89,113,2,43,164,Possession,89,100.0,0.4769,107,57,1,260
BG-42-004465,Power Transmission,Telangana,Karimnagar,556.26,923,11,3,13,6,64.83,8,0.0,771,121,0.13,9.47,1,2,40,407,Survey,157,13.02,0.4377,180,116,1,484
BG-42-004466,Industrial Corridor,Karnataka,Kalaburagi,181.28,422,10,0,7,2,60.98,3,4.39,287,97,0.0,0.0,0,2,7,206,Survey,55,0.0,0.208,213,74,1,250
BG-42-004467,Highway,Gujarat,Surat,51.1,53,4,1,1,2,71.05,0,4.17,36,71,0.0,0.0,0,1,9,42,Survey,113,0.0,0.1353,239,97,0,0
BG-42-004468,Highway,Tamil Nadu,Chennai,10.85,12,3,0,2,0,92.24,1,62.99,3,61,88.94,84.86,9,1,0,55,Compensation,30,93.16,0.1105,7,17,0,0
BG-42-004469,Railway,Telangana,Hyderabad,148.49,106,7,0,1,0,100.0,1,100.0,0,0,100.0,100.0,104,0,22,77,Possession,11,100.0,0.1838,140,51,0,0
BG-42-004470,Irrigation,Rajasthan,Jaipur,87.8,68,4,0,2,0,46.16,5,26.8,28,59,16.54,13.53,11,1,0,113,Objections,21,22.74,0.3754,169,58,0,0
BG-42-004471,Railway,Rajasthan,Kota,120.92,203,4,0,5,5,100.0,3,100.0,0,0,99.31,94.75,187,2,19,224,Possession,72,100.0,0.1152,122,34,0,0
BG-42-004472,Highway,Telangana,Nizamabad,71.3,80,5,4,5,5,70.44,4,8.85,54,104,13.25,4.99,10,1,37,106,Objections,202,46.81,0.2569,181,86,1,432
BG-42-004473,Highway,Madhya Pradesh,Jabalpur,34.29,68,4,0,1,0,100.0,0,9.4,37,65,0.0,5.62,0,1,29,93,Compensation,43,9.84,0.6696,263,15,0,0
BG-42-004474,Highway,Tamil Nadu,Chennai,60.85,158,5,1,4,2,77.35,5,0.0,121,61,0.0,0.0,0,1,31,168,Notification,37,15.27,0.6872,329,61,1,328
BG-42-004475,Railway,Rajasthan,Jodhpur,150.7,328,6,0,2,1,89.92,2,40.97,116,105,54.58,50.1,165,2,36,164,Award,95,71.49,0.1985,141,48,0,0
BG-42-004476,Power Transmission,Gujarat,Ahmedabad,64.49,94,6,2,3,5,96.31,3,49.74,32,32,51.11,48.54,43,5,51,109,Compensation,100,80.71,0.1947,74,65,0,0
BG-42-004477,Metro,Telangana,Warangal,64.18,141,2,1,1,0,84.39,3,64.26,33,63,70.4,81.33,91,0,18,263,Compensation,130,84.77,0.3421,102,21,1,191
BG-42-004478,Power Transmission,Uttar Pradesh,Varanasi,25.39,83,4,2,4,0,57.55,7,24.99,48,95,25.07,25.4,19,5,74,101,Objections,97,27.58,0.7995,452,63,1,374
BG-42-004479,Highway,Tamil Nadu,Coimbatore,92.11,107,6,3,4,4,61.6,3,47.46,47,73,51.11,61.28,52,2,35,104,Rehabilitation & Resettlement,175,75.6,0.895,157,84,1,325
BG-42-004480,Metro,Telangana,Nizamabad,35.18,109,5,1,1,2,97.3,0,76.9,16,26,76.88,67.4,74,1,21,105,Possession,89,100.0,0.2249,7,35,0,0
BG-42-004481,Power Transmission,Madhya Pradesh,Indore,178.54,190,7,1,7,3,100.0,3,54.13,54,23,31.47,30.74,53,3,38,183,Award,145,49.43,0.0763,365,57,1,231
BG-42-004482,Industrial Corridor,Rajasthan,Kota,47.59,23,4,0,0,0,85.52,1,72.46,4,32,82.21,79.47,18,1,0,38,Compensation,62,72.43,0.0868,317,69,0,0
BG-42-004483,Power Transmission,Maharashtra,Nashik,67.59,133,5,1,4,0,100.0,4,100.0,0,33,100.0,100.0,128,2,47,136,Rehabilitation & Resettlement,137,100.0,0.2816,334,56,0,0
BG-42-004484,Railway,Tamil Nadu,Coimbatore,483.57,737,12,1,10,3,75.86,7,1.66,630,101,22.39,20.63,155,4,35,311,Objections,99,2.97,0.3804,256,150,1,388
BG-42-004485,Metro,Uttar Pradesh,Lucknow,67.0,98,4,0,0,0,80.57,2,100.0,0,8,81.33,72.58,79,2,60,99,Rehabilitation & Resettlement,87,100.0,0.484,100,9,0,0
BG-42-004486,Industrial Corridor,Gujarat,Vadodara,60.19,101,6,0,4,2,90.28,1,15.21,76,103,11.56,12.54,12,1,0,145,Objections,25,21.84,0.2366,130,59,1,267
BG-42-004487,Highway,Gujarat,Rajkot,136.8,274,8,3,7,3,77.15,4,33.37,138,88,58.91,61.46,145,2,67,209,Rehabilitation & Resettlement,182,64.65,0.1384,101,107,0,0
BG-42-004488,Power Transmission,Telangana,Nizamabad,20.53,44,2,0,0,0,100.0,0,0.0,35,83,21.35,31.95,8,0,5,91,Survey,80,29.94,0.4029,144,85,0,0
BG-42-004489,Railway,Maharashtra,Nagpur,232.91,328,8,1,3,1,89.32,1,41.63,135,71,48.84,43.91,155,0,46,151,Objections,27,27.64,0.4741,336,52,0,0
BG-42-004490,Highway,Uttar Pradesh,Agra,189.64,198,6,0,6,2,100.0,3,69.78,50,29,74.64,83.48,144,2,3,183,Compensation,36,83.18,0.465,348,43,0,0
BG-42-004491,Power Transmission,Gujarat,Ahmedabad,130.26,142,5,0,3,1,88.14,3,55.32,60,16,36.29,35.86,46,1,41,121,Compensation,39,54.57,0.472,335,44,0,0
BG-42-004492,Industrial Corridor,Madhya Pradesh,Gwalior,8.0,18,4,3,4,1,77.98,4,40.26,7,111,60.02,62.37,10,3,82,52,Rehabilitation & Resettlement,83,90.03,0.3442,7,60,1,279
BG-42-004493,Irrigation,Karnataka,Bengaluru Urban,69.58,61,6,3,4,1,87.81,4,41.77,21,78,73.02,76.72,44,3,63,57,Possession,183,94.64,0.5717,68,95,1,250
BG-42-004494,Irrigation,Madhya Pradesh,Jabalpur,30.93,3,4,2,1,1,94.17,2,0.0,2,49,10.55,8.27,0,0,42,20,Survey,92,28.91,0.3078,308,58,1,354
BG-42-004495,Railway,Maharashtra,Thane,210.46,531,6,2,9,1,86.75,4,28.11,233,90,35.58,22.36,186,2,28,381,Objections,76,64.73,0.4892,187,90,1,325
BG-42-004496,Industrial Corridor,Karnataka,Kalaburagi,198.75,317,8,0,7,0,72.55,4,54.72,135,66,46.6,46.6,137,3,52,230,Objections,64,48.14,0.1191,387,96,0,0
BG-42-004497,Irrigation,Telangana,Warangal,116.79,145,5,2,2,6,95.8,3,41.52,72,78,40.76,35.09,55,0,10,113,Award,204,53.0,0.3783,145,42,1,288
BG-42-004498,Highway,Telangana,Karimnagar,32.7,99,4,1,6,2,65.63,5,16.01,63,102,40.98,30.09,38,3,49,148,Award,83,38.42,0.258,177,77,1,330
BG-42-004499,Metro,Madhya Pradesh,Jabalpur,283.0,295,8,0,6,1,56.98,5,27.09,177,75,32.58,32.33,87,0,21,200,Rehabilitation & Resettlement,8,57.54,0.7762,51,52,0,0
BG-42-004500,Irrigation,Rajasthan,Jaipur,69.42,79,6,0,1,1,100.0,0,76.9,12,13,46.77,37.5,33,0,3,69,Rehabilitation & Resettlement,161,97.31,0.4842,116,21,0,0
BG-42-004501,Highway,Rajasthan,Jaipur,362.96,470,9,2,6,6,92.01,1,18.22,322,90,10.01,9.64,46,2,35,233,Notification,55,0.0,0.8193,263,70,1,288
BG-42-004502,Irrigation,Rajasthan,Udaipur,105.88,108,6,0,2,0,87.45,2,52.98,35,70,43.51,42.21,44,0,2,111,Award,111,28.13,0.6062,82,23,0,0
BG-42-004503,Metro,Rajasthan,Udaipur,128.44,125,7,0,4,0,73.5,1,96.35,4,32,91.25,88.1,111,1,15,42,Compensation,53,100.0,0.2787,124,36,0,0
BG-42-004504,Irrigation,Rajasthan,Udaipur,59.25,94,5,2,3,0,69.42,5,6.01,52,72,0.0,0.0,0,4,69,127,Award,116,7.91,0.5992,227,40,1,335
BG-42-004505,Industrial Corridor,Tamil Nadu,Coimbatore,263.9,289,9,0,6,0,86.95,3,37.66,144,82,21.67,8.76,56,1,29,123,Survey,45,20.2,0.3016,416,61,0,0
BG-42-004506,Industrial Corridor,Telangana,Warangal,139.32,150,7,0,2,0,78.81,2,52.38,56,37,18.38,18.16,27,3,46,118,Award,47,17.08,0.5943,171,23,0,0
BG-42-004507,Power Transmission,Tamil Nadu,Salem,271.6,520,7,3,9,0,69.3,4,0.0,294,98,0.0,8.22,0,2,67,347,Award,75,9.57,0.1526,147,101,1,450
BG-42-004508,Highway,Rajasthan,Jaipur,98.69,164,6,0,2,0,97.67,2,20.43,85,71,9.14,13.64,15,0,8,119,Survey,21,7.4,0.5615,155,38,0,0
BG-42-004509,Industrial Corridor,Gujarat,Rajkot,82.46,175,7,1,5,3,90.5,7,65.22,46,76,78.97,67.04,133,2,4,160,Rehabilitation & Resettlement,60,100.0,0.5228,209,49,0,0
BG-42-004510,Irrigation,Rajasthan,Kota,137.84,87,7,1,1,1,62.83,2,15.81,45,52,7.57,2.63,6,4,61,56,Objections,77,0.0,0.3641,148,46,0,0
BG-42-004511,Irrigation,Rajasthan,Kota,271.52,515,8,0,7,1,64.05,6,64.49,124,28,74.89,70.98,377,3,58,289,Compensation,60,93.59,0.7762,21,55,1,227
BG-42-004512,Irrigation,Maharashtra,Nashik,193.13,420,8,0,5,2,76.87,6,46.14,151,62,23.36,11.53,87,0,43,209,Award,147,59.78,0.5914,231,83,1,303
BG-42-004513,Industrial Corridor,Tamil Nadu,Salem,95.64,184,5,0,4,1,83.49,7,88.81,12,17,100.0,93.52,165,5,27,164,Possession,79,100.0,0.4528,7,27,0,0
BG-42-004514,Industrial Corridor,Uttar Pradesh,Varanasi,19.38,57,3,0,2,0,85.61,0,29.73,27,64,13.46,3.95,7,0,4,114,Survey,62,29.78,0.3118,412,16,0,0
BG-42-004515,Industrial Corridor,Uttar Pradesh,Lucknow,163.74,246,6,2,2,3,68.88,5,13.06,133,106,31.12,41.88,72,1,47,171,Survey,97,35.71,0.2564,184,61,1,275
BG-42-004516,Industrial Corridor,Madhya Pradesh,Jabalpur,27.09,49,6,0,2,1,79.85,0,14.08,37,51,26.17,25.91,13,2,26,67,Objections,47,33.77,0.4213,275,45,1,197
BG-42-004517,Industrial Corridor,Madhya Pradesh,Gwalior,88.06,123,8,0,4,0,95.46,0,66.52,28,24,75.33,85.3,92,0,0,93,Award,12,47.96,0.2649,248,46,0,0
BG-42-004518,Highway,Gujarat,Ahmedabad,78.05,116,5,4,0,0,76.48,0,12.84,91,148,0.0,0.33,0,3,67,82,Objections,215,47.25,0.3907,72,132,1,461
BG-42-004519,Highway,Tamil Nadu,Madurai,27.54,56,5,1,1,2,91.8,1,74.14,12,16,100.0,100.0,54,1,30,37,Rehabilitation & Resettlement,95,100.0,0.1726,192,44,0,0
BG-42-004520,Industrial Corridor,Maharashtra,Pune,115.35,191,8,0,1,0,64.5,0,34.97,117,64,35.46,22.49,67,0,16,97,Objections,113,52.85,0.662,203,26,0,0
BG-42-004521,Railway,Telangana,Nizamabad,479.84,578,10,3,8,3,67.79,8,0.0,533,96,0.0,8.37,0,4,38,242,Notification,138,0.0,0.304,239,86,1,437
BG-42-004522,Railway,Madhya Pradesh,Gwalior,66.68,172,3,0,6,1,87.29,4,72.43,41,0,78.6,75.95,133,2,44,236,Award,112,81.86,0.5047,7,101,0,0
BG-42-004523,Highway,Uttar Pradesh,Kanpur Nagar,158.02,183,9,2,2,2,97.8,2,71.32,45,23,89.47,86.65,149,2,58,73,Rehabilitation & Resettlement,87,98.56,0.3183,238,43,0,0
BG-42-004524,Power Transmission,Telangana,Hyderabad,563.72,1032,12,1,14,2,69.5,8,64.64,296,23,66.3,72.59,606,4,63,437,Rehabilitation & Resettlement,86,64.96,0.366,322,98,1,446
BG-42-004525,Irrigation,Madhya Pradesh,Bhopal,170.73,164,7,0,0,1,100.0,0,100.0,0,25,100.0,97.62,153,0,0,101,Rehabilitation & Resettlement,71,100.0,0.4004,176,26,0,0
BG-42-004526,Industrial Corridor,Rajasthan,Kota,51.12,143,5,0,3,0,82.65,3,61.34,52,23,62.18,64.27,78,1,48,148,Compensation,19,63.85,0.426,7,59,0,0
BG-42-004527,Irrigation,Karnataka,Kalaburagi,103.5,81,5,0,1,1,80.71,5,44.35,27,74,73.82,64.71,54,0,2,72,Rehabilitation & Resettlement,70,67.76,0.1888,186,44,0,0
BG-42-004528,Irrigation,Maharashtra,Nashik,125.79,266,10,0,5,0,90.81,3,77.49,49,13,97.64,100.0,245,1,23,159,Compensation,35,87.26,0.1792,76,51,1,178
BG-42-004529,Highway,Telangana,Karimnagar,269.63,441,8,0,3,1,81.02,3,7.59,247,90,0.97,0.0,4,0,13,228,Objections,41,25.06,0.0297,128,47,0,0
BG-42-004530,Highway,Rajasthan,Jodhpur,226.16,497,8,0,5,1,86.05,2,77.52,67,32,74.9,64.44,368,0,21,237,Compensation,49,88.57,0.2186,61,43,1,136
BG-42-004531,Highway,Karnataka,Bengaluru Urban,9.34,50,5,0,0,0,96.31,0,87.02,5,18,100.0,91.04,46,0,8,0,Rehabilitation & Resettlement,29,100.0,0.7197,179,12,0,0
BG-42-004532,Highway,Maharashtra,Nagpur,43.17,111,6,1,5,3,86.66,2,38.28,52,77,38.33,26.51,42,1,29,101,Objections,56,61.18,0.3431,238,44,0,0
BG-42-004533,Industrial Corridor,Madhya Pradesh,Gwalior,80.96,78,7,1,2,2,100.0,2,63.13,24,45,74.36,57.9,53,2,38,71,Compensation,88,81.35,0.1035,156,31,0,0
BG-42-004534,Railway,Tamil Nadu,Coimbatore,38.01,70,4,1,3,2,97.89,2,42.61,35,72,17.5,16.27,11,0,0,126,Award,90,65.72,0.2029,254,33,0,0
BG-42-004535,Irrigation,Tamil Nadu,Salem,8.0,40,3,0,1,1,90.14,0,35.16,15,31,24.04,12.39,9,0,0,73,Award,227,40.27,0.2239,103,57,0,0
BG-42-004536,Industrial Corridor,Gujarat,Vadodara,47.92,137,2,2,4,3,61.2,5,0.0,122,75,0.0,0.0,0,2,60,248,Survey,132,0.0,0.3017,206,93,1,419
BG-42-004537,Railway,Tamil Nadu,Coimbatore,85.38,192,5,0,3,1,66.09,5,56.87,48,30,43.37,24.46,78,3,44,164,Compensation,93,73.46,0.5717,44,86,1,190
BG-42-004538,Irrigation,Madhya Pradesh,Jabalpur,56.25,161,5,2,4,1,82.62,4,62.77,55,26,79.93,90.58,121,3,59,162,Rehabilitation & Resettlement,67,73.22,0.5107,7,54,1,196
BG-42-004539,Irrigation,Gujarat,Surat,38.57,62,5,0,1,0,100.0,1,46.08,27,55,23.55,25.66,13,0,26,72,Survey,159,48.57,0.2681,177,10,0,0
BG-42-004540,Power Transmission,Tamil Nadu,Chennai,88.51,144,8,0,4,0,97.42,3,24.1,81,68,35.64,16.98,47,2,29,99,Objections,139,27.1,0.4143,47,48,0,0
BG-42-004541,Power Transmission,Tamil Nadu,Salem,112.67,146,7,0,2,3,66.14,4,0.0,107,116,0.0,0.0,0,0,24,73,Notification,16,7.74,0.3999,228,47,0,0
BG-42-004542,Irrigation,Telangana,Warangal,58.86,106,6,0,3,1,55.4,3,0.0,59,101,3.44,0.0,4,2,15,112,Notification,91,0.0,0.5172,323,80,1,249
BG-42-004543,Industrial Corridor,Rajasthan,Kota,256.57,362,8,0,7,1,90.23,5,62.58,95,26,64.21,60.96,231,1,54,192,Possession,67,78.75,0.549,155,84,0,0
BG-42-004544,Irrigation,Madhya Pradesh,Jabalpur,89.67,82,7,2,0,0,90.58,3,52.43,23,58,52.31,53.21,40,3,100,56,Award,137,49.87,0.2491,174,49,0,0
BG-42-004545,Highway,Tamil Nadu,Chennai,42.64,76,4,0,1,0,78.43,4,31.86,41,77,38.7,24.6,28,1,38,61,Objections,59,56.3,0.5071,162,176,1,166
BG-42-004546,Industrial Corridor,Maharashtra,Nagpur,34.83,85,6,1,3,2,84.54,3,40.13,42,73,41.91,32.07,32,1,50,28,Objections,75,73.57,0.3338,163,77,1,244
BG-42-004547,Metro,Madhya Pradesh,Indore,72.21,89,6,1,4,0,71.44,4,70.77,24,38,76.45,70.33,60,2,39,89,Possession,151,100.0,0.3555,249,47,0,0
BG-42-004548,Highway,Karnataka,Belagavi,208.67,297,8,1,6,2,76.77,4,0.0,254,75,0.0,2.17,0,2,59,179,Objections,162,6.08,0.455,317,49,0,0
BG-42-004549,Highway,Telangana,Warangal,44.3,102,3,0,2,2,88.56,0,61.83,37,38,60.72,55.86,57,0,2,120,Rehabilitation & Resettlement,20,73.33,0.6236,110,33,0,0
BG-42-004550,Highway,Gujarat,Rajkot,137.92,176,8,1,2,0,86.71,3,34.45,74,46,41.91,41.56,70,0,39,120,Objections,22,51.04,0.4433,474,22,1,273
BG-42-004551,Railway,Karnataka,Bengaluru Urban,92.36,217,6,1,0,1,67.96,0,10.26,161,98,1.54,0.0,3,2,12,91,Notification,45,0.0,0.3159,273,24,1,303
BG-42-004552,Highway,Telangana,Hyderabad,421.82,933,11,0,10,3,95.87,4,34.74,398,73,50.81,42.92,436,1,2,386,Compensation,25,74.58,0.5799,264,84,0,0
BG-42-004553,Railway,Maharashtra,Nashik,117.0,230,7,0,7,0,57.72,6,0.0,142,76,0.0,3.67,0,3,69,190,Notification,52,0.0,0.5812,335,51,1,292
BG-42-004554,Power Transmission,Uttar Pradesh,Lucknow,48.98,127,5,1,1,2,59.27,5,78.53,21,33,63.35,65.66,80,2,29,103,Compensation,57,94.88,0.7399,7,81,0,0
BG-42-004555,Industrial Corridor,Tamil Nadu,Chennai,154.33,246,8,0,7,2,75.56,6,13.57,160,80,31.57,31.95,72,1,22,166,Objections,140,43.52,0.3265,99,83,1,398
BG-42-004556,Industrial Corridor,Gujarat,Vadodara,158.54,215,6,0,4,0,92.89,1,100.0,0,9,85.28,89.54,162,4,23,139,Rehabilitation & Resettlement,88,100.0,0.3705,260,51,0,0
BG-42-004557,Highway,Rajasthan,Udaipur,62.33,87,6,2,2,4,100.0,1,70.02,21,27,86.85,89.51,75,0,28,68,Rehabilitation & Resettlement,67,80.19,0.4333,72,62,0,0
BG-42-004558,Power Transmission,Rajasthan,Kota,33.74,115,3,0,2,3,84.82,2,94.25,5,0,82.51,76.38,89,0,0,164,Rehabilitation & Resettlement,78,100.0,0.6227,178,35,0,0
BG-42-004559,Highway,Uttar Pradesh,Kanpur Nagar,131.48,165,7,0,1,0,75.64,3,13.84,115,89,2.62,5.09,4,1,4,70,Notification,59,0.0,0.4048,240,32,0,0
BG-42-004560,Railway,Gujarat,Rajkot,90.09,184,6,0,5,1,81.06,2,61.2,42,45,29.79,28.79,50,1,9,108,Compensation,51,70.29,0.594,258,61,0,0
BG-42-004561,Metro,Karnataka,Mysuru,25.45,59,3,0,1,2,80.24,2,98.06,1,20,87.26,83.16,46,1,7,68,Possession,28,100.0,0.1653,7,44,0,0
BG-42-004562,Irrigation,Gujarat,Ahmedabad,104.96,275,6,1,4,2,80.68,3,1.68,181,93,0.0,0.0,0,1,26,182,Objections,52,11.64,0.3919,260,54,1,283
BG-42-004563,Irrigation,Maharashtra,Thane,51.44,111,4,0,2,0,86.33,6,68.98,22,6,23.42,29.88,24,0,5,77,Objections,30,47.75,0.2759,222,47,1,95
BG-42-004564,Power Transmission,Maharashtra,Nagpur,25.47,64,3,1,2,0,90.67,0,100.0,0,14,96.4,100.0,60,3,27,80,Rehabilitation & Resettlement,56,100.0,0.2203,73,25,0,0
BG-42-004565,Industrial Corridor,Gujarat,Surat,64.61,154,5,1,4,0,73.52,6,0.0,118,91,0.0,0.0,0,3,63,177,Survey,104,0.0,0.6622,212,48,1,314
BG-42-004566,Metro,Karnataka,Belagavi,238.97,403,8,1,4,1,77.55,3,100.0,0,0,80.26,72.86,309,2,26,228,Compensation,85,100.0,0.1474,324,39,0,0
BG-42-004567,Industrial Corridor,Telangana,Nizamabad,225.08,483,6,0,8,5,63.67,6,39.91,239,21,74.74,68.53,353,0,10,355,Rehabilitation & Resettlement,27,65.36,0.5828,249,71,1,308
BG-42-004568,Highway,Karnataka,Bengaluru Urban,182.62,222,8,2,5,3,77.0,6,0.0,152,71,0.0,4.0,0,0,45,147,Notification,82,0.0,0.4977,448,109,1,386
BG-42-004569,Highway,Karnataka,Bengaluru Urban,106.21,263,6,1,1,0,90.41,2,58.07,89,30,66.22,56.34,173,1,13,112,Compensation,134,79.16,0.4098,118,45,1,156
BG-42-004570,Irrigation,Madhya Pradesh,Jabalpur,137.92,294,6,0,7,0,83.76,4,35.91,121,57,50.15,47.31,131,3,60,253,Compensation,102,68.1,0.2387,100,46,1,297
BG-42-004571,Irrigation,Karnataka,Bengaluru Urban,92.66,235,4,0,3,0,75.97,3,23.39,154,82,5.92,9.09,12,2,19,197,Objections,76,0.0,0.545,7,59,1,143
BG-42-004572,Railway,Madhya Pradesh,Jabalpur,35.37,98,4,0,0,0,88.6,3,100.0,0,33,100.0,100.0,94,0,21,71,Possession,19,100.0,0.3603,7,15,0,0
BG-42-004573,Highway,Tamil Nadu,Coimbatore,41.5,38,4,2,5,3,66.11,4,0.0,24,87,0.0,1.73,0,3,35,74,Survey,195,7.16,0.2731,279,53,1,382
BG-42-004574,Highway,Telangana,Hyderabad,52.68,69,6,0,4,0,86.69,2,64.65,16,45,24.19,10.2,16,1,26,82,Objections,44,73.98,0.1304,354,47,0,0
BG-42-004575,Metro,Madhya Pradesh,Jabalpur,262.72,516,6,0,9,3,100.0,3,64.15,165,40,44.09,45.26,207,1,0,348,Rehabilitation & Resettlement,99,70.02,0.3884,54,78,1,257
BG-42-004576,Highway,Maharashtra,Nashik,202.62,197,6,2,5,4,64.76,8,0.0,185,116,29.34,21.34,54,1,26,139,Survey,108,5.36,0.325,93,111,0,0
BG-42-004577,Industrial Corridor,Tamil Nadu,Coimbatore,36.09,63,3,0,2,0,78.27,1,67.49,18,59,74.93,69.33,45,1,5,111,Rehabilitation & Resettlement,44,100.0,0.6341,242,55,0,0
BG-42-004578,Highway,Rajasthan,Jaipur,89.36,195,6,1,2,2,84.28,3,4.44,146,111,36.59,22.04,65,0,21,169,Notification,35,18.88,0.306,274,44,0,0
BG-42-004579,Highway,Telangana,Nizamabad,62.05,36,6,0,0,1,100.0,1,71.37,6,43,58.01,63.91,20,0,9,20,Award,81,68.58,0.1745,21,67,0,0
BG-42-004580,Railway,Karnataka,Kalaburagi,75.64,147,6,3,5,2,59.19,4,0.0,83,99,0.0,2.45,0,2,57,146,Notification,122,0.0,0.5466,190,101,1,487
BG-42-004581,Power Transmission,Karnataka,Belagavi,55.77,57,3,0,0,1,68.48,2,61.39,16,39,51.53,44.22,27,2,41,64,Compensation,26,75.57,0.1741,389,16,0,0
BG-42-004582,Railway,Tamil Nadu,Chennai,263.63,373,8,1,7,1,89.89,3,94.25,16,17,100.0,100.0,371,2,36,240,Rehabilitation & Resettlement,79,100.0,0.4003,108,84,0,0
BG-42-004583,Metro,Karnataka,Kalaburagi,84.34,99,5,0,6,2,70.23,4,87.12,12,10,86.95,91.28,79,2,60,135,Rehabilitation & Resettlement,44,100.0,0.2348,195,41,1,157
BG-42-004584,Industrial Corridor,Tamil Nadu,Chennai,101.79,266,7,1,8,4,100.0,4,83.11,31,4,80.15,88.23,188,0,0,214,Possession,60,100.0,0.5066,7,98,1,187
BG-42-004585,Power Transmission,Karnataka,Mysuru,102.45,206,5,1,2,1,92.97,2,100.0,0,0,70.8,73.22,136,1,22,141,Compensation,86,100.0,0.2106,210,101,0,0
BG-42-004586,Railway,Telangana,Hyderabad,37.63,34,3,0,1,1,69.43,2,68.42,8,2,93.32,87.6,32,3,46,41,Rehabilitation & Resettlement,43,100.0,0.4458,154,16,0,0
BG-42-004587,Power Transmission,Telangana,Karimnagar,93.4,125,6,2,3,4,59.76,7,35.58,62,62,62.13,51.59,71,4,80,101,Award,138,73.1,0.2165,7,46,1,347
BG-42-004588,Railway,Karnataka,Bengaluru Urban,200.31,325,9,0,5,2,84.79,2,72.85,64,27,75.46,90.76,216,1,26,163,Possession,22,100.0,0.2513,79,81,0,0
BG-42-004589,Industrial Corridor,Rajasthan,Kota,278.15,480,8,0,7,1,82.38,5,85.4,61,25,74.75,70.05,331,0,6,278,Compensation,80,100.0,0.2334,126,56,0,0
BG-42-004590,Metro,Gujarat,Ahmedabad,34.18,29,4,1,0,0,100.0,0,89.24,2,21,100.0,97.87,27,0,16,0,Possession,96,100.0,0.2292,107,37,0,0
BG-42-004591,Irrigation,Gujarat,Ahmedabad,25.41,100,2,0,3,2,100.0,2,7.53,86,93,24.3,25.7,23,0,11,229,Objections,73,40.96,0.2781,207,51,0,0
BG-42-004592,Irrigation,Madhya Pradesh,Jabalpur,89.99,169,3,1,0,0,67.98,3,60.61,43,39,29.78,34.95,49,1,33,221,Award,34,41.42,0.4317,48,44,0,0
BG-42-004593,Power Transmission,Gujarat,Rajkot,207.96,322,5,4,6,2,82.04,3,64.7,87,72,67.11,63.84,206,4,84,282,Rehabilitation & Resettlement,109,89.54,0.4432,234,81,1,391
BG-42-004594,Irrigation,Gujarat,Ahmedabad,114.17,218,6,1,5,3,95.2,4,20.72,125,85,36.99,42.87,72,0,15,165,Survey,25,15.9,0.33,190,58,0,0
BG-42-004595,Highway,Maharashtra,Pune,147.56,297,6,0,5,0,92.54,3,1.97,176,72,12.39,31.08,35,2,24,207,Survey,27,46.06,0.4312,192,82,1,275
BG-42-004596,Industrial Corridor,Maharashtra,Nashik,28.84,100,5,0,3,0,67.81,5,75.25,23,47,81.87,77.93,82,4,64,89,Possession,80,84.05,0.5967,195,89,0,0
BG-42-004597,Highway,Rajasthan,Udaipur,54.19,155,5,1,0,2,84.78,2,24.43,98,66,21.06,23.93,31,1,41,115,Award,90,34.98,0.311,292,19,0,0
BG-42-004598,Railway,Madhya Pradesh,Bhopal,14.78,3,4,1,3,2,51.34,6,15.09,2,76,27.88,18.88,1,0,0,24,Survey,52,19.23,0.3472,400,90,1,286
BG-42-004599,Metro,Uttar Pradesh,Lucknow,76.4,125,6,0,5,1,87.91,5,13.97,66,74,16.99,12.31,21,2,50,110,Objections,69,43.78,0.2929,205,51,1,150
BG-42-004600,Power Transmission,Gujarat,Surat,15.16,56,3,0,2,2,67.81,3,33.26,34,70,45.34,37.46,23,3,46,52,Award,73,55.07,0.756,114,15,0,0
BG-42-004601,Industrial Corridor,Karnataka,Mysuru,248.67,501,7,3,8,5,80.27,5,63.23,128,81,56.19,46.24,276,5,88,315,Compensation,135,69.33,0.5796,203,128,1,383
BG-42-004602,Power Transmission,Uttar Pradesh,Lucknow,297.04,300,7,0,4,0,96.81,4,81.83,37,5,72.75,62.89,200,3,61,176,Possession,72,100.0,0.2655,264,38,0,0
BG-42-004603,Industrial Corridor,Telangana,Nizamabad,95.82,54,7,0,4,2,91.3,3,100.0,0,24,88.48,97.81,45,1,40,101,Possession,66,100.0,0.7424,12,32,0,0
BG-42-004604,Irrigation,Gujarat,Vadodara,25.53,91,3,1,2,4,86.83,1,70.51,24,64,95.51,100.0,77,3,42,124,Compensation,115,92.34,0.4366,63,66,1,272
BG-42-004605,Irrigation,Maharashtra,Pune,115.65,210,4,1,3,2,76.94,2,49.41,78,75,39.69,48.37,79,5,95,157,Compensation,171,71.52,0.522,132,33,1,381
BG-42-004606,Power Transmission,Madhya Pradesh,Jabalpur,378.91,424,10,1,5,2,84.47,5,0.0,346,78,0.0,0.0,0,1,30,198,Objections,34,0.0,0.1648,343,115,1,335
BG-42-004607,Highway,Madhya Pradesh,Bhopal,125.28,147,5,3,0,2,75.49,1,58.52,43,75,51.95,57.04,76,2,34,107,Rehabilitation & Resettlement,142,88.88,0.5619,7,77,1,332
BG-42-004608,Metro,Uttar Pradesh,Varanasi,220.96,500,8,0,8,2,91.93,4,17.33,389,76,34.52,21.92,161,0,0,269,Survey,41,14.25,0.4011,393,76,1,293
BG-42-004609,Power Transmission,Tamil Nadu,Coimbatore,58.08,158,4,2,1,1,79.88,4,0.0,98,74,0.0,0.0,0,2,60,185,Survey,161,0.0,0.1672,165,51,1,376
BG-42-004610,Irrigation,Rajasthan,Jaipur,42.65,81,6,0,1,1,100.0,0,100.0,0,0,93.92,89.61,70,2,33,64,Possession,111,100.0,0.609,262,90,0,0
BG-42-004611,Highway,Telangana,Hyderabad,80.91,181,6,2,3,0,92.91,4,80.11,29,7,77.61,77.51,140,3,28,115,Rehabilitation & Resettlement,64,99.6,0.5456,7,107,0,0
BG-42-004612,Railway,Uttar Pradesh,Agra,18.33,67,5,1,3,1,64.74,3,0.0,59,92,2.59,0.0,2,0,40,104,Objections,37,0.0,0.4343,244,112,1,297
BG-42-004613,Railway,Maharashtra,Nagpur,523.88,457,11,4,7,7,68.98,7,56.37,145,65,61.23,61.23,267,5,114,209,Compensation,157,89.38,0.3935,130,88,1,371
BG-42-004614,Railway,Maharashtra,Nagpur,95.75,173,5,1,7,1,63.94,6,45.75,57,55,37.36,36.22,58,3,64,180,Award,90,58.01,0.5808,186,54,1,270
BG-42-004615,Power Transmission,Telangana,Hyderabad,171.3,165,6,2,1,1,60.53,1,0.0,125,79,0.0,0.0,0,3,54,92,Objections,77,2.29,0.7547,343,62,1,308
BG-42-004616,Highway,Telangana,Hyderabad,59.19,127,4,1,2,2,93.74,0,57.26,46,25,56.19,50.98,64,0,31,123,Objections,129,64.44,0.399,342,38,0,0
BG-42-004617,Railway,Telangana,Hyderabad,24.92,100,6,2,2,4,77.94,1,1.89,70,100,0.0,1.28,0,0,0,48,Survey,65,0.0,0.2457,507,93,0,0
BG-42-004618,Industrial Corridor,Karnataka,Mysuru,267.91,227,8,6,4,7,70.62,4,22.82,153,109,47.66,60.27,108,1,38,128,Compensation,141,40.52,0.3127,352,87,1,388
BG-42-004619,Railway,Karnataka,Mysuru,34.84,100,4,0,3,1,100.0,3,32.72,60,60,37.5,32.69,34,1,18,95,Award,19,48.54,0.1676,357,29,0,0
BG-42-004620,Highway,Uttar Pradesh,Agra,113.19,146,8,1,3,1,53.49,6,29.54,90,51,53.44,62.18,76,3,49,115,Award,84,33.69,0.4994,213,51,0,0
BG-42-004621,Industrial Corridor,Karnataka,Kalaburagi,122.05,213,7,0,3,0,83.38,1,0.0,155,76,19.25,12.21,38,1,22,133,Survey,39,24.67,0.1692,171,74,0,0
BG-42-004622,Metro,Uttar Pradesh,Kanpur Nagar,90.85,130,5,1,5,2,85.11,6,88.36,11,31,88.73,81.28,106,2,0,166,Possession,116,100.0,0.2307,133,94,0,0
BG-42-004623,Irrigation,Rajasthan,Jodhpur,45.71,137,5,1,6,1,91.38,3,66.87,34,23,38.28,43.61,47,2,41,177,Compensation,61,52.26,0.5813,188,50,0,0
BG-42-004624,Power Transmission,Tamil Nadu,Coimbatore,75.97,182,5,1,6,6,97.33,2,93.52,8,26,75.82,86.86,131,2,1,160,Possession,48,100.0,0.2041,257,58,0,0
BG-42-004625,Irrigation,Maharashtra,Nagpur,40.04,38,5,0,3,1,88.49,2,14.82,20,68,15.36,5.72,5,0,16,59,Survey,40,26.38,0.2859,156,50,0,0
BG-42-004626,Highway,Uttar Pradesh,Varanasi,163.59,318,8,0,15,3,89.2,8,56.25,94,37,43.8,26.78,131,3,6,272,Compensation,52,80.41,0.8399,253,123,1,345
BG-42-004627,Power Transmission,Gujarat,Vadodara,135.27,105,6,1,4,1,66.4,3,75.52,19,50,67.18,62.39,70,4,83,102,Rehabilitation & Resettlement,85,96.51,0.3517,100,42,0,0
BG-42-004628,Industrial Corridor,Rajasthan,Jaipur,84.17,129,6,1,2,2,76.77,4,16.41,85,78,42.55,51.05,53,0,23,117,Objections,62,20.72,0.3945,203,39,0,0
BG-42-004629,Industrial Corridor,Tamil Nadu,Coimbatore,54.34,60,7,1,4,3,72.45,3,40.56,34,44,4.91,6.19,3,1,35,68,Survey,70,29.15,0.494,280,42,1,263
BG-42-004630,Metro,Tamil Nadu,Salem,462.13,364,10,0,5,2,74.85,3,25.83,222,39,21.77,6.53,72,1,21,172,Objections,32,24.72,0.5407,252,38,0,0
BG-42-004631,Highway,Rajasthan,Jodhpur,30.22,62,6,2,4,0,72.0,5,58.28,18,14,41.38,34.73,25,1,48,76,Objections,94,50.92,0.2673,353,77,1,296
BG-42-004632,Highway,Karnataka,Bengaluru Urban,24.89,45,3,1,4,1,81.97,4,56.05,12,47,30.37,30.66,13,0,35,91,Award,94,44.51,0.4345,7,74,1,239
BG-42-004633,Power Transmission,Telangana,Hyderabad,80.19,181,8,0,2,1,85.72,3,0.73,160,83,10.08,17.3,16,3,17,78,Objections,62,12.92,0.5324,191,13,0,0
BG-42-004634,Power Transmission,Telangana,Hyderabad,69.66,103,4,0,2,0,100.0,2,22.72,54,96,62.26,58.17,61,0,0,97,Objections,63,66.1,0.1142,80,46,0,0
BG-42-004635,Highway,Maharashtra,Thane,206.04,169,7,0,7,2,90.39,3,79.57,32,29,71.76,75.22,117,1,37,102,Compensation,54,89.55,0.1746,174,49,0,0
BG-42-004636,Industrial Corridor,Madhya Pradesh,Bhopal,143.58,129,9,0,8,1,83.31,5,15.61,68,82,0.0,4.14,0,1,9,132,Notification,50,0.0,0.1981,413,81,0,0
BG-42-004637,Power Transmission,Maharashtra,Nagpur,87.67,208,7,0,6,1,94.1,0,48.55,81,37,19.75,18.92,38,1,15,160,Objections,34,64.17,0.3687,240,57,1,183
BG-42-004638,Industrial Corridor,Uttar Pradesh,Kanpur Nagar,127.77,101,7,1,2,2,77.76,3,48.76,43,39,36.57,32.98,35,4,73,75,Compensation,80,62.13,0.345,139,65,1,242
BG-42-004639,Railway,Gujarat,Ahmedabad,125.93,137,5,0,1,0,84.29,2,22.23,66,81,34.23,38.0,43,0,33,134,Survey,156,67.53,0.1195,239,46,1,281
BG-42-004640,Irrigation,Tamil Nadu,Salem,460.75,840,11,0,15,1,73.33,8,25.83,373,59,32.61,27.47,253,1,31,405,Survey,151,24.72,0.5158,427,91,1,377
BG-42-004641,Industrial Corridor,Karnataka,Belagavi,104.87,129,6,1,1,1,93.45,0,9.77,79,67,17.4,10.85,21,2,60,109,Survey,154,0.0,0.0558,128,38,1,296
BG-42-004642,Industrial Corridor,Maharashtra,Thane,49.66,138,4,2,6,2,66.72,7,23.1,100,101,0.2,0.0,0,2,53,194,Notification,96,0.0,0.4106,266,80,0,0
BG-42-004643,Industrial Corridor,Gujarat,Rajkot,100.36,118,7,1,4,1,76.3,2,53.27,40,43,68.56,47.2,73,0,1,131,Award,65,88.8,0.4367,109,43,0,0
BG-42-004644,Industrial Corridor,Maharashtra,Thane,10.54,36,2,0,3,0,77.05,5,0.0,25,70,11.53,0.0,4,2,47,117,Notification,150,6.66,0.2429,276,35,1,253
BG-42-004645,Highway,Uttar Pradesh,Varanasi,83.42,123,4,0,8,3,87.35,2,8.06,79,115,19.11,16.86,23,1,0,162,Objections,33,42.79,0.4983,359,93,0,0
BG-42-004646,Irrigation,Uttar Pradesh,Varanasi,205.28,219,6,3,5,2,78.65,3,89.74,21,17,98.45,100.0,211,0,52,183,Possession,85,100.0,0.557,12,89,0,0
BG-42-004647,Railway,Madhya Pradesh,Jabalpur,138.62,192,9,0,3,1,91.4,0,95.89,5,1,76.72,78.05,138,1,11,116,Possession,74,93.34,0.3592,65,20,0,0
BG-42-004648,Power Transmission,Madhya Pradesh,Indore,108.73,250,5,2,6,3,92.95,2,10.31,125,111,6.17,14.49,15,2,61,233,Survey,120,0.0,0.3631,97,66,1,386
BG-42-004649,Irrigation,Telangana,Hyderabad,143.94,196,6,0,7,3,71.31,6,57.62,64,75,22.03,18.48,43,4,51,216,Objections,75,1.31,0.8355,187,73,1,276
BG-42-004650,Industrial Corridor,Gujarat,Surat,206.98,155,6,2,2,2,70.99,4,20.06,102,81,36.5,37.14,56,1,8,114,Award,47,24.82,0.567,44,63,1,239
BG-42-004651,Industrial Corridor,Rajasthan,Jodhpur,267.79,646,10,2,11,0,88.37,5,77.52,87,63,71.18,65.23,408,2,55,329,Rehabilitation & Resettlement,89,100.0,0.3016,134,113,1,353
BG-42-004652,Highway,Tamil Nadu,Chennai,122.48,165,5,1,2,1,64.06,3,80.34,19,24,80.79,61.75,132,3,59,131,Rehabilitation & Resettlement,62,97.44,0.3694,238,65,0,0
BG-42-004653,Metro,Karnataka,Kalaburagi,66.49,44,4,3,1,1,64.6,7,0.0,35,84,6.86,0.0,3,4,63,47,Survey,131,0.0,0.5322,253,67,1,430
BG-42-004654,Industrial Corridor,Madhya Pradesh,Gwalior,13.45,3,3,3,2,3,74.21,3,14.24,2,70,31.35,24.57,1,4,91,20,Survey,116,24.07,0.2861,178,55,1,339
BG-42-004655,Highway,Uttar Pradesh,Kanpur Nagar,187.27,431,7,3,8,3,70.87,10,14.45,251,114,26.88,27.09,112,1,46,263,Award,70,46.59,0.7502,189,111,1,398
BG-42-004656,Highway,Uttar Pradesh,Kanpur Nagar,129.3,138,7,0,8,4,99.89,6,81.98,18,30,91.84,78.14,125,3,36,151,Possession,34,100.0,0.1733,7,64,0,0
BG-42-004657,Irrigation,Karnataka,Kalaburagi,96.75,70,5,0,0,0,85.45,0,100.0,0,11,100.0,100.0,64,3,52,86,Possession,47,100.0,0.2944,7,4,0,0
BG-42-004658,Railway,Tamil Nadu,Coimbatore,49.38,36,6,0,0,1,90.35,0,14.24,28,61,0.0,1.21,0,0,9,22,Survey,92,0.0,0.5664,236,5,1,174
BG-42-004659,Railway,Gujarat,Vadodara,185.33,302,7,2,6,0,93.94,6,50.38,89,48,58.07,44.19,158,0,15,208,Compensation,183,93.47,0.0867,418,70,0,0
BG-42-004660,Highway,Uttar Pradesh,Varanasi,69.7,83,4,0,2,1,73.7,1,53.55,27,50,34.71,38.14,27,1,24,75,Survey,87,51.66,0.6149,239,36,1,103
BG-42-004661,Industrial Corridor,Rajasthan,Jodhpur,83.3,121,4,2,2,2,72.46,5,40.73,44,45,14.9,11.34,18,4,65,88,Compensation,165,42.45,0.5052,256,57,1,332
BG-42-004662,Metro,Karnataka,Kalaburagi,81.88,126,5,0,5,1,76.82,4,95.04,4,0,90.11,76.65,110,1,9,133,Possession,50,98.19,0.3842,97,36,0,0
BG-42-004663,Power Transmission,Maharashtra,Pune,122.72,177,5,0,4,1,88.71,0,29.06,116,54,21.71,19.52,36,2,9,145,Award,45,22.36,0.6344,348,47,0,0
BG-42-004664,Metro,Madhya Pradesh,Bhopal,34.16,60,5,0,1,0,75.56,1,0.0,49,87,7.32,0.0,4,3,50,34,Notification,29,0.88,0.2113,300,44,1,219
BG-42-004665,Highway,Uttar Pradesh,Varanasi,134.3,319,5,0,6,1,94.52,3,80.17,41,16,72.8,79.91,205,1,9,236,Compensation,75,96.3,0.5512,186,68,0,0
BG-42-004666,Metro,Tamil Nadu,Madurai,48.1,115,4,2,2,3,73.53,2,30.65,73,100,47.56,30.9,50,5,90,87,Award,133,54.71,0.5576,338,82,1,277
BG-42-004667,Highway,Tamil Nadu,Salem,49.47,76,3,4,4,5,91.87,1,68.34,19,80,68.6,74.16,48,1,49,128,Rehabilitation & Resettlement,168,94.44,0.0841,7,87,0,0
BG-42-004668,Power Transmission,Gujarat,Vadodara,173.85,171,6,1,8,5,93.65,2,14.0,115,84,25.28,36.26,40,2,41,209,Objections,74,19.19,0.2697,349,110,1,350
BG-42-004669,Highway,Rajasthan,Jaipur,38.63,87,6,0,2,0,90.43,2,100.0,0,0,92.72,100.0,75,1,37,60,Possession,29,100.0,0.4882,196,22,0,0
BG-42-004670,Highway,Uttar Pradesh,Agra,173.6,371,9,0,5,1,77.35,6,51.05,114,52,52.14,59.79,189,1,19,197,Objections,43,53.77,0.5599,256,47,0,0
BG-42-004671,Metro,Madhya Pradesh,Indore,92.86,173,7,1,4,1,71.65,6,21.76,118,65,20.52,14.89,33,1,17,104,Survey,56,16.56,0.4694,303,79,1,172
BG-42-004672,Highway,Madhya Pradesh,Bhopal,22.91,51,2,0,0,1,100.0,2,20.98,36,18,23.56,21.21,11,2,34,75,Objections,74,15.56,0.2405,252,29,1,177
BG-42-004673,Metro,Karnataka,Belagavi,255.08,586,7,1,10,2,64.08,7,0.0,369,122,0.0,0.0,0,2,49,341,Notification,76,2.1,0.365,134,90,1,479
BG-42-004674,Metro,Gujarat,Ahmedabad,109.75,235,8,0,3,2,64.17,6,63.25,49,14,34.51,22.4,75,2,44,122,Objections,82,73.74,0.603,7,38,0,0
BG-42-004675,Irrigation,Madhya Pradesh,Indore,117.37,342,6,1,5,1,68.45,2,72.81,72,68,41.48,45.61,138,4,56,193,Compensation,110,81.26,0.4414,210,90,0,0
BG-42-004676,Highway,Uttar Pradesh,Kanpur Nagar,191.67,365,6,0,3,4,74.27,4,1.11,333,84,4.78,7.9,17,1,64,212,Survey,184,21.01,0.5869,433,45,1,340
BG-42-004677,Industrial Corridor,Maharashtra,Pune,284.11,311,10,1,4,2,87.96,5,19.15,172,98,42.77,43.48,122,0,0,135,Survey,39,26.23,0.177,273,45,0,0
BG-42-004678,Industrial Corridor,Karnataka,Kalaburagi,100.57,225,6,1,3,1,89.21,3,0.0,180,118,0.0,0.0,0,3,46,145,Survey,97,0.0,0.4148,63,45,1,285
BG-42-004679,Highway,Gujarat,Vadodara,140.31,162,7,2,2,2,48.78,2,0.0,99,112,0.0,4.06,0,6,93,108,Notification,111,0.0,0.3469,152,40,1,425
BG-42-004680,Industrial Corridor,Madhya Pradesh,Gwalior,115.23,60,3,0,1,0,100.0,0,97.35,1,13,100.0,100.0,58,1,33,94,Possession,38,100.0,0.2417,107,29,0,0
BG-42-004681,Power Transmission,Karnataka,Mysuru,65.09,144,5,0,1,1,96.04,0,100.0,0,8,85.23,76.54,121,2,43,106,Possession,93,100.0,0.4329,317,17,0,0
BG-42-004682,Power Transmission,Rajasthan,Kota,24.13,44,5,1,1,2,95.12,0,0.0,34,94,4.85,3.14,2,0,47,65,Notification,79,11.54,0.5273,278,45,1,272
BG-42-004683,Irrigation,Uttar Pradesh,Agra,101.69,139,5,1,5,1,87.44,3,72.45,29,9,67.6,78.1,92,2,56,106,Rehabilitation & Resettlement,114,85.29,0.4743,174,55,0,0
BG-42-004684,Industrial Corridor,Tamil Nadu,Chennai,258.05,297,10,2,8,1,73.79,5,70.2,73,27,56.46,59.51,157,2,46,190,Rehabilitation & Resettlement,125,46.31,0.2033,67,138,1,339
BG-42-004685,Railway,Gujarat,Rajkot,136.55,141,5,2,5,0,100.0,2,73.32,25,2,96.23,100.0,135,1,55,140,Possession,129,100.0,0.3991,45,70,0,0
BG-42-004686,Irrigation,Madhya Pradesh,Bhopal,36.45,51,4,0,2,1,88.26,0,10.77,41,69,30.09,41.76,14,5,67,33,Objections,85,44.56,0.4224,106,52,1,242
BG-42-004687,Highway,Karnataka,Kalaburagi,206.03,399,10,0,10,1,77.33,8,28.46,233,36,36.03,31.55,130,3,24,243,Objections,69,20.35,0.3331,391,81,1,219
BG-42-004688,Industrial Corridor,Maharashtra,Nagpur,66.85,88,4,1,2,1,96.13,1,17.21,56,87,39.69,35.06,33,1,57,101,Award,97,35.48,0.3632,216,66,0,0
BG-42-004689,Power Transmission,Tamil Nadu,Madurai,16.06,57,4,1,2,2,100.0,0,52.74,25,9,71.47,69.69,41,0,15,59,Rehabilitation & Resettlement,47,81.38,0.2345,202,44,0,0
BG-42-004690,Irrigation,Tamil Nadu,Chennai,193.32,177,8,0,0,0,100.0,0,75.18,35,20,43.11,24.01,70,1,3,99,Rehabilitation & Resettlement,19,90.09,0.5564,7,11,0,0
BG-42-004691,Irrigation,Gujarat,Vadodara,40.19,122,4,1,4,1,64.64,4,52.64,53,52,45.21,50.84,51,0,49,142,Award,47,35.85,0.3155,118,81,1,300
BG-42-004692,Highway,Rajasthan,Kota,355.88,398,9,2,6,2,60.45,3,23.04,190,81,43.56,44.73,168,4,81,222,Objections,113,41.75,0.3022,139,70,1,343
BG-42-004693,Industrial Corridor,Maharashtra,Thane,214.48,499,7,1,5,2,100.0,2,71.89,85,4,91.43,83.26,454,1,39,292,Rehabilitation & Resettlement,84,98.64,0.572,197,83,0,0
BG-42-004694,Highway,Tamil Nadu,Salem,71.36,64,5,2,2,0,70.54,5,61.82,15,70,51.21,47.22,30,4,44,43,Rehabilitation & Resettlement,90,73.45,0.5391,47,73,1,257
BG-42-004695,Power Transmission,Gujarat,Surat,123.65,277,6,1,7,1,58.78,6,46.22,132,53,41.98,29.0,111,7,125,187,Award,99,52.34,0.4511,38,60,1,389
BG-42-004696,Industrial Corridor,Uttar Pradesh,Kanpur Nagar,595.34,361,10,1,2,3,87.54,2,50.51,141,41,57.62,64.24,186,1,2,120,Compensation,38,71.76,0.5701,288,45,0,0
BG-42-004697,Highway,Rajasthan,Jodhpur,190.57,326,9,0,6,1,68.28,6,14.54,264,53,23.94,22.0,73,2,63,184,Award,36,26.85,0.3503,125,52,1,327
BG-42-004698,Power Transmission,Tamil Nadu,Coimbatore,103.6,156,5,1,8,1,92.59,3,20.64,76,71,41.31,43.78,61,1,15,169,Award,92,44.68,0.366,325,66,0,0
BG-42-004699,Metro,Tamil Nadu,Chennai,863.78,1085,12,0,15,4,97.52,5,58.03,353,10,36.33,34.7,348,2,10,445,Compensation,118,82.58,0.4795,100,117,1,306
BG-42-004700,Metro,Karnataka,Bengaluru Urban,94.07,159,5,1,4,1,78.68,4,81.25,18,27,82.1,93.59,127,2,66,135,Rehabilitation & Resettlement,54,100.0,0.4344,180,59,0,0
BG-42-004701,Irrigation,Maharashtra,Thane,136.38,240,5,0,3,3,91.58,2,83.61,35,0,94.8,84.41,217,3,9,155,Possession,95,100.0,0.3567,129,43,0,0
BG-42-004702,Industrial Corridor,Maharashtra,Nashik,40.49,47,4,2,0,2,81.77,0,51.69,20,44,39.21,29.47,17,2,55,52,Award,150,56.25,0.3712,178,28,0,0
BG-42-004703,Industrial Corridor,Rajasthan,Jodhpur,22.43,81,2,5,4,5,82.02,4,0.0,70,103,0.0,0.0,0,2,55,193,Objections,116,18.1,0.3519,35,101,1,416
BG-42-004704,Highway,Karnataka,Belagavi,68.02,49,6,0,1,1,85.14,2,32.87,21,45,16.77,21.51,7,0,36,38,Award,128,50.12,0.1556,144,25,0,0
BG-42-004705,Highway,Rajasthan,Kota,88.3,291,7,1,3,2,94.68,0,0.0,212,79,17.9,0.0,48,1,19,164,Survey,90,0.0,0.3275,300,41,1,306
BG-42-004706,Highway,Madhya Pradesh,Indore,111.43,163,6,1,3,3,78.9,0,38.42,90,49,27.29,10.77,41,1,31,141,Objections,62,26.83,0.6874,128,40,1,231
BG-42-004707,Railway,Gujarat,Rajkot,27.5,14,2,2,0,0,100.0,0,0.0,11,95,0.0,0.0,0,2,14,40,Notification,98,8.67,0.2402,264,56,1,313
BG-42-004708,Railway,Rajasthan,Jaipur,145.26,174,6,0,1,1,87.33,5,40.81,60,70,37.21,42.8,60,1,23,135,Award,45,41.88,0.7126,255,20,0,0
BG-42-004709,Metro,Maharashtra,Nashik,44.07,30,5,0,0,0,62.74,6,1.36,26,109,20.58,24.93,6,1,46,44,Survey,45,0.0,0.3096,284,9,1,159
BG-42-004710,Industrial Corridor,Uttar Pradesh,Lucknow,139.35,293,4,0,4,3,93.16,5,29.75,145,79,46.41,35.43,129,1,57,270,Objections,41,55.33,0.3149,287,58,0,0
BG-42-004711,Highway,Madhya Pradesh,Jabalpur,180.9,260,6,5,3,3,72.17,2,57.84,65,89,54.09,36.74,127,5,130,167,Rehabilitation & Resettlement,148,98.23,0.5466,146,82,1,402
BG-42-004712,Industrial Corridor,Uttar Pradesh,Lucknow,62.4,89,3,1,6,2,50.04,5,28.55,46,87,39.94,51.64,34,1,60,157,Objections,105,33.62,0.6877,7,53,1,272
BG-42-004713,Irrigation,Telangana,Karimnagar,39.6,114,4,2,4,2,86.1,1,69.48,20,38,93.94,87.68,106,0,26,130,Compensation,53,100.0,0.4153,115,99,0,0
BG-42-004714,Highway,Gujarat,Vadodara,294.39,354,11,1,9,2,94.73,3,77.66,46,22,58.21,63.02,189,0,14,183,Possession,58,100.0,0.7118,7,97,1,236
BG-42-004715,Industrial Corridor,Tamil Nadu,Chennai,172.14,172,6,2,2,2,86.33,3,28.17,87,105,43.48,48.35,68,5,73,127,Compensation,99,43.14,0.5963,163,31,0,0
BG-42-004716,Highway,Karnataka,Belagavi,96.7,159,7,2,2,3,82.8,5,34.09,92,68,39.34,28.82,56,2,26,102,Survey,63,44.16,0.6128,324,59,0,0
BG-42-004717,Metro,Maharashtra,Nashik,277.2,223,8,4,5,5,64.79,5,2.22,126,83,0.0,0.0,0,3,82,132,Objections,107,13.15,0.3012,357,70,1,459
BG-42-004718,Power Transmission,Tamil Nadu,Madurai,91.52,173,4,0,2,0,82.14,1,84.84,19,27,85.68,90.29,145,2,42,144,Compensation,98,99.31,0.2298,264,60,0,0
BG-42-004719,Highway,Tamil Nadu,Chennai,52.12,87,7,1,3,2,63.92,3,21.79,53,103,0.0,0.0,0,6,92,77,Award,116,52.39,0.5339,271,57,1,266
BG-42-004720,Railway,Gujarat,Vadodara,38.42,58,7,0,1,0,97.56,0,2.64,51,98,5.42,0.0,3,0,23,29,Survey,83,13.91,0.2905,228,39,0,0
BG-42-004721,Irrigation,Rajasthan,Jaipur,78.55,128,6,0,2,1,98.89,0,70.98,29,25,95.46,92.65,110,1,0,82,Award,12,63.43,0.1782,213,70,0,0
BG-42-004722,Highway,Uttar Pradesh,Lucknow,158.76,138,7,0,3,1,65.58,2,46.11,57,69,50.03,44.26,68,2,29,80,Compensation,46,51.38,0.3863,280,61,0,0
BG-42-004723,Industrial Corridor,Gujarat,Vadodara,260.29,394,8,1,6,2,95.97,3,37.67,179,41,44.81,50.52,168,1,45,214,Objections,63,47.02,0.2226,398,64,1,283
BG-42-004724,Industrial Corridor,Telangana,Nizamabad,87.25,159,5,2,3,1,100.0,0,50.63,60,62,100.0,100.0,144,3,33,125,Compensation,99,89.84,0.5924,212,58,0,0
BG-42-004725,Highway,Gujarat,Surat,225.99,443,8,0,8,3,83.72,4,4.99,330,76,0.0,0.0,0,1,8,281,Notification,47,0.0,0.5083,309,74,1,313
BG-42-004726,Power Transmission,Madhya Pradesh,Bhopal,72.14,156,6,2,5,2,69.85,5,45.84,79,46,36.55,35.64,53,1,50,131,Objections,163,55.74,0.3155,317,55,1,325
BG-42-004727,Metro,Tamil Nadu,Coimbatore,45.82,148,7,0,8,1,100.0,0,100.0,0,0,94.09,77.72,132,2,16,118,Rehabilitation & Resettlement,63,100.0,0.5194,249,55,0,0
BG-42-004728,Highway,Telangana,Karimnagar,30.11,8,3,1,0,1,74.61,0,26.3,4,73,21.4,11.76,2,2,38,16,Objections,66,33.88,0.5027,410,65,1,193
BG-42-004729,Irrigation,Uttar Pradesh,Varanasi,57.11,146,5,0,3,2,75.14,3,71.64,30,28,87.7,98.6,119,0,0,152,Compensation,52,95.13,0.0171,112,31,0,0
BG-42-004730,Metro,Karnataka,Bengaluru Urban,31.03,95,4,0,2,1,96.22,0,22.51,60,85,12.32,11.02,11,2,18,100,Award,63,11.4,0.6775,152,21,1,184
BG-42-004731,Power Transmission,Karnataka,Kalaburagi,427.35,900,12,1,16,1,80.47,9,5.39,571,68,0.0,9.15,0,5,121,393,Objections,98,0.0,0.5122,315,215,1,568
BG-42-004732,Highway,Maharashtra,Nashik,121.69,187,9,2,2,1,100.0,0,100.0,0,66,95.94,96.5,166,0,7,59,Possession,118,100.0,0.3695,7,43,0,0
BG-42-004733,Highway,Madhya Pradesh,Jabalpur,79.32,109,7,0,2,2,100.0,1,37.21,62,60,19.67,22.74,20,0,17,71,Objections,66,53.9,0.1037,335,60,0,0
BG-42-004734,Power Transmission,Karnataka,Bengaluru Urban,339.54,438,10,1,9,4,96.84,2,67.51,112,43,46.63,45.32,201,1,34,217,Objections,54,59.99,0.1651,325,68,0,0
BG-42-004735,Industrial Corridor,Telangana,Warangal,30.21,123,5,1,2,1,100.0,0,82.31,20,39,94.71,76.63,110,0,5,68,Possession,103,100.0,0.5052,32,99,1,194
BG-42-004736,Railway,Telangana,Karimnagar,76.73,159,7,1,1,2,85.7,4,42.62,54,28,48.64,50.07,71,2,48,68,Rehabilitation & Resettlement,39,51.06,0.3447,246,62,1,140
BG-42-004737,Power Transmission,Uttar Pradesh,Kanpur Nagar,424.0,800,13,1,11,1,84.04,7,56.31,246,82,47.65,55.8,346,2,0,331,Compensation,105,46.32,0.5999,141,121,1,299
BG-42-004738,Metro,Madhya Pradesh,Bhopal,76.31,141,3,2,5,1,72.09,6,0.0,82,83,0.0,4.5,0,5,116,224,Notification,146,0.0,0.3307,324,54,1,383
BG-42-004739,Railway,Madhya Pradesh,Bhopal,606.35,1022,13,0,16,3,86.44,8,0.0,802,103,0.0,0.0,0,4,45,434,Survey,107,2.6,0.5135,417,102,1,470
BG-42-004740,Power Transmission,Madhya Pradesh,Gwalior,160.53,189,4,1,2,1,81.47,0,66.06,54,46,61.43,66.28,105,0,0,180,Compensation,67,98.14,0.2677,145,36,0,0
BG-42-004741,Industrial Corridor,Uttar Pradesh,Agra,243.41,387,9,1,7,2,78.48,4,54.39,107,40,34.1,31.01,128,1,11,168,Survey,182,39.92,0.384,237,67,1,259
BG-42-004742,Metro,Tamil Nadu,Chennai,249.12,280,9,2,5,4,61.59,4,9.11,144,102,10.8,5.35,27,1,9,158,Survey,51,20.27,0.394,367,76,0,0
BG-42-004743,Power Transmission,Maharashtra,Thane,85.74,220,5,4,3,4,81.96,2,63.39,75,52,71.82,67.08,140,1,44,224,Rehabilitation & Resettlement,104,100.0,0.5322,290,95,1,344
BG-42-004744,Metro,Telangana,Karimnagar,57.94,102,2,0,2,0,100.0,3,41.71,53,59,31.02,29.34,30,0,16,167,Objections,21,42.46,0.229,180,61,0,0
BG-42-004745,Irrigation,Telangana,Warangal,78.07,141,5,1,2,2,73.47,3,8.92,80,95,0.0,0.0,0,2,28,82,Notification,82,8.74,0.3992,132,65,1,233
BG-42-004746,Power Transmission,Rajasthan,Kota,38.88,95,5,1,3,1,65.74,2,3.96,65,87,10.34,8.33,9,0,8,74,Notification,114,0.0,0.6972,507,66,1,305
BG-42-004747,Railway,Maharashtra,Nashik,81.23,110,5,2,5,2,75.67,3,56.24,28,56,32.61,35.79,34,2,72,135,Award,66,58.12,0.3582,363,50,0,0
BG-42-004748,Metro,Telangana,Hyderabad,85.33,137,5,1,1,2,88.54,2,47.0,49,42,64.8,65.81,83,2,32,61,Compensation,65,57.92,0.526,7,45,0,0
BG-42-004749,Irrigation,Tamil Nadu,Madurai,330.76,355,8,2,2,4,80.16,0,65.81,77,26,100.0,100.0,343,1,45,180,Rehabilitation & Resettlement,141,89.77,0.4057,147,70,1,283
BG-42-004750,Irrigation,Rajasthan,Jaipur,137.64,163,7,1,4,1,67.66,6,14.99,101,95,0.0,9.82,0,1,0,109,Survey,30,2.17,0.1855,452,74,0,0
BG-42-004751,Highway,Gujarat,Surat,566.85,598,11,2,9,5,82.88,8,12.07,321,71,24.58,22.74,131,2,55,264,Survey,88,35.57,0.4065,393,131,1,458
BG-42-004752,Railway,Karnataka,Mysuru,15.22,48,4,2,0,3,91.94,0,70.68,13,66,84.03,86.76,36,0,20,54,Compensation,137,100.0,0.2944,385,36,0,0
BG-42-004753,Railway,Maharashtra,Pune,32.34,103,4,0,0,0,100.0,1,15.54,52,56,30.64,24.8,28,3,43,82,Objections,59,44.37,0.4166,186,67,0,0
BG-42-004754,Irrigation,Maharashtra,Thane,64.44,66,3,2,2,3,86.96,3,27.62,40,73,36.7,37.69,22,5,53,93,Award,119,26.64,0.1538,212,107,0,0
BG-42-004755,Irrigation,Madhya Pradesh,Jabalpur,282.59,702,9,1,9,3,78.68,4,57.3,202,56,62.27,63.22,424,2,44,344,Possession,68,100.0,0.1674,7,120,0,0
BG-42-004756,Power Transmission,Madhya Pradesh,Gwalior,78.44,190,6,2,6,4,91.95,3,23.16,132,97,28.52,19.11,54,3,62,184,Compensation,115,50.97,0.5134,255,79,1,375
BG-42-004757,Railway,Uttar Pradesh,Varanasi,26.46,56,6,1,0,0,87.81,1,43.56,18,59,24.2,18.29,12,1,38,34,Award,117,24.63,0.5416,254,33,0,0
BG-42-004758,Irrigation,Uttar Pradesh,Lucknow,70.38,191,6,0,1,0,100.0,1,75.56,41,62,80.17,70.01,147,0,33,86,Possession,38,100.0,0.3097,278,27,0,0
BG-42-004759,Highway,Uttar Pradesh,Kanpur Nagar,32.85,75,3,0,3,0,65.96,6,19.82,39,40,0.0,0.0,0,1,0,120,Notification,198,0.0,0.1546,390,27,1,286
BG-42-004760,Railway,Tamil Nadu,Coimbatore,28.08,10,6,2,1,3,83.71,1,92.78,1,0,100.0,97.51,9,2,48,31,Possession,94,100.0,0.5334,224,87,0,0
BG-42-004761,Railway,Rajasthan,Udaipur,423.72,572,9,0,8,1,81.97,3,79.4,90,0,32.9,39.47,176,2,19,335,Award,61,71.9,0.3586,200,71,1,179
BG-42-004762,Metro,Tamil Nadu,Chennai,64.63,175,5,3,1,2,71.22,0,0.0,101,72,2.64,6.49,4,3,98,133,Award,142,28.05,0.5097,148,43,1,369
BG-42-004763,Industrial Corridor,Rajasthan,Kota,98.35,238,7,2,4,1,79.89,2,77.39,32,10,91.24,91.33,215,5,78,171,Possession,141,100.0,0.2818,125,97,0,0
BG-42-004764,Highway,Uttar Pradesh,Lucknow,79.49,166,7,0,4,2,87.0,2,45.18,77,39,23.25,27.3,38,1,42,121,Award,34,20.83,0.1959,189,49,1,159
BG-42-004765,Highway,Gujarat,Rajkot,70.02,143,7,0,5,2,52.06,8,31.01,74,51,48.33,50.75,67,2,18,121,Award,60,48.79,0.5773,283,39,1,138
BG-42-004766,Power Transmission,Madhya Pradesh,Jabalpur,43.71,13,6,0,0,0,89.42,0,50.46,6,37,67.63,73.43,8,0,3,38,Objections,16,55.84,0.2902,139,8,0,0
BG-42-004767,Highway,Karnataka,Mysuru,66.79,100,5,2,4,0,92.66,2,76.59,17,12,89.4,95.71,84,1,3,148,Compensation,87,82.94,0.4189,234,65,0,0
BG-42-004768,Metro,Maharashtra,Nashik,112.14,231,7,1,4,2,81.9,5,63.14,79,39,35.37,49.25,78,3,65,161,Compensation,48,68.38,0.3852,343,120,1,263
BG-42-004769,Highway,Rajasthan,Jodhpur,266.38,290,9,1,4,4,100.0,2,52.65,90,62,51.0,56.18,146,2,8,173,Survey,70,30.25,0.2373,203,92,1,246
BG-42-004770,Railway,Maharashtra,Pune,182.72,212,6,0,5,1,94.24,1,69.17,44,21,71.67,61.25,151,2,32,115,Compensation,81,94.19,0.3763,169,49,0,0
BG-42-004771,Railway,Karnataka,Belagavi,32.29,3,4,1,0,0,70.73,2,35.1,1,57,21.06,30.17,1,2,54,0,Compensation,34,66.57,0.4381,101,79,0,0
BG-42-004772,Industrial Corridor,Telangana,Karimnagar,188.83,389,10,2,9,8,61.59,7,8.7,229,105,8.43,2.0,29,5,86,202,Award,100,41.3,0.4813,119,80,1,330
BG-42-004773,Metro,Uttar Pradesh,Lucknow,125.25,225,7,0,6,4,90.42,5,0.0,153,100,0.0,13.45,0,0,0,173,Notification,111,0.0,0.2111,230,72,1,282
BG-42-004774,Railway,Rajasthan,Kota,51.95,137,7,2,6,1,72.87,6,38.46,56,56,55.08,51.03,75,2,40,102,Award,63,50.97,0.4583,118,67,1,250
BG-42-004775,Power Transmission,Telangana,Nizamabad,99.06,119,5,0,4,0,47.09,6,0.0,112,107,0.0,11.49,0,5,90,110,Notification,98,0.0,0.2616,310,38,1,274
BG-42-004776,Highway,Karnataka,Kalaburagi,135.35,280,6,1,6,1,88.47,4,0.0,239,84,3.61,0.0,9,2,49,215,Notification,52,0.0,0.3885,196,62,0,0
BG-42-004777,Power Transmission,Uttar Pradesh,Agra,88.91,111,6,2,2,1,100.0,1,34.93,43,78,31.29,42.16,33,4,66,104,Award,91,62.53,0.3091,80,31,1,201
BG-42-004778,Highway,Maharashtra,Pune,125.74,296,7,5,9,5,59.04,6,0.0,177,89,6.81,19.58,19,4,72,228,Notification,209,0.98,0.7877,401,105,1,483
BG-42-004779,Irrigation,Uttar Pradesh,Lucknow,42.93,130,4,2,1,1,82.13,3,17.33,94,67,21.08,35.41,25,2,54,134,Objections,122,27.51,0.2437,247,35,1,237
BG-42-004780,Highway,Karnataka,Kalaburagi,421.69,851,11,1,8,0,96.33,3,43.69,371,33,68.19,78.66,519,2,31,328,Compensation,56,77.57,0.16,80,66,0,0
BG-42-004781,Industrial Corridor,Madhya Pradesh,Bhopal,18.29,80,4,1,2,2,41.86,6,9.51,46,81,0.0,1.4,0,4,46,77,Objections,74,9.25,0.4713,252,48,1,237
BG-42-004782,Industrial Corridor,Tamil Nadu,Madurai,135.95,124,5,1,2,1,100.0,2,98.64,1,2,100.0,99.58,121,2,35,135,Possession,58,100.0,0.5604,302,34,0,0
BG-42-004783,Industrial Corridor,Karnataka,Kalaburagi,114.83,133,7,2,6,3,78.18,2,52.66,59,39,21.28,22.43,27,3,70,125,Possession,97,68.61,0.6942,341,85,1,366
BG-42-004784,Power Transmission,Maharashtra,Nagpur,143.22,286,8,1,7,3,100.0,3,64.19,87,43,95.64,86.32,264,0,3,162,Compensation,39,79.23,0.6635,319,95,0,0
BG-42-004785,Highway,Karnataka,Bengaluru Urban,48.58,36,5,1,2,2,77.92,5,100.0,0,27,80.68,78.36,28,1,27,43,Possession,126,100.0,0.396,273,92,0,0
BG-42-004786,Railway,Karnataka,Bengaluru Urban,218.19,531,6,0,3,2,76.72,5,57.76,192,36,64.11,71.2,316,4,51,344,Rehabilitation & Resettlement,51,87.15,0.6096,288,33,1,181
BG-42-004787,Power Transmission,Karnataka,Belagavi,78.54,72,5,1,0,1,94.74,1,0.0,67,94,11.09,24.12,8,2,17,26,Objections,51,46.27,0.2569,190,12,0,0
BG-42-004788,Irrigation,Gujarat,Rajkot,33.15,57,5,2,2,2,93.62,1,48.38,23,55,58.87,55.43,33,2,40,42,Rehabilitation & Resettlement,102,67.07,0.534,350,70,0,0
BG-42-004789,Metro,Madhya Pradesh,Indore,35.66,3,3,1,0,0,48.71,3,0.0,3,72,10.96,7.71,0,1,28,0,Survey,111,10.11,0.2699,289,39,1,191
BG-42-004790,Industrial Corridor,Telangana,Nizamabad,94.61,62,7,0,1,0,100.0,0,45.25,25,40,49.9,62.02,31,4,58,50,Compensation,69,81.98,0.321,86,23,0,0
BG-42-004791,Power Transmission,Madhya Pradesh,Gwalior,23.87,26,5,2,2,0,79.22,2,42.57,13,86,39.2,37.05,10,7,126,29,Award,142,65.33,0.7891,117,48,1,248
BG-42-004792,Power Transmission,Madhya Pradesh,Gwalior,361.55,459,10,1,9,5,70.05,8,0.0,372,83,0.0,0.0,0,3,55,211,Notification,95,0.0,0.6845,257,83,1,354
BG-42-004793,Irrigation,Uttar Pradesh,Varanasi,198.17,302,8,0,6,4,82.18,3,30.24,153,96,4.24,12.84,13,3,25,159,Objections,106,23.81,0.3317,295,50,1,279
BG-42-004794,Power Transmission,Uttar Pradesh,Varanasi,369.25,652,10,0,9,1,100.0,2,69.98,182,20,63.6,62.87,372,1,31,323,Possession,66,100.0,0.7366,150,88,1,259
BG-42-004795,Railway,Gujarat,Rajkot,339.39,389,9,1,8,1,65.43,8,39.8,157,45,0.0,2.22,0,3,40,219,Objections,58,41.72,0.5323,137,79,1,275
BG-42-004796,Industrial Corridor,Tamil Nadu,Salem,64.62,98,4,0,3,1,58.88,4,22.84,69,104,18.08,15.47,16,1,4,120,Survey,21,39.71,0.3847,32,24,0,0
BG-42-004797,Metro,Rajasthan,Jodhpur,42.71,126,4,2,2,3,72.79,1,22.6,61,102,37.29,40.43,46,1,64,122,Survey,66,23.39,0.6952,490,94,0,0
BG-42-004798,Highway,Madhya Pradesh,Jabalpur,10.05,77,3,2,6,2,91.38,3,53.75,31,41,71.61,61.34,50,1,40,115,Award,80,67.68,0.6502,266,82,1,274
BG-42-004799,Power Transmission,Karnataka,Mysuru,61.87,133,7,0,3,0,95.17,1,72.54,28,24,100.0,96.57,125,1,16,109,Rehabilitation & Resettlement,35,95.6,0.6362,303,99,0,0
BG-42-004800,Industrial Corridor,Telangana,Karimnagar,351.61,251,10,1,5,4,87.72,3,72.51,54,0,100.0,99.26,225,2,29,121,Rehabilitation & Resettlement,94,100.0,0.514,124,58,0,0
BG-42-004801,Highway,Madhya Pradesh,Bhopal,44.16,83,6,4,3,0,63.86,5,16.82,45,104,40.48,34.92,32,5,112,87,Award,155,49.24,0.1782,166,79,1,353
BG-42-004802,Industrial Corridor,Rajasthan,Jaipur,72.39,127,4,1,5,5,86.68,4,19.99,75,64,24.99,29.56,30,2,65,146,Survey,84,28.64,0.6293,340,58,1,273
BG-42-004803,Railway,Tamil Nadu,Coimbatore,54.95,58,4,0,3,2,94.18,2,26.86,31,61,23.99,36.68,14,1,39,64,Notification,19,35.71,0.2107,269,41,0,0
BG-42-004804,Highway,Tamil Nadu,Chennai,115.58,142,9,0,8,5,100.0,4,27.9,91,41,55.66,59.74,73,3,61,137,Award,89,45.4,0.8351,180,65,1,254
BG-42-004805,Industrial Corridor,Karnataka,Belagavi,239.58,534,7,0,5,0,87.33,0,58.69,186,59,50.99,48.65,269,3,52,292,Rehabilitation & Resettlement,40,77.63,0.6003,203,87,0,0
BG-42-004806,Power Transmission,Tamil Nadu,Madurai,24.99,57,3,1,2,3,100.0,1,45.41,24,41,54.5,49.4,30,4,36,123,Rehabilitation & Resettlement,98,60.52,0.2963,7,41,0,0
BG-42-004807,Metro,Gujarat,Rajkot,29.13,41,4,0,1,0,72.57,0,45.1,20,56,55.68,39.08,22,0,0,71,Award,27,50.47,0.4263,328,17,0,0
BG-42-004808,Highway,Rajasthan,Kota,281.26,488,11,1,12,3,67.55,7,27.1,297,66,47.37,39.1,222,5,85,233,Compensation,127,48.12,0.371,65,104,1,432
BG-42-004809,Industrial Corridor,Karnataka,Belagavi,153.92,155,6,0,5,2,99.51,1,82.4,26,46,93.62,89.07,133,2,24,137,Award,55,99.66,0.5145,136,56,0,0
BG-42-004810,Highway,Rajasthan,Kota,69.58,109,6,0,3,2,97.68,2,91.17,6,27,74.18,78.57,80,1,6,87,Compensation,50,100.0,0.2718,78,61,0,0
BG-42-004811,Irrigation,Telangana,Hyderabad,335.51,755,10,4,13,5,78.46,5,0.0,523,107,0.0,0.0,0,2,56,357,Award,204,0.5,0.4815,112,128,1,515
BG-42-004812,Highway,Maharashtra,Nagpur,28.73,40,2,3,1,3,100.0,0,72.86,9,38,81.67,84.61,31,3,44,62,Compensation,201,92.42,0.5891,138,73,1,215
BG-42-004813,Irrigation,Maharashtra,Pune,180.36,146,7,1,1,1,59.5,3,9.84,120,62,13.34,21.71,19,1,0,74,Award,45,22.06,0.3003,280,85,1,295
BG-42-004814,Highway,Madhya Pradesh,Jabalpur,81.08,235,5,3,5,3,88.31,4,98.14,4,0,86.55,80.12,182,5,86,234,Possession,149,100.0,0.2412,214,62,0,0
BG-42-004815,Highway,Gujarat,Rajkot,139.11,244,7,0,1,0,97.34,1,57.02,81,15,83.95,84.62,196,2,41,138,Award,119,79.18,0.0358,232,23,0,0
BG-42-004816,Metro,Rajasthan,Udaipur,12.68,20,5,0,1,0,80.65,3,18.5,11,76,5.31,13.59,1,2,34,29,Notification,56,10.88,0.4152,317,74,0,0
BG-42-004817,Power Transmission,Madhya Pradesh,Jabalpur,69.51,101,5,1,1,2,69.1,3,71.33,24,47,42.93,41.39,41,0,50,54,Objections,24,48.69,0.4252,139,55,0,0
BG-42-004818,Irrigation,Rajasthan,Jodhpur,154.38,282,6,0,1,0,95.48,3,17.62,191,91,21.05,19.22,55,2,48,97,Award,83,53.98,0.4822,170,11,1,185
BG-42-004819,Metro,Rajasthan,Udaipur,81.4,202,8,0,3,0,87.59,2,68.24,57,30,25.54,20.47,49,0,16,94,Compensation,17,85.14,0.2899,275,35,0,0
BG-42-004820,Railway,Karnataka,Kalaburagi,233.75,350,7,1,2,1,96.92,5,66.72,85,37,83.22,76.61,287,2,56,216,Compensation,120,100.0,0.2959,162,62,1,263
BG-42-004821,Highway,Telangana,Warangal,227.57,418,6,0,7,2,73.87,4,82.22,44,11,83.64,71.92,324,1,0,289,Rehabilitation & Resettlement,27,99.77,0.3927,322,74,0,0
BG-42-004822,Industrial Corridor,Telangana,Hyderabad,39.77,75,6,3,5,4,63.19,6,42.71,26,59,31.87,25.08,22,1,9,80,Objections,96,36.39,0.4674,70,118,1,316
BG-42-004823,Railway,Tamil Nadu,Madurai,165.54,260,7,0,4,1,81.05,5,57.84,96,51,58.51,55.45,144,2,39,178,Compensation,59,80.13,0.3286,433,50,0,0
BG-42-004824,Irrigation,Gujarat,Vadodara,38.7,3,5,0,2,0,85.17,2,82.81,0,6,66.03,67.0,2,0,33,26,Compensation,44,77.25,0.2321,204,29,1,20
BG-42-004825,Metro,Gujarat,Rajkot,89.41,147,8,0,1,1,100.0,0,39.94,68,57,51.82,59.39,75,0,0,60,Award,38,49.38,0.6137,133,84,0,0
BG-42-004826,Power Transmission,Maharashtra,Thane,144.73,179,5,0,2,1,90.05,0,48.33,67,49,94.94,82.86,152,3,14,150,Award,209,91.54,0.1331,151,40,0,0
BG-42-004827,Power Transmission,Karnataka,Bengaluru Urban,43.89,50,4,2,1,3,71.23,8,66.09,11,41,71.81,60.63,34,2,59,66,Survey,86,53.04,0.4659,145,44,0,0
BG-42-004828,Highway,Rajasthan,Jodhpur,160.7,308,5,1,7,0,60.49,6,12.26,238,79,14.98,23.95,42,4,63,317,Award,126,7.98,0.1952,125,56,1,366
BG-42-004829,Metro,Rajasthan,Udaipur,57.15,127,5,1,4,2,95.73,4,90.7,7,37,77.53,72.72,96,3,54,151,Rehabilitation & Resettlement,156,100.0,0.2403,175,72,0,0
BG-42-004830,Irrigation,Gujarat,Surat,53.81,106,4,0,3,1,100.0,0,71.07,24,38,51.29,54.33,49,1,11,112,Possession,65,92.01,0.3578,203,53,0,0
BG-42-004831,Railway,Tamil Nadu,Coimbatore,150.7,222,5,0,3,1,83.52,0,47.84,81,53,86.66,92.83,170,3,28,178,Compensation,43,85.44,0.3329,200,52,0,0
BG-42-004832,Industrial Corridor,Telangana,Warangal,43.87,107,5,0,1,1,86.01,0,34.92,41,70,20.07,22.29,19,0,0,58,Objections,27,8.97,0.0994,370,51,0,0
BG-42-004833,Irrigation,Uttar Pradesh,Kanpur Nagar,42.12,30,4,2,3,0,75.18,3,58.29,11,40,36.09,34.29,11,4,67,53,Compensation,120,67.27,0.2349,18,54,0,0
BG-42-004834,Highway,Karnataka,Belagavi,196.95,370,6,0,10,1,100.0,5,58.87,107,57,41.25,45.49,151,0,0,308,Rehabilitation & Resettlement,146,92.17,0.3004,202,99,0,0
BG-42-004835,Irrigation,Maharashtra,Nashik,93.4,94,4,0,4,1,80.12,2,37.0,39,75,42.97,42.41,37,0,0,118,Objections,36,41.36,0.2604,298,66,0,0
BG-42-004836,Railway,Madhya Pradesh,Indore,26.75,81,4,0,3,0,99.37,1,81.77,13,11,87.82,82.5,70,1,12,75,Rehabilitation & Resettlement,93,86.09,0.3986,258,39,0,0
BG-42-004837,Industrial Corridor,Gujarat,Surat,169.78,189,5,0,5,0,85.31,4,0.0,117,87,21.04,19.21,35,1,51,162,Notification,21,11.1,0.3903,101,77,0,0
BG-42-004838,Railway,Uttar Pradesh,Lucknow,61.85,98,5,1,4,0,84.75,2,13.03,79,76,1.62,0.0,2,1,7,91,Notification,101,4.52,0.1875,254,53,0,0
BG-42-004839,Metro,Karnataka,Kalaburagi,27.87,62,6,1,2,1,72.02,2,0.0,40,102,0.96,0.95,1,0,18,69,Survey,36,24.11,0.3593,199,38,0,0
BG-42-004840,Highway,Maharashtra,Thane,11.52,67,4,2,1,2,79.03,0,8.33,45,95,0.0,0.0,0,0,18,80,Survey,55,32.83,0.7234,270,56,1,377
BG-42-004841,Highway,Karnataka,Mysuru,176.4,198,6,0,5,1,100.0,3,100.0,0,0,100.0,100.0,196,2,12,161,Possession,69,100.0,0.6305,57,51,1,114
BG-42-004842,Railway,Maharashtra,Pune,43.04,58,5,2,5,0,66.77,3,2.14,45,91,13.54,11.23,8,1,28,98,Award,121,25.23,0.5418,172,66,1,417
BG-42-004843,Railway,Rajasthan,Kota,31.66,79,3,1,3,2,81.39,2,35.18,47,87,43.08,33.61,33,2,39,113,Objections,67,60.28,0.4151,193,73,0,0
BG-42-004844,Industrial Corridor,Karnataka,Belagavi,142.81,296,7,0,5,2,88.04,4,21.13,156,63,22.34,15.38,61,4,61,172,Award,79,53.17,0.6781,81,48,1,219
BG-42-004845,Highway,Karnataka,Belagavi,163.14,342,7,2,9,5,68.49,7,37.2,141,83,42.73,34.17,143,2,38,242,Award,115,65.88,0.4874,178,84,1,391
BG-42-004846,Highway,Tamil Nadu,Madurai,45.62,92,3,0,5,4,74.93,2,30.65,49,89,37.38,27.37,33,3,60,153,Objections,52,24.64,0.1682,199,31,0,0
BG-42-004847,Highway,Gujarat,Vadodara,177.7,142,8,2,6,0,74.44,6,2.38,89,93,0.0,10.82,0,3,48,123,Survey,133,32.24,0.4202,252,68,1,386
BG-42-004848,Metro,Uttar Pradesh,Lucknow,443.15,999,8,0,15,2,77.83,9,70.97,162,52,37.48,45.5,372,3,24,500,Compensation,71,82.27,0.5011,52,119,1,354
BG-42-004849,Highway,Karnataka,Bengaluru Urban,251.47,521,7,1,14,5,80.42,9,18.27,368,56,18.85,8.46,87,2,74,342,Survey,121,29.15,0.4368,361,113,1,401
BG-42-004850,Highway,Gujarat,Ahmedabad,222.04,249,7,4,9,0,86.76,5,55.58,93,64,67.19,57.92,163,1,49,207,Rehabilitation & Resettlement,146,88.88,0.4709,205,128,1,380
BG-42-004851,Industrial Corridor,Uttar Pradesh,Lucknow,110.09,180,5,0,4,1,58.31,6,39.11,92,61,16.38,7.04,29,1,3,122,Survey,37,32.55,0.2597,430,41,0,0
BG-42-004852,Power Transmission,Karnataka,Kalaburagi,60.04,134,6,3,9,4,72.65,7,73.67,28,32,100.0,100.0,130,0,53,152,Rehabilitation & Resettlement,133,100.0,0.3988,7,84,1,288
BG-42-004853,Industrial Corridor,Gujarat,Vadodara,81.88,221,6,1,4,1,82.11,7,56.15,88,38,42.07,41.69,86,6,58,130,Rehabilitation & Resettlement,95,83.63,0.5015,169,63,1,245
BG-42-004854,Railway,Madhya Pradesh,Jabalpur,121.83,164,6,1,2,2,93.86,0,19.23,104,84,15.21,16.37,24,0,20,135,Survey,76,29.73,0.3313,551,53,0,0
BG-42-004855,Power Transmission,Rajasthan,Kota,31.31,86,4,0,4,1,35.52,7,20.79,54,71,0.0,0.0,0,0,0,127,Notification,17,10.74,0.6353,363,64,1,181
BG-42-004856,Industrial Corridor,Karnataka,Bengaluru Urban,46.27,120,5,0,7,1,92.11,5,84.79,16,26,65.88,54.64,74,6,40,164,Possession,95,100.0,0.3988,123,69,0,0
BG-42-004857,Industrial Corridor,Tamil Nadu,Chennai,27.32,74,6,0,6,1,78.03,5,53.69,31,93,60.14,53.88,41,2,21,75,Award,44,54.68,0.3271,98,83,1,157
BG-42-004858,Highway,Rajasthan,Udaipur,103.35,117,4,1,5,3,70.23,6,31.83,71,61,24.22,28.32,26,2,13,117,Compensation,138,33.46,0.3081,45,68,1,258
BG-42-004859,Highway,Madhya Pradesh,Indore,91.51,112,7,1,1,1,51.93,6,0.0,92,67,0.0,16.51,0,1,62,109,Notification,90,0.0,0.5949,128,29,1,244
BG-42-004860,Metro,Madhya Pradesh,Jabalpur,50.8,28,4,1,2,2,98.13,2,7.65,16,70,0.0,0.0,0,1,16,48,Objections,80,36.81,0.5255,263,40,0,0
BG-42-004861,Highway,Madhya Pradesh,Gwalior,165.07,227,8,0,4,3,89.25,2,69.43,49,28,75.77,83.74,169,0,0,96,Award,103,64.59,0.6605,138,70,0,0
BG-42-004862,Industrial Corridor,Telangana,Hyderabad,37.13,50,5,0,0,0,83.64,0,100.0,0,0,84.92,88.08,42,2,30,29,Possession,123,100.0,0.3615,7,17,1,57
BG-42-004863,Railway,Rajasthan,Udaipur,49.31,53,6,0,1,0,55.45,7,0.0,43,89,34.75,25.67,17,0,9,25,Objections,18,47.61,0.6514,193,12,1,180
BG-42-004864,Highway,Gujarat,Vadodara,159.88,236,9,2,4,2,60.83,1,17.6,162,107,42.0,43.84,89,3,59,142,Rehabilitation & Resettlement,123,48.29,0.7857,191,77,1,273
BG-42-004865,Highway,Gujarat,Surat,180.02,469,6,1,8,0,65.26,7,18.43,297,105,42.88,42.41,186,3,66,312,Compensation,140,54.72,0.5748,102,86,1,398
BG-42-004866,Highway,Gujarat,Surat,45.31,97,6,1,2,1,73.0,4,0.0,56,91,10.46,10.42,9,3,68,66,Survey,74,0.0,0.1717,36,25,1,236
BG-42-004867,Metro,Gujarat,Ahmedabad,103.09,221,6,1,6,3,79.95,2,28.29,97,78,59.19,63.17,129,0,12,193,Objections,69,46.05,0.3389,138,76,0,0
BG-42-004868,Highway,Karnataka,Bengaluru Urban,45.92,123,4,1,3,0,86.77,6,3.76,67,104,18.01,30.51,20,2,44,138,Objections,84,14.19,0.5521,396,39,1,215
BG-42-004869,Metro,Madhya Pradesh,Bhopal,73.12,55,8,0,2,0,100.0,2,42.35,29,101,56.24,59.9,31,1,41,36,Award,41,48.53,0.2696,263,32,0,0
BG-42-004870,Railway,Maharashtra,Thane,96.07,111,7,0,2,0,78.48,3,66.88,22,33,55.09,54.26,55,0,4,53,Compensation,98,82.55,0.4538,133,25,1,78
BG-42-004871,Industrial Corridor,Uttar Pradesh,Lucknow,134.06,344,6,0,5,2,85.21,2,16.29,207,56,44.67,38.24,140,0,1,244,Award,33,41.32,0.063,202,63,0,0
BG-42-004872,Irrigation,Uttar Pradesh,Kanpur Nagar,110.39,224,7,1,4,0,64.79,7,0.0,135,84,0.0,0.0,0,4,53,108,Objections,98,2.25,0.5997,263,47,1,337
BG-42-004873,Power Transmission,Madhya Pradesh,Bhopal,106.54,160,6,3,1,2,82.85,4,23.67,88,67,47.7,48.02,68,2,38,108,Compensation,125,79.89,0.7188,189,49,1,244
BG-42-004874,Industrial Corridor,Maharashtra,Nashik,36.13,66,4,1,3,5,100.0,2,66.07,13,44,68.77,64.53,44,0,21,86,Compensation,41,75.86,0.131,265,47,0,0
BG-42-004875,Railway,Uttar Pradesh,Lucknow,116.82,104,5,1,3,1,83.15,6,64.63,28,52,64.41,68.92,59,3,76,93,Award,97,39.06,0.6778,368,34,0,0
BG-42-004876,Industrial Corridor,Tamil Nadu,Coimbatore,133.07,139,7,0,5,0,98.65,3,56.97,48,40,71.49,83.64,99,5,61,95,Compensation,255,81.9,0.587,199,31,0,0
BG-42-004877,Irrigation,Maharashtra,Nagpur,148.58,232,6,0,7,3,61.45,7,24.06,149,52,42.01,28.16,88,1,31,202,Survey,42,33.69,0.4747,308,55,1,190
BG-42-004878,Metro,Karnataka,Kalaburagi,48.15,95,5,1,2,0,74.87,3,65.56,18,26,57.75,51.25,49,2,58,90,Compensation,120,74.52,0.8417,127,48,0,0
BG-42-004879,Highway,Uttar Pradesh,Kanpur Nagar,178.12,228,8,1,4,3,67.27,6,62.06,80,57,60.58,72.46,133,4,88,117,Award,73,72.15,0.2224,334,55,0,0
BG-42-004880,Power Transmission,Madhya Pradesh,Jabalpur,29.85,31,4,1,0,0,74.23,3,0.0,21,81,40.07,39.03,11,1,42,0,Objections,69,21.04,0.4757,373,36,0,0
BG-42-004881,Highway,Uttar Pradesh,Varanasi,60.66,142,7,2,2,3,84.56,1,0.29,78,141,21.28,28.84,29,3,64,90,Survey,83,32.78,0.6126,206,58,1,295
BG-42-004882,Power Transmission,Madhya Pradesh,Gwalior,68.69,158,5,0,6,0,64.77,4,100.0,0,0,100.0,90.04,149,1,12,185,Compensation,31,100.0,0.4662,283,97,0,0
BG-42-004883,Highway,Gujarat,Rajkot,31.19,93,6,0,1,2,89.01,1,46.86,43,29,67.46,69.08,57,1,7,58,Compensation,79,64.62,0.2961,364,9,0,0
BG-42-004884,Highway,Telangana,Hyderabad,67.86,149,6,0,1,0,75.57,3,38.7,67,37,24.15,20.11,35,0,11,89,Objections,32,42.98,0.2625,316,24,0,0
BG-42-004885,Power Transmission,Telangana,Nizamabad,102.23,150,8,0,4,1,94.83,2,100.0,0,27,95.75,93.53,140,0,17,107,Rehabilitation & Resettlement,49,100.0,0.7082,258,105,0,0
BG-42-004886,Industrial Corridor,Gujarat,Rajkot,19.87,147,6,1,5,2,58.3,4,100.0,0,5,48.45,43.94,63,3,21,114,Rehabilitation & Resettlement,61,100.0,0.7333,7,60,0,0
BG-42-004887,Industrial Corridor,Gujarat,Surat,62.44,55,3,0,3,0,80.43,3,36.24,22,49,19.07,30.16,10,0,21,87,Survey,20,35.44,0.1402,322,88,0,0
BG-42-004888,Power Transmission,Karnataka,Belagavi,21.14,73,4,1,0,0,85.43,0,39.39,32,91,46.77,40.93,34,3,31,85,Compensation,82,89.58,0.6876,176,21,0,0
BG-42-004889,Power Transmission,Gujarat,Surat,438.44,807,10,1,12,0,88.94,5,37.29,372,14,36.63,43.77,276,3,66,383,Award,76,47.93,0.51,259,103,1,356
BG-42-004890,Metro,Maharashtra,Nashik,101.49,195,6,1,1,1,58.2,1,93.98,10,20,72.84,71.4,137,5,72,155,Possession,67,100.0,0.7726,7,21,1,119
BG-42-004891,Irrigation,Gujarat,Ahmedabad,94.7,91,5,0,0,1,85.91,1,0.0,67,80,0.0,12.32,0,1,28,68,Survey,53,5.43,0.0909,75,9,1,213
BG-42-004892,Railway,Gujarat,Ahmedabad,103.1,144,5,2,3,3,80.3,4,29.54,95,116,7.92,11.03,10,1,50,139,Objections,81,33.82,0.4527,7,63,0,0
BG-42-004893,Highway,Telangana,Nizamabad,138.88,289,5,1,4,3,90.54,3,43.33,112,47,38.94,26.49,107,4,72,221,Award,67,26.96,0.2963,223,82,0,0
BG-42-004894,Power Transmission,Gujarat,Rajkot,187.26,144,8,0,1,0,95.78,1,64.09,30,20,46.54,45.65,60,0,0,68,Objections,38,77.27,0.2113,153,29,0,0
BG-42-004895,Railway,Tamil Nadu,Madurai,24.51,3,5,0,1,0,90.78,1,96.88,0,20,73.99,70.71,2,1,47,19,Compensation,52,84.2,0.1611,73,27,0,0
BG-42-004896,Irrigation,Tamil Nadu,Chennai,244.24,480,8,0,10,1,72.92,7,37.14,228,61,61.32,64.41,272,2,28,317,Award,37,51.61,0.5729,197,78,1,200
BG-42-004897,Highway,Rajasthan,Jaipur,231.98,484,8,1,10,3,100.0,5,0.0,335,101,0.0,0.0,0,1,13,291,Survey,52,9.12,0.3119,214,102,1,435
BG-42-004898,Highway,Uttar Pradesh,Varanasi,81.2,27,5,0,3,0,92.14,3,39.89,14,46,58.49,44.45,15,3,52,68,Award,56,78.41,0.2037,231,56,1,220
BG-42-004899,Highway,Tamil Nadu,Chennai,77.87,120,4,0,4,0,67.06,6,89.73,7,2,69.32,64.69,80,2,18,165,Possession,49,100.0,0.304,106,59,1,124
BG-42-004900,Industrial Corridor,Uttar Pradesh,Varanasi,8.0,3,3,1,1,3,100.0,0,82.13,0,8,96.27,90.71,3,0,0,56,Rehabilitation & Resettlement,54,100.0,0.5008,84,111,1,216
BG-42-004901,Power Transmission,Rajasthan,Udaipur,31.65,88,4,1,3,0,96.39,3,25.6,38,74,42.89,40.91,35,3,39,108,Award,91,45.24,0.334,155,31,0,0
BG-42-004902,Railway,Karnataka,Bengaluru Urban,129.68,171,8,1,7,5,86.12,4,12.01,98,84,6.05,6.66,9,1,27,146,Objections,56,9.42,0.3151,464,79,0,0
BG-42-004903,Highway,Gujarat,Vadodara,223.74,491,7,1,14,1,85.77,7,0.0,378,96,16.35,20.22,72,2,26,352,Survey,45,31.06,0.4733,529,138,1,383
BG-42-004904,Railway,Tamil Nadu,Salem,153.4,218,7,2,8,3,100.0,1,100.0,0,59,100.0,100.0,198,4,64,187,Possession,106,100.0,0.3041,158,85,1,256
BG-42-004905,Railway,Tamil Nadu,Coimbatore,80.59,196,7,0,1,1,82.05,0,84.59,23,45,84.18,62.95,150,1,0,116,Rehabilitation & Resettlement,69,100.0,0.1244,156,121,0,0
BG-42-004906,Industrial Corridor,Uttar Pradesh,Agra,399.69,648,9,0,7,1,100.0,2,69.09,115,29,90.38,92.71,522,3,67,303,Compensation,30,85.92,0.2094,135,47,1,241
BG-42-004907,Industrial Corridor,Maharashtra,Thane,191.36,411,9,2,7,2,100.0,2,94.0,14,12,96.71,100.0,355,3,59,192,Possession,93,100.0,0.5731,120,141,1,269
BG-42-004908,Highway,Rajasthan,Jodhpur,62.49,96,4,1,6,2,60.99,7,32.24,36,87,0.0,0.0,0,4,49,131,Survey,59,0.0,0.4935,362,80,0,0
BG-42-004909,Railway,Gujarat,Surat,490.63,543,12,0,3,2,100.0,2,90.1,34,27,62.72,55.91,304,3,68,131,Compensation,57,100.0,0.4593,280,36,0,0
BG-42-004910,Industrial Corridor,Madhya Pradesh,Jabalpur,35.63,79,4,2,2,1,81.48,5,0.0,65,101,29.89,21.01,23,2,20,86,Survey,104,6.51,0.4274,408,41,1,320
BG-42-004911,Highway,Tamil Nadu,Madurai,26.38,82,4,1,7,0,71.35,5,0.0,51,102,0.0,5.18,0,4,45,114,Survey,82,6.31,0.3629,168,88,1,394
BG-42-004912,Railway,Rajasthan,Jodhpur,61.14,64,7,1,2,1,82.66,3,3.0,36,70,0.0,0.78,0,3,42,61,Award,83,9.2,0.5584,191,31,1,268
BG-42-004913,Industrial Corridor,Rajasthan,Jaipur,46.67,140,4,0,4,0,71.84,2,2.69,129,98,35.56,29.09,47,4,43,202,Award,81,25.87,0.7522,181,99,0,0
BG-42-004914,Railway,Gujarat,Vadodara,63.95,72,6,1,0,2,100.0,4,100.0,0,0,100.0,99.39,66,2,30,63,Possession,128,100.0,0.2937,255,68,0,0
BG-42-004915,Highway,Rajasthan,Jaipur,162.14,166,7,0,6,2,89.97,6,28.56,76,60,11.91,6.76,18,0,19,123,Objections,10,15.42,0.4628,139,39,0,0
BG-42-004916,Highway,Telangana,Hyderabad,83.33,134,5,1,4,0,84.99,2,76.59,19,42,85.4,79.96,106,1,44,152,Rehabilitation & Resettlement,123,100.0,0.4783,253,57,0,0
BG-42-004917,Power Transmission,Telangana,Hyderabad,85.06,187,5,2,2,4,86.49,4,52.16,79,70,71.54,69.86,122,1,52,153,Rehabilitation & Resettlement,68,93.77,0.3279,33,50,1,267
BG-42-004918,Highway,Maharashtra,Nashik,89.75,224,5,0,5,1,87.43,1,72.55,49,0,89.75,89.3,179,3,69,210,Compensation,47,74.2,0.3441,13,42,0,0
BG-42-004919,Power Transmission,Tamil Nadu,Chennai,13.47,60,2,0,0,0,97.36,0,97.75,1,36,100.0,92.07,58,0,0,100,Possession,105,100.0,0.397,21,45,0,0
BG-42-004920,Metro,Gujarat,Surat,25.48,14,4,0,0,0,69.75,2,15.23,10,90,24.26,19.47,3,1,28,37,Award,31,55.62,0.3724,146,31,1,191
BG-42-004921,Metro,Rajasthan,Jaipur,62.91,138,6,0,0,0,76.78,0,71.5,34,13,53.57,65.33,69,1,7,65,Award,35,59.49,0.2833,236,2,0,0
BG-42-004922,Power Transmission,Uttar Pradesh,Kanpur Nagar,43.63,126,5,1,4,2,84.07,4,0.0,69,83,0.0,0.0,0,1,13,88,Survey,56,0.0,0.8232,149,47,1,279
BG-42-004923,Railway,Karnataka,Kalaburagi,71.13,156,7,2,5,2,70.88,6,0.0,108,99,0.0,0.0,0,5,55,111,Objections,92,0.0,0.6607,194,77,1,374
BG-42-004924,Highway,Rajasthan,Jodhpur,263.3,387,10,4,6,1,80.31,2,74.46,69,39,100.0,100.0,365,5,124,193,Possession,184,100.0,0.9606,153,85,0,0
BG-42-004925,Highway,Gujarat,Vadodara,80.68,78,5,1,3,1,76.07,3,39.76,27,35,47.28,40.61,36,5,98,72,Award,101,81.23,0.2732,393,33,0,0
BG-42-004926,Industrial Corridor,Maharashtra,Pune,29.73,49,4,1,2,4,76.07,1,37.53,23,45,37.15,30.91,17,2,80,80,Objections,36,32.79,0.5969,429,33,1,151
BG-42-004927,Metro,Rajasthan,Jaipur,45.4,80,6,1,3,2,62.79,5,11.22,43,94,43.05,35.39,33,5,90,80,Survey,79,33.05,0.528,60,51,1,218
BG-42-004928,Power Transmission,Madhya Pradesh,Gwalior,336.45,412,10,1,8,1,96.32,4,47.85,119,33,42.47,32.5,163,0,23,203,Award,25,69.56,0.6043,216,69,0,0
BG-42-004929,Metro,Rajasthan,Kota,291.78,682,9,2,15,0,68.85,8,72.68,105,36,70.14,79.66,446,6,86,391,Rehabilitation & Resettlement,103,100.0,0.4718,52,182,1,465
BG-42-004930,Railway,Madhya Pradesh,Bhopal,137.92,292,6,1,7,3,81.57,4,26.63,173,77,25.07,19.58,71,1,48,166,Objections,89,31.79,0.3959,60,57,1,260
BG-42-004931,Railway,Tamil Nadu,Madurai,24.53,54,3,2,2,4,100.0,1,77.72,11,38,92.55,90.48,45,0,30,95,Rehabilitation & Resettlement,77,100.0,0.36,211,42,0,0
BG-42-004932,Highway,Maharashtra,Pune,109.45,275,7,2,8,0,77.32,4,62.01,63,39,73.1,63.9,181,1,11,211,Compensation,85,72.56,0.5566,19,105,1,280
BG-42-004933,Power Transmission,Gujarat,Ahmedabad,116.39,222,4,0,3,1,100.0,0,93.49,9,0,96.92,97.95,194,1,22,199,Rehabilitation & Resettlement,77,100.0,0.4194,310,93,0,0
BG-42-004934,Highway,Karnataka,Mysuru,87.39,84,3,1,1,1,72.67,4,30.08,46,46,8.18,1.57,6,2,15,126,Objections,49,35.51,0.5081,269,39,1,187
BG-42-004935,Irrigation,Maharashtra,Nagpur,54.27,42,6,1,1,1,67.0,4,28.17,21,74,11.87,15.81,4,5,82,27,Compensation,76,53.81,0.3556,305,51,0,0
BG-42-004936,Highway,Karnataka,Belagavi,64.06,117,4,2,5,0,42.91,8,0.0,81,79,15.07,5.8,16,4,87,150,Survey,98,0.0,0.5935,239,126,1,420
BG-42-004937,Metro,Madhya Pradesh,Gwalior,51.33,105,5,1,3,0,84.82,1,24.16,58,108,7.85,18.75,8,2,33,94,Objections,63,27.87,0.6329,432,51,1,233
BG-42-004938,Highway,Telangana,Hyderabad,34.26,99,6,0,2,0,70.98,3,100.0,0,1,100.0,93.33,95,1,7,43,Rehabilitation & Resettlement,18,100.0,0.7349,353,20,0,0
BG-42-004939,Power Transmission,Tamil Nadu,Chennai,255.39,286,7,0,2,0,100.0,0,57.56,106,44,23.25,23.81,64,3,79,151,Compensation,132,70.06,0.394,163,24,1,205
BG-42-004940,Highway,Rajasthan,Kota,173.44,171,5,2,2,4,93.82,5,48.11,77,45,58.07,58.83,99,1,39,100,Survey,94,49.29,0.7663,233,37,1,259
BG-42-004941,Industrial Corridor,Tamil Nadu,Salem,68.17,171,5,0,4,0,76.29,2,35.34,89,69,32.83,37.84,54,2,43,155,Rehabilitation & Resettlement,84,49.62,0.2559,242,58,0,0
BG-42-004942,Irrigation,Karnataka,Belagavi,113.49,293,5,2,6,3,57.95,8,4.49,173,57,0.0,0.0,0,3,65,254,Notification,87,0.0,0.6218,190,88,1,366
BG-42-004943,Industrial Corridor,Madhya Pradesh,Jabalpur,116.95,124,6,2,2,2,55.59,3,8.61,70,96,35.76,26.36,40,2,64,99,Compensation,69,57.75,0.7992,301,86,0,0
BG-42-004944,Highway,Telangana,Hyderabad,557.97,511,12,0,6,3,91.94,4,85.26,59,13,100.0,95.04,488,2,45,184,Possession,31,100.0,0.3603,147,63,1,139
BG-42-004945,Power Transmission,Tamil Nadu,Salem,172.1,339,8,0,5,2,91.42,3,44.59,144,99,74.32,81.29,237,1,16,169,Compensation,67,62.21,0.4828,156,43,1,161
BG-42-004946,Metro,Tamil Nadu,Salem,166.97,302,7,0,4,1,99.33,1,66.0,67,31,67.2,63.64,195,0,0,190,Rehabilitation & Resettlement,83,95.79,0.3901,7,129,0,0
BG-42-004947,Highway,Telangana,Nizamabad,88.27,126,7,0,0,0,92.98,1,62.1,38,21,34.96,46.48,39,0,0,19,Compensation,187,63.39,0.4362,199,13,0,0
BG-42-004948,Metro,Uttar Pradesh,Kanpur Nagar,60.49,101,6,2,3,0,70.32,3,74.87,19,52,24.26,38.58,24,2,48,91,Rehabilitation & Resettlement,108,75.4,0.1555,7,46,1,255
BG-42-004949,Power Transmission,Uttar Pradesh,Varanasi,258.83,605,8,0,11,4,84.2,4,69.81,124,33,55.01,52.74,305,2,52,376,Compensation,237,72.88,0.2649,341,94,1,392
BG-42-004950,Railway,Uttar Pradesh,Varanasi,144.29,166,7,0,2,0,81.84,2,72.37,39,2,47.19,62.24,70,2,60,92,Compensation,78,74.72,0.8172,86,39,1,158
BG-42-004951,Power Transmission,Uttar Pradesh,Agra,44.1,101,3,0,5,1,100.0,4,0.0,83,115,20.16,15.35,19,3,40,183,Survey,45,0.0,0.1999,266,46,1,267
BG-42-004952,Industrial Corridor,Rajasthan,Jaipur,123.11,159,8,2,2,1,98.59,1,84.46,19,5,86.27,86.21,123,5,117,95,Rehabilitation & Resettlement,112,100.0,0.3591,170,53,0,0
BG-42-004953,Metro,Maharashtra,Nagpur,167.32,123,7,1,5,1,70.94,3,2.65,111,81,0.0,0.87,0,3,61,133,Objections,95,0.0,0.3894,163,64,1,289
BG-42-004954,Railway,Uttar Pradesh,Varanasi,16.01,35,2,2,2,1,74.54,7,58.22,12,54,59.71,68.84,19,4,75,92,Possession,156,100.0,0.3153,308,57,0,0
BG-42-004955,Industrial Corridor,Uttar Pradesh,Kanpur Nagar,40.94,44,4,0,2,0,93.14,1,2.71,40,85,10.94,17.65,5,1,26,53,Survey,17,0.0,0.4107,343,31,0,0
BG-42-004956,Railway,Tamil Nadu,Salem,114.46,147,7,0,5,2,100.0,1,35.21,72,73,34.91,32.54,47,4,71,118,Objections,127,46.08,0.287,200,87,1,296
BG-42-004957,Highway,Tamil Nadu,Chennai,18.36,38,3,0,4,1,65.14,8,46.14,16,24,43.99,37.35,15,4,58,70,Rehabilitation & Resettlement,62,55.04,0.3638,77,32,0,0
BG-42-004958,Railway,Uttar Pradesh,Lucknow,20.84,42,4,1,1,1,54.31,1,30.21,21,63,10.11,11.25,4,0,17,32,Objections,145,28.75,0.1988,160,68,0,0
BG-42-004959,Irrigation,Tamil Nadu,Salem,68.97,196,6,2,7,2,75.14,4,0.0,113,80,27.53,30.65,48,4,88,185,Objections,106,1.5,0.436,373,67,1,376
BG-42-004960,Railway,Madhya Pradesh,Bhopal,126.88,176,6,0,2,1,86.13,3,91.34,14,23,100.0,100.0,174,1,42,118,Rehabilitation & Resettlement,24,100.0,0.2017,305,20,0,0
BG-42-004961,Highway,Rajasthan,Jodhpur,131.66,178,5,0,3,1,100.0,0,24.5,105,83,24.6,35.73,43,0,9,134,Survey,7,15.81,0.0268,212,59,0,0
BG-42-004962,Highway,Rajasthan,Jodhpur,303.66,258,9,1,6,0,64.1,7,33.46,116,58,4.32,0.25,11,2,39,177,Survey,53,32.38,0.6317,314,60,1,333
BG-42-004963,Highway,Tamil Nadu,Madurai,91.45,153,4,1,6,3,61.13,7,27.37,64,66,22.8,16.51,34,3,37,194,Award,61,21.37,0.5418,263,74,1,271
BG-42-004964,Irrigation,Madhya Pradesh,Bhopal,63.55,160,4,1,5,0,69.53,8,5.93,91,76,12.31,14.17,19,1,21,129,Objections,68,10.76,0.3887,395,47,0,0
BG-42-004965,Metro,Maharashtra,Nashik,30.09,119,3,1,3,1,68.52,5,32.77,75,45,64.7,52.43,76,0,37,174,Objections,69,44.93,0.2035,385,73,0,0
BG-42-004966,Industrial Corridor,Rajasthan,Udaipur,62.95,87,5,0,1,4,62.94,3,0.0,61,96,0.0,10.52,0,3,46,56,Notification,78,0.0,0.3061,263,24,1,212
BG-42-004967,Power Transmission,Karnataka,Mysuru,150.81,164,5,2,2,1,67.53,2,48.56,74,39,97.2,88.71,153,3,75,152,Award,128,65.67,0.0836,329,60,0,0
BG-42-004968,Railway,Telangana,Nizamabad,156.36,413,7,0,8,3,100.0,2,46.67,140,47,36.51,35.45,142,4,44,289,Objections,107,35.39,0.4006,346,57,0,0
BG-42-004969,Power Transmission,Uttar Pradesh,Agra,105.82,114,7,0,1,1,57.36,2,26.41,49,75,51.2,38.46,52,0,14,91,Notification,47,5.87,0.1444,291,22,1,191
BG-42-004970,Irrigation,Tamil Nadu,Madurai,132.65,206,8,2,5,3,73.52,5,57.25,77,22,50.82,43.18,101,2,57,148,Compensation,98,100.0,0.6454,107,51,0,0
BG-42-004971,Power Transmission,Maharashtra,Thane,237.72,399,7,1,5,5,91.45,0,56.0,145,48,55.81,58.94,213,1,58,262,Compensation,58,82.43,0.0891,27,78,1,320
BG-42-004972,Industrial Corridor,Telangana,Karimnagar,90.94,131,5,0,3,1,98.65,2,0.0,121,66,0.0,0.0,0,2,0,74,Notification,80,16.02,0.2589,513,86,1,216
BG-42-004973,Metro,Uttar Pradesh,Varanasi,255.66,394,9,0,10,7,74.34,4,27.7,246,70,0.0,0.0,0,0,27,207,Objections,62,20.42,0.6128,307,105,1,325
BG-42-004974,Power Transmission,Tamil Nadu,Salem,47.88,121,5,2,6,2,68.0,6,67.88,29,42,80.08,91.62,86,3,61,157,Possession,76,100.0,0.3534,260,62,1,285
BG-42-004975,Highway,Telangana,Nizamabad,80.75,182,5,0,4,0,84.9,2,39.74,90,40,78.07,79.9,138,1,22,134,Compensation,89,76.63,0.1535,7,33,0,0
BG-42-004976,Power Transmission,Maharashtra,Thane,58.28,90,4,0,2,0,100.0,2,37.05,50,61,49.3,44.36,42,1,0,90,Award,133,82.91,0.1706,197,45,0,0
BG-42-004977,Railway,Uttar Pradesh,Varanasi,161.44,273,7,1,5,1,54.68,2,72.62,70,41,34.28,21.29,86,1,1,196,Award,50,63.63,0.2932,256,96,0,0
BG-42-004978,Industrial Corridor,Karnataka,Mysuru,38.03,101,2,1,6,2,87.76,5,3.82,67,65,5.98,13.93,5,0,25,276,Survey,107,4.8,0.553,265,74,0,0
BG-42-004979,Irrigation,Karnataka,Belagavi,66.19,126,6,0,4,1,97.31,2,71.88,31,30,78.49,90.1,96,0,35,116,Rehabilitation & Resettlement,11,100.0,0.2556,108,93,0,0
BG-42-004980,Industrial Corridor,Maharashtra,Nashik,19.34,48,5,0,0,0,95.97,0,100.0,0,0,89.15,69.39,42,3,49,39,Possession,79,100.0,0.5089,165,9,0,0
BG-42-004981,Highway,Karnataka,Mysuru,137.76,280,6,1,3,1,88.97,3,82.08,39,38,68.35,55.18,173,4,91,145,Possession,125,90.33,0.4292,13,52,0,0
BG-42-004982,Industrial Corridor,Madhya Pradesh,Indore,232.16,354,6,2,6,3,56.31,7,0.0,283,54,0.0,4.84,0,2,0,262,Survey,83,0.0,0.2665,273,62,0,0
BG-42-004983,Irrigation,Uttar Pradesh,Kanpur Nagar,177.43,181,9,2,3,1,90.92,0,11.74,88,93,0.0,0.0,0,3,29,98,Objections,125,15.44,0.3747,196,42,0,0
BG-42-004984,Industrial Corridor,Madhya Pradesh,Indore,164.04,199,7,0,5,0,70.48,5,0.0,162,62,0.0,5.67,0,1,0,162,Survey,43,17.88,0.4194,513,37,1,185
BG-42-004985,Power Transmission,Tamil Nadu,Madurai,167.59,190,8,2,6,4,63.93,7,23.09,110,68,0.57,0.0,1,1,54,149,Objections,87,18.17,0.8202,169,104,1,325
BG-42-004986,Power Transmission,Telangana,Warangal,149.87,290,5,1,7,2,91.04,1,50.11,100,75,69.05,77.9,198,1,37,279,Objections,60,49.92,0.4354,333,65,1,258
BG-42-004987,Power Transmission,Maharashtra,Nashik,139.98,382,5,0,4,5,97.59,2,96.33,12,0,80.53,67.58,276,1,20,271,Compensation,73,95.17,0.2078,135,44,0,0
BG-42-004988,Railway,Maharashtra,Pune,147.4,335,7,1,4,0,55.94,7,0.0,274,94,0.0,0.0,0,1,45,215,Survey,56,0.0,0.2138,257,41,0,0
BG-42-004989,Metro,Maharashtra,Nashik,50.68,107,6,0,1,0,91.06,1,86.84,11,0,100.0,95.81,97,2,28,61,Possession,55,100.0,0.0532,14,49,0,0
BG-42-004990,Power Transmission,Madhya Pradesh,Indore,72.96,87,4,0,6,3,81.11,3,0.0,63,109,0.0,3.53,0,2,56,109,Survey,44,0.0,0.5726,332,86,1,331
BG-42-004991,Irrigation,Gujarat,Rajkot,90.58,167,6,0,0,0,80.2,0,16.8,86,78,1.09,0.0,2,1,50,90,Notification,22,1.14,0.1241,192,63,0,0
BG-42-004992,Highway,Gujarat,Surat,65.46,54,3,1,4,0,96.76,0,72.4,12,80,82.93,78.8,44,1,0,101,Rehabilitation & Resettlement,35,86.75,0.141,7,35,0,0
BG-42-004993,Highway,Madhya Pradesh,Bhopal,24.46,85,3,5,4,3,96.17,1,39.18,48,81,52.25,47.31,44,2,81,138,Compensation,137,100.0,0.7929,291,113,1,483
BG-42-004994,Railway,Tamil Nadu,Coimbatore,31.88,49,4,1,0,1,66.01,4,50.33,21,66,32.19,14.73,14,2,52,20,Objections,112,30.3,0.3514,161,51,1,236
BG-42-004995,Power Transmission,Gujarat,Vadodara,102.92,164,7,1,1,0,83.35,3,46.01,59,51,53.54,47.99,78,0,0,115,Compensation,104,84.55,0.617,343,72,0,0
BG-42-004996,Irrigation,Rajasthan,Jaipur,176.73,201,5,0,6,3,55.54,6,43.13,80,85,35.2,26.78,64,8,78,208,Survey,108,15.99,0.2611,211,61,0,0
BG-42-004997,Industrial Corridor,Rajasthan,Jaipur,86.27,130,7,1,0,0,88.18,0,22.16,77,74,15.44,17.33,19,0,13,89,Survey,53,35.42,0.1635,206,37,1,192
BG-42-004998,Highway,Gujarat,Surat,782.0,1307,13,2,20,8,68.0,11,37.73,746,89,13.16,6.01,160,3,64,500,Award,83,35.44,0.7025,102,157,1,504
BG-42-004999,Railway,Uttar Pradesh,Kanpur Nagar,41.03,15,6,3,3,2,86.13,4,0.0,13,68,4.39,8.05,1,2,65,30,Objections,115,13.93,0.5133,278,53,1,319
BG-42-005000,Power Transmission,Maharashtra,Nashik,122.24,147,7,3,3,3,90.61,0,51.93,46,60,60.81,54.92,84,5,114,129,Compensation,148,71.8,0.6853,77,79,0,0
